ResponseId,Job,1,1002,106,107,11,112,115,118,122,128,14,16,161,167,173,18,182,19,196,197,20,217,22,220,222,224,227,237,249,258,259,270,272,281,30,338,341,352,354,36,366,367,368,372,381,384,385,412,421,427,433,436,444,445,477,479,482,484,487,490,500,504,505,508,522,533,534,540,558,561,565,570,575,584,589,594,606,627,630,633,636,643,645,646,661,663,664,665,677,68,689,697,698,699,701,704,715,731,736,741,749,75,768,776,785,788,796,801,802,807,812,814,816,86,862,867,87,872,875,88,884,885,899,911,915,92,921,926,932,938,945,966,976,978,981,983,992,r_1,r_1002,r_11,r_112,r_14,r_18,r_19,r_220,r_259,r_272,r_368,r_385,r_433,r_436,r_479,r_484,r_500,r_570,r_606,r_627,r_664,r_68,r_699,r_715,r_776,r_801,r_872,r_884,r_921,r_983,10,104,116,123,134,135,140,142,143,146,15,162,195,199,203,213,228,23,247,25,277,278,28,283,288,289,29,296,300,303,305,313,316,318,32,324,325,333,340,342,347,351,361,364,371,377,399,410,411,417,43,442,45,455,456,462,463,465,472,476,485,492,507,518,519,52,530,538,541,543,548,550,554,555,56,581,586,600,601,610,614,617,622,626,635,642,647,651,659,67,672,680,694,707,712,719,739,754,756,76,763,767,78,784,790,811,815,818,823,825,833,84,847,854,856,876,881,893,9,90,900,909,922,924,933,947,958,961,970,979,982,984,986,988,99,991,r_104,r_195,r_25,r_278,r_29,r_303,r_371,r_377,r_417,r_462,r_465,r_52,r_530,r_538,r_541,r_600,r_601,r_622,r_694,r_719,r_739,r_763,r_784,r_811,r_823,r_854,r_856,r_876,r_90,r_922,1003,101,117,137,138,148,150,155,17,180,181,189,190,201,202,205,209,212,225,233,234,254,256,26,260,265,268,27,275,297,3,308,309,314,335,34,355,380,387,39,396,4,402,404,408,422,424,426,443,448,450,451,454,459,48,491,50,526,531,539,544,566,568,583,590,598,603,604,621,623,625,637,638,640,641,644,657,662,666,667,692,7,70,706,709,713,717,720,723,727,728,730,737,748,750,751,774,791,80,800,808,809,820,821,824,826,829,832,834,836,837,841,846,853,855,860,863,870,877,886,887,895,898,903,912,927,93,943,952,959,960,962,963,967,974,989,998,r_137,r_155,r_181,r_189,r_209,r_212,r_225,r_268,r_4,r_402,r_408,r_424,r_426,r_454,r_539,r_568,r_583,r_692,r_70,r_717,r_730,r_800,r_826,r_846,r_870,r_903,r_927,r_93,r_962,r_989,103,111,121,130,141,144,153,154,176,183,187,192,193,2,204,208,215,219,239,24,240,242,248,250,251,266,276,287,290,292,294,302,304,310,311,321,332,339,356,358,360,38,382,383,389,392,394,395,401,405,41,415,42,420,438,44,447,457,458,461,471,475,480,483,499,514,515,517,521,524,529,537,551,556,564,571,573,574,58,592,596,597,6,602,615,63,648,65,670,671,681,682,686,691,714,726,740,743,752,753,757,766,770,773,781,797,819,827,838,839,843,848,85,850,857,859,878,879,883,892,897,901,902,905,906,910,928,944,946,949,95,954,956,957,975,977,985,r_103,r_111,r_141,r_153,r_187,r_208,r_292,r_311,r_394,r_41,r_420,r_438,r_471,r_480,r_551,r_556,r_564,r_571,r_592,r_597,r_682,r_752,r_753,r_766,r_797,r_827,r_838,r_843,r_949,r_975,105,113,119,120,124,13,132,158,165,166,179,185,200,210,211,216,221,223,230,236,244,245,253,255,267,273,279,280,284,293,315,326,328,330,334,35,350,373,374,388,400,407,414,416,423,435,437,452,460,464,474,488,495,496,497,5,501,510,511,512,516,545,546,559,572,577,579,585,587,588,593,599,605,609,611,613,624,64,649,653,654,656,658,676,679,684,702,708,711,72,729,733,74,746,758,759,77,771,772,775,780,782,783,792,798,803,805,806,810,813,82,830,831,842,849,861,864,866,868,869,880,896,904,908,91,913,914,917,931,934,936,964,996,999,r_105,r_119,r_166,r_223,r_279,r_280,r_326,r_388,r_437,r_488,r_497,r_545,r_546,r_588,r_605,r_611,r_624,r_679,r_711,r_729,r_733,r_77,r_775,r_798,r_805,r_831,r_866,r_868,r_91,r_913,100,1000,102,108,109,125,133,149,151,156,159,160,163,168,170,175,177,184,186,188,191,198,206,207,229,238,241,271,274,282,295,299,301,306,312,323,337,345,348,349,365,370,375,379,386,40,409,413,428,434,439,441,446,46,466,467,468,478,481,486,49,494,498,502,503,51,513,527,528,536,54,549,557,560,562,563,569,580,582,591,595,607,608,652,655,66,674,678,683,688,695,71,716,734,738,742,745,755,762,764,765,777,778,779,787,79,793,804,828,83,840,851,852,865,874,889,891,916,925,930,935,937,939,94,940,950,953,955,965,969,97,972,973,980,987,995,r_109,r_125,r_149,r_156,r_323,r_337,r_349,r_370,r_468,r_481,r_49,r_494,r_502,r_503,r_536,r_563,r_569,r_678,r_688,r_71,r_765,r_778,r_852,r_865,r_930,r_940,r_97,r_972,r_973,r_987,Age,Gender,Q25_5_TEXT,Education_Level,Education_Level_7_TEXT,Ethnicity,Ethnicity_7_TEXT,Group,Test-Retest_Correlation
R_3JIXSsmJow8Hyer,Retail Sales Associate,,,,,,,,,,,,,,,,,,,,,,,,,,,,,,,,,,,,,,,,,,,,,,,,,,,,,,,,,,,,,,,,,,,,,,,,,,,,,,,,,,,,,,,,,,,,,,,,,,,,,,,,,,,,,,,,,,,,,,,,,,,,,,,,,,,,,,,,,,,,,,,,,,,,,,,,,,,,,,,,,,,,,,,,,,,,,,,,,,,,,,,,,,,,,,,,,,,,,,,,,,,,,,,,,,,,,,,,,,,,,,,,,,,,,,,,,,,,,,,,,,,,,,,,,,,,,,,,,,,,,,,,,,,,,,,,,,,,,,,,,,,,,,,,,,,,,,,,,,,,,,,,,,,,,,,,,,,,,,,,,,,,,,,,,,,,,,,,,,,,,,,,,,,,,,,,,,,,,,,,,,,,,,,,,,,,,,,,,,,,,,,,,,,,,,,,,,,,,,,,,,,,,,,,,,,,,,,,,,,,,,,,,,,,,,,,,,,,,,,,,,,,,,,,,,,,,,,,,,,,,,,,,,,,,,,,,,,,,,,,,,,,,,,,,,,,,,,,,,,,,,,,,,,,,,,,,,,,,,,,,,,,,,,,,,,,,,,,,,,,,,,,,,,,,,,,,,,,,,,,,,,,,,,,,,,,,,,,,,,,,,,,,,,,,,,,,,,,,,,,,,,,,,,,,,,,,,,,,,,,,,,,,,,,,,,,,,,,,,,,,,,,,,,,,,,,,,,,,,,,,,,,,,,,10,51,61,0,10,10,5,5,4,6,30,10,10,5,30,50,25,40,10,6,50,30,10,27,5,30,10,19,5,10,10,15,2,51,19,10,60,30,5,50,50,5,2,10,5,30,17,30,3,15,20,0,0,42,20,5,10,30,5,30,20,9,14,0,3,70,10,81,50,20,5,30,40,10,61,5,20,0,40,30,10,20,10,10,19,20,20,4,7,0,15,10,20,0,10,30,35,20,15,10,10,10,20,10,40,4,7,19,38,42,30,5,30,40,10,5,60,72,10,10,30,70,30,30,2,11,30,10,11,20,5,10,4,14,40,20,6,49,4,25,30,31,51,10,20,20,5,6,30,40,40,10,10,15,42,61,10,40,10,20,70,23,2,5,,,,,,,,,,,,,,,,,,,,,,,,,,,,,,,,,,,,,,,,,,,,,,,,,,,,,,,,,,,,,,,,,,,,,,,,,,,,,,,,,,,,,,,,,,,,,,,,,,,,,,,,,,,,,,,,,,,,,,,,,,,,,,,,,,,,,,,,,,,,,,,,,,,,,,,,,,,,,,,,,,,,,,,18-24,Male,,Bachelor's degree,,Black or African American,,5,0.606284145
R_5htPjkgj3cfFns5,Financial Advisor,,,,,,,,,,,,,,,,,,,,,,,,,,,,,,,,,,,,,,,,,,,,,,,,,,,,,,,,,,,,,,,,,,,,,,,,,,,,,,,,,,,,,,,,,,,,,,,,,,,,,,,,,,,,,,,,,,,,,,,,,,,,,,,,,,,,,,,,,,,,,,,,,,,,,,,,,,,,,,,,,,,,,,,,,,,,,,,,,,,,,,,,,,,,,,,,,,,,,,,,,,,,,,,,,,,,,,,,,,,,,,,,,,,,,,,,,,,,,,,,,,,,,,,,,,,,,,,,,,,,,,,,,,,,,,,,,,,,,,,,,,,,,,,,,,,,,,,,,,,,,,,,,,,,,,,,,,,,,,,,,,,,,,,,,,,,,,,,,,,,,,,,,,,,,,,,,,,,,,,,,,,,,,,,,,,,,,,,,,,,,,,,,,,,,,,,,,,,,,,,,,,,,,,,,,,,,,,,,,,,,,,,,,,,,,,,,,,,,,,,,,,,,,,,,,,,,,,,,,,,,,,,,,,,,,,,,,,,,,,,,,,,,,,,,,,,,,,,,,,,,,,,,,,,,,,,,,,,,,,,,,,,,,,,,,,,,,,,,,,,,,,,,,,,,,,,,,,,,,,,,,,,,,,,,,,,,,,,,,,,,,,,,,,,,,,,,,,,,,,,,,,,,,,,,,,,,,,,,,,,,,,,,,,,,,,,,,,,,,,,,,,,,,,,,,,,,,,,,,,,,,,,,,,,,,,,,,,,,,,,,,,,,,,,,,,,,,,,,,,,,,,,,,,,,,,,,,,,,,,,,,,,,,,,,,,,,,,,,,,,,,,,,,,,,,,,,,,,,,,,,,,,,,,,,,,,,,,,,,,,,,,,,,,,,,,,,,,,,,,,,,,,,,,,,,,,,,,,,,,,,,,,,,,,,,,,64,56,81,64,71,50,64,84,73,73,41,47,76,83,41,78,90,75,66,72,84,57,85,64,31,53,77,64,75,43,69,63,57,49,75,45,30,68,70,70,79,65,57,89,42,37,48,61,89,72,67,45,67,74,62,87,28,72,59,67,73,52,62,75,30,75,84,71,40,69,29,76,87,32,83,61,51,56,55,54,32,85,66,71,72,31,76,31,40,70,72,40,53,76,38,53,76,64,76,66,86,72,76,52,49,55,63,39,75,88,61,79,69,46,76,78,56,65,77,70,73,49,75,77,68,70,31,60,71,57,81,72,69,52,70,51,75,75,72,40,51,32,62,72,41,53,68,52,66,36,86,72,40,55,73,41,71,50,56,82,77,65,67,54,67,78,18-24,Female,,Graduate degree,,Asian,,6,0.55895433
R_6HAEseuOqCnIjmP,Financial Advisor,,,,,,,,,,,,,,,,,,,,,,,,,,,,,,,,,,,,,,,,,,,,,,,,,,,,,,,,,,,,,,,,,,,,,,,,,,,,,,,,,,,,,,,,,,,,,,,,,,,,,,,,,,,,,,,,,,,,,,,,,,,,,,,,,,,,,,,,,,,,,,,,,,,,,,,,,,,,,,,,,,,,,,,,,,,,,,,,,,,,,,,,,,,,,,,,,,,,,,,,,,,,,,,,,,,,,,,,,,,,,,,,,,,,,,,,,,,,,,,,,,,,,,,,,,,,,,,,,,,,,,,,,,,,,,,,,,,,,,,,,,,,,,,,,,,,,,,,,,,,,,,,,,,,,,,,,,,,,,,,,,,,,,,,,,,,,,,,,,,,,,,,,,,,,,,,,,,,,,,,,,,,,,,,,,,,,,,,,,,,,,,,,,,,,,,,,,,,,,,,,,,,,,,,,,,,,,,,,,,,,,,,,,,,,,,,,,,,,,,,,,,,,,,,,,,,,,,,,,,,,,,,,,,,,,,,,,,,,,,,,,,,,,,,,,,,,,,,,,,,,,,,,,,,,,,,,,,,,,,,,,,,,,,,,,,,,,,,,,,,,,,,,,,,,,,,,,,,,,,,,,,,,,,,,,,,,,,,,,,,,,,,,,,,,,,,,,,,,,,,,,,,,,,,,,,,,,,,,,,,,,,,,,,,,,,,,,,,,,,,,,,,,,,,,,,,,,,,,,,,,,,,,,,,44,28,37,21,43,70,96,24,24,77,58,41,42,86,54,13,30,62,86,65,38,34,70,10,21,22,4,61,7,77,67,76,84,46,31,75,18,28,26,35,23,64,16,43,58,8,73,51,4,90,70,21,74,39,26,49,36,40,44,77,85,29,27,25,63,46,64,55,7,68,86,31,71,81,26,14,28,64,23,37,75,62,64,69,54,31,59,70,85,42,66,19,3,66,36,13,53,25,25,5,66,88,14,47,15,31,89,56,51,59,30,76,34,35,87,64,10,25,31,62,56,45,49,25,17,13,36,61,78,28,71,30,15,37,24,69,16,73,13,52,46,54,81,64,27,43,23,68,62,22,16,71,84,54,17,63,46,18,72,59,71,41,34,7,,,,,,,,,,,,,,,,,,,,,,,,,,,,,,,,,,,,,,,,,,,,,,,,,,,,,,,,,,,,,,,,,,,,,,,,,,,,,,,,,,,,,,,,,,,,,,,,,,,,,,,,,,,,,,,,,,,,,,,,,,,,,,,,,,,,,,,,,,,,,,,,,,,,,,,,,,,,,,,,,,,,,,,55-64,Female,,Graduate degree,,White / Caucasian,,5,0.57998894
R_5QhFuXKAcs69p5L,Risk Analyst,,,,,,,,,,,,,,,,,,,,,,,,,,,,,,,,,,,,,,,,,,,,,,,,,,,,,,,,,,,,,,,,,,,,,,,,,,,,,,,,,,,,,,,,,,,,,,,,,,,,,,,,,,,,,,,,,,,,,,,,,,,,,,,,,,,,,,,,,,,,,,,,,,,,,,,,,,,,,,,,,,,,,,,,46,47,61,61,62,52,71,60,67,68,65,59,61,66,46,74,56,64,61,53,74,59,72,66,70,69,59,50,65,52,72,71,67,61,63,69,65,67,57,50,74,69,67,72,75,69,71,60,66,70,61,9,49,44,67,61,56,68,69,68,61,66,60,56,60,60,54,70,67,76,69,66,71,48,62,61,63,48,32,71,65,49,57,73,59,64,59,62,48,64,70,62,58,61,66,69,64,73,47,53,69,70,64,57,62,57,73,62,56,68,59,46,62,60,57,38,65,73,52,61,82,43,60,66,54,67,64,70,56,60,76,67,55,50,61,87,46,56,44,61,62,58,70,70,65,47,69,65,66,66,66,50,48,56,69,53,53,69,54,54,72,61,44,31,64,65,,,,,,,,,,,,,,,,,,,,,,,,,,,,,,,,,,,,,,,,,,,,,,,,,,,,,,,,,,,,,,,,,,,,,,,,,,,,,,,,,,,,,,,,,,,,,,,,,,,,,,,,,,,,,,,,,,,,,,,,,,,,,,,,,,,,,,,,,,,,,,,,,,,,,,,,,,,,,,,,,,,,,,,,,,,,,,,,,,,,,,,,,,,,,,,,,,,,,,,,,,,,,,,,,,,,,,,,,,,,,,,,,,,,,,,,,,,,,,,,,,,,,,,,,,,,,,,,,,,,,,,,,,,,,,,,,,,,,,,,,,,,,,,,,,,,,,,,,,,,,,,,,,,,,,,,,,,,,,,,,,,,,,,,,,,,,,,,,,,,,,,,,,,,,,,,,,,,,,,,,,,,,,,,,,,,,,,,,,,,,,,,,,,,,,,,,,,,,,,,,,,,,,,,,,,,,,,,,,,,,,,,,,,,,,,,,,,,,,,,,,,,,,,,,,,,,,,,,,,,,,,,,,,,,,,,,,,,,,,,,,,,,,,,,,,,,,,,,,,,,,,,,,,,,,,,,,,,,,,,,,,,,,,,,,,,,,,,,,,,,,,,,,,,,,,,,,,,,,,,,,,,,,,,,,,,,,,,,,,,,,,,,,,,,,,,,,,,,,,,,,,,,,,,,,,,,,,,,,,,,,,,,,,,,,,,,,,,,,,,,,,,,,,,,,,,,,,,,,,,,,,,,45-54,Male,,Bachelor's degree,,Asian,,2,0.657809886
R_3B4JDO51B6feJor,Retail Sales Associate,,,,,,,,,,,,,,,,,,,,,,,,,,,,,,,,,,,,,,,,,,,,,,,,,,,,,,,,,,,,,,,,,,,,,,,,,,,,,,,,,,,,,,,,,,,,,,,,,,,,,,,,,,,,,,,,,,,,,,,,,,,,,,,,,,,,,,,,,,,,,,,,,,,,,,,,,,,,,,,,,,,,,,,,,,,,,,,,,,,,,,,,,,,,,,,,,,,,,,,,,,,,,,,,,,,,,,,,,,,,,,,,,,,,,,,,,,,,,,,,,,,,,,,,,,,,,,,,,,,,,,,,,,,,,,,,,,,,,,,,,,,,,,,,,,,,,,,,,,,,,,,,,,,,,,,,,,,,,,,,,,,,,,,,,,,,,,,,,,,,,,,,,,,,,,,,,,,,,,,,,,,,,,,,,,,,,,,,,,,,,,,,,,,,,,,,,,,,,,,,,,,,,,,,,,,,,,,,,,,,,,,,,,,,,,,,,,,,,,,,,,,,,,,,,,,,,,,,,,,,,,,,,,,,,,,,,,,,,,,,,,,,,,,,,,,,,,,,,,,,,35,55,75,44,100,17,32,56,63,100,100,68,3,54,75,32,42,91,100,14,62,30,64,72,38,69,91,34,0,70,59,2,0,35,42,13,30,27,35,95,29,82,15,81,59,100,41,55,6,98,30,36,44,100,74,100,48,35,95,8,33,66,0,77,100,100,14,70,55,39,14,68,46,62,18,60,79,32,59,0,93,10,38,100,61,100,38,21,42,45,66,90,57,97,86,0,76,85,7,29,100,44,78,65,22,21,34,98,66,38,40,83,70,88,82,60,63,34,80,67,55,50,45,65,54,40,39,80,80,86,0,63,43,28,70,28,94,40,36,100,49,98,30,27,21,31,42,100,48,42,0,72,67,38,61,35,28,100,31,41,47,27,94,61,95,85,70,,,,,,,,,,,,,,,,,,,,,,,,,,,,,,,,,,,,,,,,,,,,,,,,,,,,,,,,,,,,,,,,,,,,,,,,,,,,,,,,,,,,,,,,,,,,,,,,,,,,,,,,,,,,,,,,,,,,,,,,,,,,,,,,,,,,,,,,,,,,,,,,,,,,,,,,,,,,,,,,,,,,,,,,,,,,,,,,,,,,,,,,,,,,,,,,,,,,,,,,,,,,,,,,,,,,,,,,,,,,,,,,,,,,,,,,,,,,,,,,,,,,,,,,,,,,,,,,,,,,,,,,,,,,,,,,,,,,,,,,,,,,,,,,,,,,,,,,,,,,,,,,,,,,,,,,,,,,,,,,,,,,,,,,,,,45-54,Male,,Bachelor's degree,,Hispanic or Latino,,4,0.802577899
R_5YxkENN9xaeFhxn,Retail Sales Associate,,,,,,,,,,,,,,,,,,,,,,,,,,,,,,,,,,,,,,,,,,,,,,,,,,,,,,,,,,,,,,,,,,,,,,,,,,,,,,,,,,,,,,,,,,,,,,,,,,,,,,,,,,,,,,,,,,,,,,,,,,,,,,,,,,,,,,,,,,,,,,,,,,,,,,,,,,,,,,,,,,,,,,,,,,,,,,,,,,,,,,,,,,,,,,,,,,,,,,,,,,,,,,,,,,,,,,,,,,,,,,,,,,,,,,,,,,,,,,,,,,,,,,,,,,,,,,,,,,,,,,,,,,,,,,,,,,,,,,,,,,,,,,,,,,,,,,,,,,,,,,,,,,,,,,,,,,,,,,,,,,,,,,,,,,,,,,,,,,,,,,,,,,,,,,,,,,,,,,,,,,,,,,,,,,,,,,,,,,,,,,,,,,,,,,,,,,,,,,,,,,,,,,,,,,,,,,,,,,,,,,,,,,,,,,,,,,,,,,,,,,,,,,,,,,,,,,,,,,,,,,,,,,,,,,,,,,,,,,,,,,,,,,,,,,,,,,,,,,,,,,,,,,,,,,,,,,,,,,,,,,,,,,,,,,,,,,,,,,,,,,,,,,,,,,,,,,,,,,,,,,,,,,,,,,,,,,,,,,,,,,,,,,,,,,,,,,,,,,,,,,,,,,,,,,,,,,,,,,,,,,,,,,,,,,,,,,,,,,,,,,,,,,,,,,,,,,,,,,,,,,,,,,,,59,74,35,62,30,42,19,49,57,52,94,55,9,50,66,90,51,39,50,27,44,52,9,86,59,41,39,74,68,30,54,10,19,52,42,35,18,60,55,29,51,61,66,25,21,59,10,100,100,26,43,43,30,18,51,50,50,50,20,39,35,67,57,38,38,59,66,74,100,17,9,29,54,38,55,63,81,57,63,15,52,49,27,39,53,50,46,5,14,43,7,56,48,8,33,41,48,46,83,36,24,18,30,31,95,48,22,35,48,60,52,10,24,37,23,43,88,63,60,90,53,100,49,68,33,82,58,22,31,58,25,47,60,53,50,90,62,4,27,50,34,45,23,43,87,56,70,29,32,74,82,48,13,25,53,6,38,76,47,33,56,40,62,76,,,,,,,,,,,,,,,,,,,,,,,,,,,,,,,,,,,,,,,,,,,,,,,,,,,,,,,,,,,,,,,,,,,,,,,,,,,,,,,,,,,,,,,,,,,,,,,,,,,,,,,,,,,,,,,,,,,,,,,,,,,,,,,,,,,,,,,,,,,,,,,,,,,,,,,,,,,,,,,,,,,,,,,45-54,Female,,Some college,,Black or African American,,5,0.571480846
R_5gDhcDiryujsUlb,Retail Sales Associate,,,,,,,,,,,,,,,,,,,,,,,,,,,,,,,,,,,,,,,,,,,,,,,,,,,,,,,,,,,,,,,,,,,,,,,,,,,,,,,,,,,,,,,,,,,,,,,,,,,,,,,,,,,,,,,,,,,,,,,,,,,,,,,,,,,,,,,,,,,,,,,,,,,,,,,,,,,,,,,,,,,,,,,,100,100,100,100,100,100,100,100,100,100,100,100,100,100,100,100,100,100,100,100,100,100,100,100,100,100,100,100,100,100,100,100,100,100,100,100,100,100,100,100,100,100,100,100,100,100,100,100,100,100,100,0,100,100,100,100,100,100,100,100,100,100,100,100,100,100,100,100,100,100,100,100,100,100,100,100,100,100,100,100,100,100,100,100,100,100,100,100,100,100,100,100,100,100,100,100,100,100,100,100,100,100,100,100,100,100,100,100,100,100,100,100,100,100,100,0,100,100,100,100,100,100,100,100,100,100,100,100,100,100,100,100,100,100,100,100,100,100,100,100,100,100,100,100,100,100,100,100,100,100,100,100,100,100,100,100,100,100,100,100,100,100,100,0,100,100,,,,,,,,,,,,,,,,,,,,,,,,,,,,,,,,,,,,,,,,,,,,,,,,,,,,,,,,,,,,,,,,,,,,,,,,,,,,,,,,,,,,,,,,,,,,,,,,,,,,,,,,,,,,,,,,,,,,,,,,,,,,,,,,,,,,,,,,,,,,,,,,,,,,,,,,,,,,,,,,,,,,,,,,,,,,,,,,,,,,,,,,,,,,,,,,,,,,,,,,,,,,,,,,,,,,,,,,,,,,,,,,,,,,,,,,,,,,,,,,,,,,,,,,,,,,,,,,,,,,,,,,,,,,,,,,,,,,,,,,,,,,,,,,,,,,,,,,,,,,,,,,,,,,,,,,,,,,,,,,,,,,,,,,,,,,,,,,,,,,,,,,,,,,,,,,,,,,,,,,,,,,,,,,,,,,,,,,,,,,,,,,,,,,,,,,,,,,,,,,,,,,,,,,,,,,,,,,,,,,,,,,,,,,,,,,,,,,,,,,,,,,,,,,,,,,,,,,,,,,,,,,,,,,,,,,,,,,,,,,,,,,,,,,,,,,,,,,,,,,,,,,,,,,,,,,,,,,,,,,,,,,,,,,,,,,,,,,,,,,,,,,,,,,,,,,,,,,,,,,,,,,,,,,,,,,,,,,,,,,,,,,,,,,,,,,,,,,,,,,,,,,,,,,,,,,,,,,,,,,,,,,,,,,,,,,,,,,,,,,,,,,,,,,,,,,,,,,,,,,,,,,,25-34,Female,,Bachelor's degree,,White / Caucasian,,2,1
R_5TH3hpf4U0qmFli,Risk Analyst,,,,,,,,,,,,,,,,,,,,,,,,,,,,,,,,,,,,,,,,,,,,,,,,,,,,,,,,,,,,,,,,,,,,,,,,,,,,,,,,,,,,,,,,,,,,,,,,,,,,,,,,,,,,,,,,,,,,,,,,,,,,,,,,,,,,,,,,,,,,,,,,,,,,,,,,,,,,,,,,,,,,,,,,,,,,,,,,,,,,,,,,,,,,,,,,,,,,,,,,,,,,,,,,,,,,,,,,,,,,,,,,,,,,,,,,,,,,,,,,,,,,,,,,,,,,,,,,,,,,,,,,,,,,,,,,,,,,,,,,,,,,,,,,,,,,,,,,,,,,,,,,,,,,,,,,,,,,,,,,,,,,,,,,,,,,,,,,,,,,,,,,,,,,,,,,,,,,,,,,,,,,,,,,,,,,,,,,,,,,,,,,,,,,,,,,,,,,,,,,,,,,,,,,,,,,,,,,,,,,,,,,,,,,,,,,,,,,,,,,,,,,,,,,,,,,,,,,,,,,,,,,,,,,,,,,,,,,,,,,,,,,,,,,,,,,,,,,,,,,,,,,,,,,,,,,,,,,,,,,,,,,,,,,,,,,,,,,,,,,,,,,,,,,,,,,,,,,,,,,,,,,,,,,,,,,,,,,,,,,,,,,,,,,,,,,,,,,,,,,,,,,,,,,,,,,,,,,,,,,,,,,,,,,,,,,,,,,,,,,,,,,,,,,,,,,,,,,,,,,,,,,,,,,,,,,,,,,,,,,,,,,,,,,,,,,,,,,,,,,,,,,,,,,,,,,,,,,,,,,,,,,,,,,,,,,,,,,,,,,,,,,,,,,,,,,,,,,,,,,,,,,,,,,,,,,,,,,,,,,,,,,,,,,,,,,,,,,,,,,,,,,,,,,,,,,,,,,,,,,,,,,,,,,,,,,9,76,84,33,13,97,10,80,78,79,18,69,90,14,27,16,87,63,70,17,50,20,15,13,7,40,35,17,77,23,15,56,28,33,3,60,72,10,39,87,9,79,57,26,89,95,13,64,81,33,12,16,89,54,33,85,45,29,30,21,29,56,93,24,34,17,52,61,7,67,25,2,14,20,71,91,9,25,22,82,49,87,9,29,53,17,59,22,10,49,87,24,82,16,9,22,90,13,9,20,96,54,12,82,72,12,41,26,93,74,16,76,39,11,15,17,4,46,22,80,42,57,16,50,75,29,29,17,11,62,36,92,90,86,75,18,17,95,90,81,64,47,46,82,39,34,35,14,45,54,31,98,10,22,61,32,92,28,32,17,89,75,15,80,85,79,65 or above,Female,,Some college,,White / Caucasian,,6,0.84538603
R_1SAWRYmy96P35Fp,Financial Advisor,,,,,,,,,,,,,,,,,,,,,,,,,,,,,,,,,,,,,,,,,,,,,,,,,,,,,,,,,,,,,,,,,,,,,,,,,,,,,,,,,,,,,,,,,,,,,,,,,,,,,,,,,,,,,,,,,,,,,,,,,,,,,,,,,,,,,,,,,,,,,,,,,,,,,,,,,,,,,,,,,,,,,,,,,,,,,,,,,,,,,,,,,,,,,,,,,,,,,,,,,,,,,,,,,,,,,,,,,,,,,,,,,,,,,,,,,,,,,,,,,,,,,,,,,,,,,,,,,,,,,,,,,,,,,,,,,,,,,,,,,,,,,,,,,,,,,,,,,,,,,,,,,,,,,,,,,,,,,,,,,,,,,,,,,,,,,,9,10,68,14,59,50,12,21,24,21,49,43,47,62,31,49,12,42,42,88,65,14,1,18,19,54,39,25,9,22,52,32,40,40,45,8,44,4,50,52,7,7,7,35,39,15,58,55,19,46,15,41,8,46,24,19,29,19,58,26,41,20,36,14,79,65,13,55,9,13,35,4,0,41,29,18,61,70,49,15,34,6,20,46,38,39,70,26,34,50,10,8,61,5,49,62,43,18,31,45,25,11,49,49,72,84,48,37,21,31,62,18,59,59,55,19,29,17,39,9,33,33,27,7,28,49,44,71,59,63,44,6,23,21,40,33,53,4,14,54,22,8,32,59,42,5,7,47,57,57,6,23,47,34,48,22,52,11,45,61,59,10,30,53,33,26,37,,,,,,,,,,,,,,,,,,,,,,,,,,,,,,,,,,,,,,,,,,,,,,,,,,,,,,,,,,,,,,,,,,,,,,,,,,,,,,,,,,,,,,,,,,,,,,,,,,,,,,,,,,,,,,,,,,,,,,,,,,,,,,,,,,,,,,,,,,,,,,,,,,,,,,,,,,,,,,,,,,,,,,,,,,,,,,,,,,,,,,,,,,,,,,,,,,,,,,,,,,,,,,,,,,,,,,,,,,,,,,,,,,,,,,,,,,,,,,,,,,,,,,,,,,,,,,,,,,,,,,,,,,,,,,,,,,,,,,,,,,,,,,,,,,,,,,,,,,,,,,,,,,,,,,,,,,,,,,,,,,,,,,,,,,,,,,,,,,,,,,,,,,,,,,,,,,,,,,,,,,,,,,,,,,,,,,,,,,,,,,,,,,,,,,,,,,,,,,,,,,,,,,,,,,,,,,,,,,,,,,,,,,,,,,,,,,,,,,,,,,,,,,,,,,,,,,,,,,,,,,,,,,,,,,,,,,,,,,,,,,,,,,,,,,,,,,,,,,35-44,Female,,Bachelor's degree,,White / Caucasian,,3,0.839767764
R_6NR3QfRoIq5e8wY,Inventory Manager,40,54,27,29,56,48,30,50,56,9,65,46,62,33,18,58,44,70,38,25,29,65,59,65,36,29,51,77,54,62,30,49,12,45,55,51,31,10,27,34,64,64,67,64,15,59,9,52,41,15,39,22,53,44,46,71,35,28,59,31,8,59,44,50,32,61,25,22,54,72,40,89,77,33,23,27,16,36,35,20,51,17,62,23,59,43,38,36,46,69,44,35,27,41,48,50,20,73,39,68,10,34,24,64,67,38,60,38,21,25,31,53,60,55,54,26,37,8,27,64,17,51,33,28,17,24,57,47,46,47,20,43,77,55,52,60,59,36,45,64,45,35,28,80,67,29,0,61,16,17,14,60,39,16,66,30,45,40,53,31,34,62,41,6,48,52,70,,,,,,,,,,,,,,,,,,,,,,,,,,,,,,,,,,,,,,,,,,,,,,,,,,,,,,,,,,,,,,,,,,,,,,,,,,,,,,,,,,,,,,,,,,,,,,,,,,,,,,,,,,,,,,,,,,,,,,,,,,,,,,,,,,,,,,,,,,,,,,,,,,,,,,,,,,,,,,,,,,,,,,,,,,,,,,,,,,,,,,,,,,,,,,,,,,,,,,,,,,,,,,,,,,,,,,,,,,,,,,,,,,,,,,,,,,,,,,,,,,,,,,,,,,,,,,,,,,,,,,,,,,,,,,,,,,,,,,,,,,,,,,,,,,,,,,,,,,,,,,,,,,,,,,,,,,,,,,,,,,,,,,,,,,,,,,,,,,,,,,,,,,,,,,,,,,,,,,,,,,,,,,,,,,,,,,,,,,,,,,,,,,,,,,,,,,,,,,,,,,,,,,,,,,,,,,,,,,,,,,,,,,,,,,,,,,,,,,,,,,,,,,,,,,,,,,,,,,,,,,,,,,,,,,,,,,,,,,,,,,,,,,,,,,,,,,,,,,,,,,,,,,,,,,,,,,,,,,,,,,,,,,,,,,,,,,,,,,,,,,,,,,,,,,,,,,,,,,,,,,,,,,,,,,,,,,,,,,,,,,,,,,,,,,,,,,,,,,,,,,,,,,,,,,,,,,,,,,,,,,,,,,,,,,,,,,,,,,,,,,,,,,,,,,,,,,,,,,,,,,,,,,,,,,,,,,,,,,,,,,,,,,,,,,,,,,,,,,,,,,,,,,,,,,,,,,,,,,,,,,,,,,,,,,,,,,,,,,,,,,,,,,,,,,,,,,,,,,,,,,,,,,,,,,,,,,,,,,,,,,,,,,,,,,,,,,,,,,,,,,,,,,,,,,,,,,,,,,,,,,,,,,,,,,,25-34,Male,,High school graduate,,White / Caucasian,,1,0.799032165
R_137l6m28qG3QNwZ,Inventory Manager,27,69,5,4,4,30,17,87,29,1,44,5,21,3,19,1,58,1,78,37,83,2,81,3,3,8,8,10,7,69,1,14,77,2,3,13,73,2,1,28,78,3,2,2,10,6,4,68,12,5,8,2,2,67,39,8,3,25,95,43,55,80,1,10,23,3,2,1,30,2,5,7,65,95,5,19,19,39,2,52,17,2,77,3,15,40,1,70,15,94,34,2,4,40,4,26,6,58,53,5,4,8,6,5,5,1,3,19,29,4,70,16,5,51,58,99,5,91,1,74,3,1,52,6,3,38,4,9,9,29,22,11,23,62,34,2,2,3,77,3,3,67,3,3,6,3,33,1,2,34,4,3,9,41,7,22,22,1,9,3,75,4,31,1,60,3,22,,,,,,,,,,,,,,,,,,,,,,,,,,,,,,,,,,,,,,,,,,,,,,,,,,,,,,,,,,,,,,,,,,,,,,,,,,,,,,,,,,,,,,,,,,,,,,,,,,,,,,,,,,,,,,,,,,,,,,,,,,,,,,,,,,,,,,,,,,,,,,,,,,,,,,,,,,,,,,,,,,,,,,,,,,,,,,,,,,,,,,,,,,,,,,,,,,,,,,,,,,,,,,,,,,,,,,,,,,,,,,,,,,,,,,,,,,,,,,,,,,,,,,,,,,,,,,,,,,,,,,,,,,,,,,,,,,,,,,,,,,,,,,,,,,,,,,,,,,,,,,,,,,,,,,,,,,,,,,,,,,,,,,,,,,,,,,,,,,,,,,,,,,,,,,,,,,,,,,,,,,,,,,,,,,,,,,,,,,,,,,,,,,,,,,,,,,,,,,,,,,,,,,,,,,,,,,,,,,,,,,,,,,,,,,,,,,,,,,,,,,,,,,,,,,,,,,,,,,,,,,,,,,,,,,,,,,,,,,,,,,,,,,,,,,,,,,,,,,,,,,,,,,,,,,,,,,,,,,,,,,,,,,,,,,,,,,,,,,,,,,,,,,,,,,,,,,,,,,,,,,,,,,,,,,,,,,,,,,,,,,,,,,,,,,,,,,,,,,,,,,,,,,,,,,,,,,,,,,,,,,,,,,,,,,,,,,,,,,,,,,,,,,,,,,,,,,,,,,,,,,,,,,,,,,,,,,,,,,,,,,,,,,,,,,,,,,,,,,,,,,,,,,,,,,,,,,,,,,,,,,,,,,,,,,,,,,,,,,,,,,,,,,,,,,,,,,,,,,,,,,,,,,,,,,,,,,,,,,,,,,,,,,,,,,,,,,,,,,,,,,,,,,,,,,,,,,,,,,,,,,,,,,,,,,,18-24,Female,,Bachelor's degree,,Black or African American,,1,0.242992143
R_5Q5hVUvaZJ2O1jD,Financial Advisor,,,,,,,,,,,,,,,,,,,,,,,,,,,,,,,,,,,,,,,,,,,,,,,,,,,,,,,,,,,,,,,,,,,,,,,,,,,,,,,,,,,,,,,,,,,,,,,,,,,,,,,,,,,,,,,,,,,,,,,,,,,,,,,,,,,,,,,,,,,,,,,,,,,,,,,,,,,,,,,,,,,,,,,,,,,,,,,,,,,,,,,,,,,,,,,,,,,,,,,,,,,,,,,,,,,,,,,,,,,,,,,,,,,,,,,,,,,,,,,,,,,,,,,,,,,,,,,,,,,,,,,,,,,,,,,,,,,,,,,,,,,,,,,,,,,,,,,,,,,,,,,,,,,,,,,,,,,,,,,,,,,,,,,,,,,,,,,,,,,,,,,,,,,,,,,,,,,,,,,,,,,,,,,,,,,,,,,,,,,,,,,,,,,,,,,,,,,,,,,,,,,,,,,,,,,,,,,,,,,,,,,,,,,,,,,,,,,,,,,,,,,,,,,,,,,,,,,,,,,,,,,,,,,,,,,,,,,,,,,,,,,,,,,,,,,,,,,,,,,,,34,65,64,57,79,57,65,62,76,72,48,84,31,54,22,87,66,83,73,98,85,87,65,32,46,49,60,81,86,48,12,31,79,72,59,92,19,41,32,54,29,85,85,92,24,78,28,25,11,90,84,49,48,43,50,36,78,75,42,76,44,43,34,86,26,27,90,53,91,86,33,68,27,88,25,29,77,79,36,90,48,76,21,48,40,64,68,89,61,30,20,69,94,96,86,32,34,80,55,54,43,74,84,24,35,66,24,60,70,82,48,94,26,62,84,72,97,52,21,51,53,45,84,36,51,94,88,89,72,89,90,75,14,47,75,64,28,39,80,76,18,78,85,85,78,92,65,78,59,67,61,77,82,70,33,88,64,54,76,64,90,85,63,28,39,79,79,,,,,,,,,,,,,,,,,,,,,,,,,,,,,,,,,,,,,,,,,,,,,,,,,,,,,,,,,,,,,,,,,,,,,,,,,,,,,,,,,,,,,,,,,,,,,,,,,,,,,,,,,,,,,,,,,,,,,,,,,,,,,,,,,,,,,,,,,,,,,,,,,,,,,,,,,,,,,,,,,,,,,,,,,,,,,,,,,,,,,,,,,,,,,,,,,,,,,,,,,,,,,,,,,,,,,,,,,,,,,,,,,,,,,,,,,,,,,,,,,,,,,,,,,,,,,,,,,,,,,,,,,,,,,,,,,,,,,,,,,,,,,,,,,,,,,,,,,,,,,,,,,,,,,,,,,,,,,,,,,,,,,,,,,,,18-24,Female,,Bachelor's degree,,White / Caucasian,,4,0.216554636
R_3rrDHYcTFGN1jco,Financial Advisor,60,63,31,83,56,18,58,20,28,16,74,45,32,78,53,3,28,41,2,33,37,17,38,7,8,15,44,36,36,68,24,40,8,18,43,60,42,72,22,78,57,24,28,58,62,54,34,39,66,8,10,63,25,62,83,40,99,23,34,46,60,53,61,54,94,23,30,9,26,37,39,42,33,44,32,39,44,76,9,67,34,97,63,90,75,52,53,32,33,44,68,44,54,42,50,10,58,48,24,61,95,25,78,40,58,54,48,41,9,8,73,19,44,43,52,42,23,95,76,46,10,44,23,63,59,91,46,20,55,61,92,43,58,43,50,47,21,12,63,34,37,60,3,27,5,21,5,16,35,14,65,44,26,51,64,36,59,43,43,39,56,14,52,95,21,46,37,,,,,,,,,,,,,,,,,,,,,,,,,,,,,,,,,,,,,,,,,,,,,,,,,,,,,,,,,,,,,,,,,,,,,,,,,,,,,,,,,,,,,,,,,,,,,,,,,,,,,,,,,,,,,,,,,,,,,,,,,,,,,,,,,,,,,,,,,,,,,,,,,,,,,,,,,,,,,,,,,,,,,,,,,,,,,,,,,,,,,,,,,,,,,,,,,,,,,,,,,,,,,,,,,,,,,,,,,,,,,,,,,,,,,,,,,,,,,,,,,,,,,,,,,,,,,,,,,,,,,,,,,,,,,,,,,,,,,,,,,,,,,,,,,,,,,,,,,,,,,,,,,,,,,,,,,,,,,,,,,,,,,,,,,,,,,,,,,,,,,,,,,,,,,,,,,,,,,,,,,,,,,,,,,,,,,,,,,,,,,,,,,,,,,,,,,,,,,,,,,,,,,,,,,,,,,,,,,,,,,,,,,,,,,,,,,,,,,,,,,,,,,,,,,,,,,,,,,,,,,,,,,,,,,,,,,,,,,,,,,,,,,,,,,,,,,,,,,,,,,,,,,,,,,,,,,,,,,,,,,,,,,,,,,,,,,,,,,,,,,,,,,,,,,,,,,,,,,,,,,,,,,,,,,,,,,,,,,,,,,,,,,,,,,,,,,,,,,,,,,,,,,,,,,,,,,,,,,,,,,,,,,,,,,,,,,,,,,,,,,,,,,,,,,,,,,,,,,,,,,,,,,,,,,,,,,,,,,,,,,,,,,,,,,,,,,,,,,,,,,,,,,,,,,,,,,,,,,,,,,,,,,,,,,,,,,,,,,,,,,,,,,,,,,,,,,,,,,,,,,,,,,,,,,,,,,,,,,,,,,,,,,,,,,,,,,,,,,,,,,,,,,,,,,,,,,,,,,,,,,,,,,,,,,,,65 or above,Female,,Bachelor's degree,,White / Caucasian,,1,0.81406845
R_1UaCfjtJ8VkVEVQ,Financial Advisor,,,,,,,,,,,,,,,,,,,,,,,,,,,,,,,,,,,,,,,,,,,,,,,,,,,,,,,,,,,,,,,,,,,,,,,,,,,,,,,,,,,,,,,,,,,,,,,,,,,,,,,,,,,,,,,,,,,,,,,,,,,,,,,,,,,,,,,,,,,,,,,,,,,,,,,,,,,,,,,,,,,,,,,,,,,,,,,,,,,,,,,,,,,,,,,,,,,,,,,,,,,,,,,,,,,,,,,,,,,,,,,,,,,,,,,,,,,,,,,,,,,,,,,,,,,,,,,,,,,,,,,,,,,,,,,,,,,,,,,,,,,,,,,,,,,,,,,,,,,,,,,,,,,,,,,,,,,,,,,,,,,,,,,,,,,,,,,,,,,,,,,,,,,,,,,,,,,,,,,,,,,,,,,,,,,,,,,,,,,,,,,,,,,,,,,,,,,,,,,,,,,,,,,,,,,,,,,,,,,,,,,,,,,,,,,,,,,,,,,,,,,,,,,,,,,,,,,,,,,,,,,,,,,,,,,,,,,,,,,,,,,,,,,,,,,,,,,,,,,,,95,92,80,94,97,94,94,95,93,95,95,96,93,95,92,82,95,95,96,94,95,95,95,100,95,95,94,68,85,95,95,95,95,91,93,80,95,90,97,95,95,97,90,93,95,95,95,95,93,93,78,95,95,95,95,95,78,95,95,90,95,95,93,97,95,93,50,80,95,83,93,95,95,95,97,95,93,95,95,94,91,94,94,94,94,94,85,80,94,92,90,96,77,95,95,95,95,95,79,93,95,81,94,94,95,95,95,94,94,95,95,93,94,83,95,95,95,94,94,95,93,95,95,95,95,90,94,97,91,96,96,95,95,91,95,94,95,95,94,99,94,95,84,95,98,93,87,95,95,96,95,95,93,95,93,95,95,96,84,94,80,95,95,93,96,97,95,,,,,,,,,,,,,,,,,,,,,,,,,,,,,,,,,,,,,,,,,,,,,,,,,,,,,,,,,,,,,,,,,,,,,,,,,,,,,,,,,,,,,,,,,,,,,,,,,,,,,,,,,,,,,,,,,,,,,,,,,,,,,,,,,,,,,,,,,,,,,,,,,,,,,,,,,,,,,,,,,,,,,,,,,,,,,,,,,,,,,,,,,,,,,,,,,,,,,,,,,,,,,,,,,,,,,,,,,,,,,,,,,,,,,,,,,,,,,,,,,,,,,,,,,,,,,,,,,,,,,,,,,,,,,,,,,,,,,,,,,,,,,,,,,,,,,,,,,,,,,,,,,,,,,,,,,,,,,,,,,,,,,,,,,,,35-44,Female,,Some college,,American Indian or Alaskan Native,,4,0.90336017
R_3flMSrLzGYjKDU5,Risk Analyst,,,,,,,,,,,,,,,,,,,,,,,,,,,,,,,,,,,,,,,,,,,,,,,,,,,,,,,,,,,,,,,,,,,,,,,,,,,,,,,,,,,,,,,,,,,,,,,,,,,,,,,,,,,,,,,,,,,,,,,,,,,,,,,,,,,,,,,,,,,,,,,,,,,,,,,,,,,,,,,,,,,,,,,,21,13,94,37,45,10,59,7,42,24,17,30,31,5,17,35,8,50,4,47,40,33,15,98,23,27,23,10,89,26,1,52,6,4,23,20,25,71,74,25,49,9,72,26,3,35,38,5,65,75,10,0,2,4,27,4,3,46,3,14,64,44,7,3,56,66,3,1,10,2,80,70,68,14,37,75,19,4,27,53,2,22,21,4,5,21,27,4,6,49,40,15,26,73,95,13,24,3,2,18,40,77,56,30,2,2,39,35,44,81,3,83,28,5,4,6,39,68,21,80,2,66,3,48,22,60,40,27,92,53,17,58,28,2,46,3,12,21,46,11,24,9,4,39,80,4,31,63,27,3,18,3,35,43,9,13,31,30,26,8,33,3,39,3,81,4,,,,,,,,,,,,,,,,,,,,,,,,,,,,,,,,,,,,,,,,,,,,,,,,,,,,,,,,,,,,,,,,,,,,,,,,,,,,,,,,,,,,,,,,,,,,,,,,,,,,,,,,,,,,,,,,,,,,,,,,,,,,,,,,,,,,,,,,,,,,,,,,,,,,,,,,,,,,,,,,,,,,,,,,,,,,,,,,,,,,,,,,,,,,,,,,,,,,,,,,,,,,,,,,,,,,,,,,,,,,,,,,,,,,,,,,,,,,,,,,,,,,,,,,,,,,,,,,,,,,,,,,,,,,,,,,,,,,,,,,,,,,,,,,,,,,,,,,,,,,,,,,,,,,,,,,,,,,,,,,,,,,,,,,,,,,,,,,,,,,,,,,,,,,,,,,,,,,,,,,,,,,,,,,,,,,,,,,,,,,,,,,,,,,,,,,,,,,,,,,,,,,,,,,,,,,,,,,,,,,,,,,,,,,,,,,,,,,,,,,,,,,,,,,,,,,,,,,,,,,,,,,,,,,,,,,,,,,,,,,,,,,,,,,,,,,,,,,,,,,,,,,,,,,,,,,,,,,,,,,,,,,,,,,,,,,,,,,,,,,,,,,,,,,,,,,,,,,,,,,,,,,,,,,,,,,,,,,,,,,,,,,,,,,,,,,,,,,,,,,,,,,,,,,,,,,,,,,,,,,,,,,,,,,,,,,,,,,,,,,,,,,,,,,,,,,,,,,,,,,,,,,,18-24,Male,,Bachelor's degree,,White / Caucasian,,2,0.849175435
R_7Twztoa5UtKTppn,Retail Sales Associate,,,,,,,,,,,,,,,,,,,,,,,,,,,,,,,,,,,,,,,,,,,,,,,,,,,,,,,,,,,,,,,,,,,,,,,,,,,,,,,,,,,,,,,,,,,,,,,,,,,,,,,,,,,,,,,,,,,,,,,,,,,,,,,,,,,,,,,,,,,,,,,,,,,,,,,,,,,,,,,,,,,,,,,,,,,,,,,,,,,,,,,,,,,,,,,,,,,,,,,,,,,,,,,,,,,,,,,,,,,,,,,,,,,,,,,,,,,,,,,,,,,,,,,,,,,,,,,,,,,,,,,,,,,,,,,,,,,,,,,,,,,,,,,,,,,,,,,,,,,,,,,,,,,,,,,,,,,,,,,,,,,,,,,,,,,,,,76,85,39,86,49,82,85,84,73,68,87,71,49,73,92,84,92,66,86,54,81,86,85,84,90,71,84,100,83,85,25,81,58,79,80,82,86,87,81,87,50,86,27,85,84,79,79,83,72,81,89,86,87,36,32,85,82,76,86,82,78,84,85,75,41,44,88,84,87,90,54,83,43,88,87,85,87,47,82,86,66,69,63,86,86,87,89,80,82,79,70,71,100,85,58,86,80,86,59,82,80,51,85,86,35,23,77,81,55,86,86,78,88,85,82,84,48,83,82,87,85,46,80,81,85,84,83,55,79,78,84,59,82,44,86,76,43,90,86,90,88,85,64,82,81,83,42,90,86,84,85,86,86,80,55,61,77,75,84,31,86,88,69,74,83,58,74,,,,,,,,,,,,,,,,,,,,,,,,,,,,,,,,,,,,,,,,,,,,,,,,,,,,,,,,,,,,,,,,,,,,,,,,,,,,,,,,,,,,,,,,,,,,,,,,,,,,,,,,,,,,,,,,,,,,,,,,,,,,,,,,,,,,,,,,,,,,,,,,,,,,,,,,,,,,,,,,,,,,,,,,,,,,,,,,,,,,,,,,,,,,,,,,,,,,,,,,,,,,,,,,,,,,,,,,,,,,,,,,,,,,,,,,,,,,,,,,,,,,,,,,,,,,,,,,,,,,,,,,,,,,,,,,,,,,,,,,,,,,,,,,,,,,,,,,,,,,,,,,,,,,,,,,,,,,,,,,,,,,,,,,,,,,,,,,,,,,,,,,,,,,,,,,,,,,,,,,,,,,,,,,,,,,,,,,,,,,,,,,,,,,,,,,,,,,,,,,,,,,,,,,,,,,,,,,,,,,,,,,,,,,,,,,,,,,,,,,,,,,,,,,,,,,,,,,,,,,,,,,,,,,,,,,,,,,,,,,,,,,,,,,,,,,,,,,,,55-64,Male,,Bachelor's degree,,White / Caucasian,,3,0.904218132
R_3mwnrfc52cFUMKZ,Inventory Manager,,,,,,,,,,,,,,,,,,,,,,,,,,,,,,,,,,,,,,,,,,,,,,,,,,,,,,,,,,,,,,,,,,,,,,,,,,,,,,,,,,,,,,,,,,,,,,,,,,,,,,,,,,,,,,,,,,,,,,,,,,,,,,,,,,,,,,,,,,,,,,,,,,,,,,,,,,,,,,,,,,,,,,,,,,,,,,,,,,,,,,,,,,,,,,,,,,,,,,,,,,,,,,,,,,,,,,,,,,,,,,,,,,,,,,,,,,,,,,,,,,,,,,,,,,,,,,,,,,,,,,,,,,,,,,,,,,,,,,,,,,,,,,,,,,,,,,,,,,,,,,,,,,,,,,,,,,,,,,,,,,,,,,,,,,,,,,,,,,,,,,,,,,,,,,,,,,,,,,,,,,,,,,,,,,,,,,,,,,,,,,,,,,,,,,,,,,,,,,,,,,,,,,,,,,,,,,,,,,,,,,,,,,,,,,,,,,,,,,,,,,,,,,,,,,,,,,,,,,,,,,,,,,,,,,,,,,,,,,,,,,,,,,,,,,,,,,,,,,,,,,,,,,,,,,,,,,,,,,,,,,,,,,,,,,,,,,,,,,,,,,,,,,,,,,,,,,,,,,,,,,,,,,,,,,,,,,,,,,,,,,,,,,,,,,,,,,,,,,,,,,,,,,,,,,,,,,,,,,,,,,,,,,,,,,,,,,,,,,,,,,,,,,,,,,,,,,,,,,,,,,,,,,,,5,10,78,4,5,80,93,100,100,9,81,16,27,38,30,4,41,100,9,65,15,20,100,4,5,19,9,100,4,67,38,60,76,41,50,11,80,29,27,7,3,96,10,71,76,50,100,4,5,87,100,0,85,22,6,90,100,10,10,100,100,15,10,12,90,22,73,8,5,97,100,10,15,50,90,5,3,100,13,9,10,69,10,75,99,30,22,80,10,6,100,7,59,92,5,100,89,10,5,4,55,100,91,100,4,40,15,90,29,83,7,92,100,10,13,6,3,10,7,20,76,5,90,10,6,100,91,96,40,23,75,23,44,28,10,84,5,93,20,97,50,18,90,5,0,20,13,48,10,70,3,100,73,100,2,44,4,3,20,100,20,11,10,100,,,,,,,,,,,,,,,,,,,,,,,,,,,,,,,,,,,,,,,,,,,,,,,,,,,,,,,,,,,,,,,,,,,,,,,,,,,,,,,,,,,,,,,,,,,,,,,,,,,,,,,,,,,,,,,,,,,,,,,,,,,,,,,,,,,,,,,,,,,,,,,,,,,,,,,,,,,,,,,,,,,,,,,25-34,Female,,Some college,,Hispanic or Latino,,5,0.906133092
R_5suHVxLYjV2ZR3A,Risk Analyst,84,95,78,37,93,91,59,69,74,92,92,86,73,31,71,92,78,89,95,82,90,93,91,87,40,93,68,80,93,85,90,53,78,25,78,94,93,66,92,90,79,85,88,72,74,86,87,70,71,71,91,90,93,75,61,94,50,85,95,95,71,92,94,89,76,89,58,86,89,49,95,85,68,90,80,70,43,47,88,93,91,72,87,70,95,68,88,89,74,89,74,67,94,87,90,95,96,74,95,73,66,62,73,87,58,55,79,94,32,96,93,51,100,16,68,84,77,61,82,68,39,71,75,87,92,83,84,94,71,95,96,67,57,88,89,88,88,78,88,88,90,92,94,81,41,88,87,90,87,70,93,91,91,34,93,59,55,83,86,69,86,71,90,59,57,86,93,,,,,,,,,,,,,,,,,,,,,,,,,,,,,,,,,,,,,,,,,,,,,,,,,,,,,,,,,,,,,,,,,,,,,,,,,,,,,,,,,,,,,,,,,,,,,,,,,,,,,,,,,,,,,,,,,,,,,,,,,,,,,,,,,,,,,,,,,,,,,,,,,,,,,,,,,,,,,,,,,,,,,,,,,,,,,,,,,,,,,,,,,,,,,,,,,,,,,,,,,,,,,,,,,,,,,,,,,,,,,,,,,,,,,,,,,,,,,,,,,,,,,,,,,,,,,,,,,,,,,,,,,,,,,,,,,,,,,,,,,,,,,,,,,,,,,,,,,,,,,,,,,,,,,,,,,,,,,,,,,,,,,,,,,,,,,,,,,,,,,,,,,,,,,,,,,,,,,,,,,,,,,,,,,,,,,,,,,,,,,,,,,,,,,,,,,,,,,,,,,,,,,,,,,,,,,,,,,,,,,,,,,,,,,,,,,,,,,,,,,,,,,,,,,,,,,,,,,,,,,,,,,,,,,,,,,,,,,,,,,,,,,,,,,,,,,,,,,,,,,,,,,,,,,,,,,,,,,,,,,,,,,,,,,,,,,,,,,,,,,,,,,,,,,,,,,,,,,,,,,,,,,,,,,,,,,,,,,,,,,,,,,,,,,,,,,,,,,,,,,,,,,,,,,,,,,,,,,,,,,,,,,,,,,,,,,,,,,,,,,,,,,,,,,,,,,,,,,,,,,,,,,,,,,,,,,,,,,,,,,,,,,,,,,,,,,,,,,,,,,,,,,,,,,,,,,,,,,,,,,,,,,,,,,,,,,,,,,,,,,,,,,,,,,,,,,,,,,,,,,,,,,,,,,,,,,,,,,,,,,,,,,,,,,,,,,,,,,,,,,,,,,,,,,,,,,,,,,,,,,,,,,,,,,,,35-44,Female,,High school graduate,,White / Caucasian,,1,0.637354159
R_5gmBgVvzgC9tIuR,Risk Analyst,,,,,,,,,,,,,,,,,,,,,,,,,,,,,,,,,,,,,,,,,,,,,,,,,,,,,,,,,,,,,,,,,,,,,,,,,,,,,,,,,,,,,,,,,,,,,,,,,,,,,,,,,,,,,,,,,,,,,,,,,,,,,,,,,,,,,,,,,,,,,,,,,,,,,,,,,,,,,,,,,,,,,,,,,,,,,,,,,,,,,,,,,,,,,,,,,,,,,,,,,,,,,,,,,,,,,,,,,,,,,,,,,,,,,,,,,,,,,,,,,,,,,,,,,,,,,,,,,,,,,,,,,,,,,,,,,,,,,,,,,,,,,,,,,,,,,,,,,,,,,,,,,,,,,,,,,,,,,,,,,,,,,,,,,,,,,,,,,,,,,,,,,,,,,,,,,,,,,,,,,,,,,,,,,,,,,,,,,,,,,,,,,,,,,,,,,,,,,,,,,,,,,,,,,,,,,,,,,,,,,,,,,,,,,,,,,,,,,,,,,,,,,,,,,,,,,,,,,,,,,,,,,,,,,,,,,,,,,,,,,,,,,,,,,,,,,,,,,,,,,,,,,,,,,,,,,,,,,,,,,,,,,,,,,,,,,,,,,,,,,,,,,,,,,,,,,,,,,,,,,,,,,,,,,,,,,,,,,,,,,,,,,,,,,,,,,,,,,,,,,,,,,,,,,,,,,,,,,,,,,,,,,,,,,,,,,,,,,,,,,,,,,,,,,,,,,,,,,,,,,,,,,,,,74,12,90,2,45,80,87,95,71,17,95,58,34,56,62,29,81,95,73,70,64,88,97,61,63,85,76,99,45,66,49,97,85,87,75,25,82,66,64,93,48,88,36,85,94,71,97,71,54,92,93,34,88,32,32,76,97,26,3,91,87,21,47,39,87,91,88,56,50,63,85,66,31,89,48,31,42,74,66,51,37,92,56,88,86,64,64,16,83,85,100,8,98,79,70,81,93,54,66,20,93,100,82,75,49,79,58,94,87,75,68,77,69,79,88,54,30,62,63,52,92,31,84,60,63,9,73,91,56,54,33,72,14,54,91,61,42,64,53,86,95,81,88,29,24,36,59,87,64,39,49,96,89,96,6,90,24,57,67,98,58,67,70,8,,,,,,,,,,,,,,,,,,,,,,,,,,,,,,,,,,,,,,,,,,,,,,,,,,,,,,,,,,,,,,,,,,,,,,,,,,,,,,,,,,,,,,,,,,,,,,,,,,,,,,,,,,,,,,,,,,,,,,,,,,,,,,,,,,,,,,,,,,,,,,,,,,,,,,,,,,,,,,,,,,,,,,,18-24,Female,,Some college,,Black or African American,,5,0.851841914
R_7g58LVRtCMdFscC,Inventory Manager,,,,,,,,,,,,,,,,,,,,,,,,,,,,,,,,,,,,,,,,,,,,,,,,,,,,,,,,,,,,,,,,,,,,,,,,,,,,,,,,,,,,,,,,,,,,,,,,,,,,,,,,,,,,,,,,,,,,,,,,,,,,,,,,,,,,,,,,,,,,,,,,,,,,,,,,,,,,,,,,,,,,,,,,,,,,,,,,,,,,,,,,,,,,,,,,,,,,,,,,,,,,,,,,,,,,,,,,,,,,,,,,,,,,,,,,,,,,,,,,,,,,,,,,,,,,,,,,,,,,,,,,,,,,,,,,,,,,,,,,,,,,,,,,,,,,,,,,,,,,,,,,,,,,,,,,,,,,,,,,,,,,,,,,,,,,,,,,,,,,,,,,,,,,,,,,,,,,,,,,,,,,,,,,,,,,,,,,,,,,,,,,,,,,,,,,,,,,,,,,,,,,,,,,,,,,,,,,,,,,,,,,,,,,,,,,,,,,,,,,,,,,,,,,,,,,,,,,,,,,,,,,,,,,,,,,,,,,,,,,,,,,,,,,,,,,,,,,,,,,,,,,,,,,,,,,,,,,,,,,,,,,,,,,,,,,,,,,,,,,,,,,,,,,,,,,,,,,,,,,,,,,,,,,,,,,,,,,,,,,,,,,,,,,,,,,,,,,,,,,,,,,,,,,,,,,,,,,,,,,,,,,,,,,,,,,,,,,,,,,,,,,,,,,,,,,,,,,,,,,,,,,,,,,35,46,55,28,66,64,66,54,63,60,45,44,39,51,59,56,63,56,71,55,66,62,70,51,68,65,41,54,28,69,64,59,70,73,41,44,58,63,56,48,67,50,30,63,66,45,53,42,28,61,59,33,51,55,19,61,64,51,39,62,83,56,45,44,37,54,69,60,57,65,60,49,65,74,59,52,35,66,53,69,34,71,43,64,70,65,59,41,58,65,66,35,59,64,71,68,81,70,27,29,60,71,61,61,50,40,73,58,82,70,64,54,74,45,59,60,39,59,45,35,87,60,72,71,37,17,38,59,70,66,66,72,45,57,52,59,60,38,30,54,56,54,59,29,27,55,45,60,66,59,18,70,52,57,36,64,29,40,81,72,55,42,33,22,,,,,,,,,,,,,,,,,,,,,,,,,,,,,,,,,,,,,,,,,,,,,,,,,,,,,,,,,,,,,,,,,,,,,,,,,,,,,,,,,,,,,,,,,,,,,,,,,,,,,,,,,,,,,,,,,,,,,,,,,,,,,,,,,,,,,,,,,,,,,,,,,,,,,,,,,,,,,,,,,,,,,,,25-34,Female,,Graduate degree,,White / Caucasian,,5,0.881020022
R_3NXoGAeOjgX7hoS,Inventory Manager,,,,,,,,,,,,,,,,,,,,,,,,,,,,,,,,,,,,,,,,,,,,,,,,,,,,,,,,,,,,,,,,,,,,,,,,,,,,,,,,,,,,,,,,,,,,,,,,,,,,,,,,,,,,,,,,,,,,,,,,,,,,,,,,,,,,,,,,,,,,,,,,,,,,,,,,,,,,,,,,,,,,,,,,,,,,,,,,,,,,,,,,,,,,,,,,,,,,,,,,,,,,,,,,,,,,,,,,,,,,,,,,,,,,,,,,,,,,,,,,,,,,,,,,,,,,,,,,,,,,,,,,,,,,,,,,,,,,,,,,,,,,,,,,,,,,,,,,,,,,,,,,,,,,,,,,,,,,,,,,,,,,,,,,,,,,,,,,,,,,,,,,,,,,,,,,,,,,,,,,,,,,,,,,,,,,,,,,,,,,,,,,,,,,,,,,,,,,,,,,,,,,,,,,,,,,,,,,,,,,,,,,,,,,,,,,,,,,,,,,,,,,,,,,,,,,,,,,,,,,,,,,,,,,,,,,,,,,,,,,,,,,,,,,,,,,,,,,,,,,,,,,,,,,,,,,,,,,,,,,,,,,,,,,,,,,,,,,,,,,,,,,,,,,,,,,,,,,,,,,,,,,,,,,,,,,,,,,,,,,,,,,,,,,,,,,,,,,,,,,,,,,,,,,,,,,,,,,,,,,,,,,,,,,,,,,,,,,,,,,,,,,,,,,,,,,,,,,,,,,,,,,,,,,,,,,,,,,,,,,,,,,,,,,,,,,,,,,,,,,,,,,,,,,,,,,,,,,,,,,,,,,,,,,,,,,,,,,,,,,,,,,,,,,,,,,,,,,,,,,,,,,,,,,,,,,,,,,,,,,,,,,,,,,,,,,,,,,,,,,,,,,,,,,,,,,,,,,,,,,,,,,,,,,,,,,4,73,6,78,72,22,59,16,48,36,9,44,43,19,16,24,64,76,23,27,76,47,88,17,11,64,100,80,66,64,2,12,45,6,10,43,13,39,30,25,24,93,42,14,13,59,34,14,30,9,30,3,59,3,6,66,19,39,27,8,55,5,8,36,6,60,35,65,6,88,2,8,19,20,66,86,84,26,73,42,14,32,23,61,61,1,58,3,1,65,42,15,7,68,37,30,72,5,42,8,11,10,16,3,5,8,22,12,64,30,24,57,1,40,19,60,45,22,50,61,66,72,99,62,95,78,8,69,70,32,59,40,37,2,39,14,80,39,20,53,62,47,43,81,19,66,52,4,21,13,75,70,60,6,69,24,42,16,1,52,40,72,81,39,32,41,25-34,Female,,Some college,,Asian,,6,0.828973267
R_6CpJ0IEToSUsxGE,Retail Sales Associate,,,,,,,,,,,,,,,,,,,,,,,,,,,,,,,,,,,,,,,,,,,,,,,,,,,,,,,,,,,,,,,,,,,,,,,,,,,,,,,,,,,,,,,,,,,,,,,,,,,,,,,,,,,,,,,,,,,,,,,,,,,,,,,,,,,,,,,,,,,,,,,,,,,,,,,,,,,,,,,,,,,,,,,,,,,,,,,,,,,,,,,,,,,,,,,,,,,,,,,,,,,,,,,,,,,,,,,,,,,,,,,,,,,,,,,,,,,,,,,,,,,,,,,,,,,,,,,,,,,,,,,,,,,,,,,,,,,,,,,,,,,,,,,,,,,,,,,,,,,,,,,,,,,,,,,,,,,,,,,,,,,,,,,,,,,,,,92,76,21,94,4,9,76,80,26,60,73,15,13,3,42,55,90,10,76,8,25,7,20,88,89,7,86,70,12,89,24,73,14,14,30,76,12,77,52,85,12,86,23,68,77,15,19,15,7,10,72,13,84,10,11,83,33,3,12,81,15,14,82,7,11,13,82,23,57,93,14,72,70,95,34,90,70,6,92,6,9,15,9,86,64,78,32,71,88,9,91,7,18,75,84,65,16,15,9,91,11,6,71,69,6,11,85,26,17,85,16,7,69,10,6,87,14,92,10,88,8,12,14,16,21,15,85,17,14,14,85,19,75,0,75,9,1,87,75,67,7,82,11,86,68,86,18,65,36,86,83,77,70,20,20,7,12,5,90,13,95,72,15,34,86,15,24,,,,,,,,,,,,,,,,,,,,,,,,,,,,,,,,,,,,,,,,,,,,,,,,,,,,,,,,,,,,,,,,,,,,,,,,,,,,,,,,,,,,,,,,,,,,,,,,,,,,,,,,,,,,,,,,,,,,,,,,,,,,,,,,,,,,,,,,,,,,,,,,,,,,,,,,,,,,,,,,,,,,,,,,,,,,,,,,,,,,,,,,,,,,,,,,,,,,,,,,,,,,,,,,,,,,,,,,,,,,,,,,,,,,,,,,,,,,,,,,,,,,,,,,,,,,,,,,,,,,,,,,,,,,,,,,,,,,,,,,,,,,,,,,,,,,,,,,,,,,,,,,,,,,,,,,,,,,,,,,,,,,,,,,,,,,,,,,,,,,,,,,,,,,,,,,,,,,,,,,,,,,,,,,,,,,,,,,,,,,,,,,,,,,,,,,,,,,,,,,,,,,,,,,,,,,,,,,,,,,,,,,,,,,,,,,,,,,,,,,,,,,,,,,,,,,,,,,,,,,,,,,,,,,,,,,,,,,,,,,,,,,,,,,,,,,,,,,,,25-34,Female,,Bachelor's degree,,Black or African American,,3,0.876529997
R_6TMijSs1VEgD9It,Risk Analyst,,,,,,,,,,,,,,,,,,,,,,,,,,,,,,,,,,,,,,,,,,,,,,,,,,,,,,,,,,,,,,,,,,,,,,,,,,,,,,,,,,,,,,,,,,,,,,,,,,,,,,,,,,,,,,,,,,,,,,,,,,,,,,,,,,,,,,,,,,,,,,,,,,,,,,,,,,,,,,,,,,,,,,,,15,47,48,28,18,17,26,28,13,19,57,49,14,53,21,34,65,16,44,25,74,25,41,20,33,61,39,25,25,27,55,43,35,15,81,18,41,69,28,32,62,23,20,29,33,22,61,37,24,44,25,50,35,83,48,57,56,37,61,35,22,51,23,23,34,16,42,30,19,61,20,24,62,20,57,40,64,27,56,49,70,17,28,67,27,15,23,83,27,18,64,67,31,33,13,21,30,32,60,32,59,44,31,8,46,28,69,9,53,49,43,64,38,17,35,29,33,54,19,18,73,37,78,18,50,25,16,58,23,20,20,35,19,17,14,38,58,60,16,32,37,56,18,34,8,47,57,42,27,34,7,23,73,41,9,50,13,64,33,62,32,21,23,26,16,62,,,,,,,,,,,,,,,,,,,,,,,,,,,,,,,,,,,,,,,,,,,,,,,,,,,,,,,,,,,,,,,,,,,,,,,,,,,,,,,,,,,,,,,,,,,,,,,,,,,,,,,,,,,,,,,,,,,,,,,,,,,,,,,,,,,,,,,,,,,,,,,,,,,,,,,,,,,,,,,,,,,,,,,,,,,,,,,,,,,,,,,,,,,,,,,,,,,,,,,,,,,,,,,,,,,,,,,,,,,,,,,,,,,,,,,,,,,,,,,,,,,,,,,,,,,,,,,,,,,,,,,,,,,,,,,,,,,,,,,,,,,,,,,,,,,,,,,,,,,,,,,,,,,,,,,,,,,,,,,,,,,,,,,,,,,,,,,,,,,,,,,,,,,,,,,,,,,,,,,,,,,,,,,,,,,,,,,,,,,,,,,,,,,,,,,,,,,,,,,,,,,,,,,,,,,,,,,,,,,,,,,,,,,,,,,,,,,,,,,,,,,,,,,,,,,,,,,,,,,,,,,,,,,,,,,,,,,,,,,,,,,,,,,,,,,,,,,,,,,,,,,,,,,,,,,,,,,,,,,,,,,,,,,,,,,,,,,,,,,,,,,,,,,,,,,,,,,,,,,,,,,,,,,,,,,,,,,,,,,,,,,,,,,,,,,,,,,,,,,,,,,,,,,,,,,,,,,,,,,,,,,,,,,,,,,,,,,,,,,,,,,,,,,,,,,,,,,,,,,,,,,,,18-24,Female,,Some college,,Hispanic or Latino,,2,0.390073683
R_6ISZG50sOUaGTNh,Inventory Manager,,,,,,,,,,,,,,,,,,,,,,,,,,,,,,,,,,,,,,,,,,,,,,,,,,,,,,,,,,,,,,,,,,,,,,,,,,,,,,,,,,,,,,,,,,,,,,,,,,,,,,,,,,,,,,,,,,,,,,,,,,,,,,,,,,,,,,,,,,,,,,,,,,,,,,,,,,,,,,,,,,,,,,,,100,100,100,100,100,100,100,100,100,100,100,100,100,100,100,100,100,100,100,100,100,100,100,100,100,100,100,100,100,100,100,100,100,100,100,100,100,100,95,100,100,100,100,100,100,100,100,100,100,100,100,0,100,100,100,100,100,100,100,100,100,100,100,100,100,100,100,100,100,100,100,100,100,100,100,100,100,100,100,100,100,100,100,100,100,100,100,100,100,100,100,100,100,100,100,100,100,100,100,100,100,100,100,100,100,100,100,100,100,100,100,100,100,100,100,50,100,100,100,100,100,100,100,100,100,100,100,100,100,100,100,100,100,100,100,100,100,100,100,100,100,100,100,100,100,100,100,100,100,100,100,100,100,100,100,100,100,100,100,100,100,100,100,50,100,100,,,,,,,,,,,,,,,,,,,,,,,,,,,,,,,,,,,,,,,,,,,,,,,,,,,,,,,,,,,,,,,,,,,,,,,,,,,,,,,,,,,,,,,,,,,,,,,,,,,,,,,,,,,,,,,,,,,,,,,,,,,,,,,,,,,,,,,,,,,,,,,,,,,,,,,,,,,,,,,,,,,,,,,,,,,,,,,,,,,,,,,,,,,,,,,,,,,,,,,,,,,,,,,,,,,,,,,,,,,,,,,,,,,,,,,,,,,,,,,,,,,,,,,,,,,,,,,,,,,,,,,,,,,,,,,,,,,,,,,,,,,,,,,,,,,,,,,,,,,,,,,,,,,,,,,,,,,,,,,,,,,,,,,,,,,,,,,,,,,,,,,,,,,,,,,,,,,,,,,,,,,,,,,,,,,,,,,,,,,,,,,,,,,,,,,,,,,,,,,,,,,,,,,,,,,,,,,,,,,,,,,,,,,,,,,,,,,,,,,,,,,,,,,,,,,,,,,,,,,,,,,,,,,,,,,,,,,,,,,,,,,,,,,,,,,,,,,,,,,,,,,,,,,,,,,,,,,,,,,,,,,,,,,,,,,,,,,,,,,,,,,,,,,,,,,,,,,,,,,,,,,,,,,,,,,,,,,,,,,,,,,,,,,,,,,,,,,,,,,,,,,,,,,,,,,,,,,,,,,,,,,,,,,,,,,,,,,,,,,,,,,,,,,,,,,,,,,,,,,,,,,,,35-44,Female,,Some college,,White / Caucasian,,2,1
R_5ruQV2ESV9nxoQa,Inventory Manager,,,,,,,,,,,,,,,,,,,,,,,,,,,,,,,,,,,,,,,,,,,,,,,,,,,,,,,,,,,,,,,,,,,,,,,,,,,,,,,,,,,,,,,,,,,,,,,,,,,,,,,,,,,,,,,,,,,,,,,,,,,,,,,,,,,,,,,,,,,,,,,,,,,,,,,,,,,,,,,,,,,,,,,,,,,,,,,,,,,,,,,,,,,,,,,,,,,,,,,,,,,,,,,,,,,,,,,,,,,,,,,,,,,,,,,,,,,,,,,,,,,,,,,,,,,,,,,,,,,,,,,,,,,,,,,,,,,,,,,,,,,,,,,,,,,,,,,,,,,,,,,,,,,,,,,,,,,,,,,,,,,,,,,,,,,,,,,,,,,,,,,,,,,,,,,,,,,,,,,,,,,,,,,,,,,,,,,,,,,,,,,,,,,,,,,,,,,,,,,,,,,,,,,,,,,,,,,,,,,,,,,,,,,,,,,,,,,,,,,,,,,,,,,,,,,,,,,,,,,,,,,,,,,,,,,,,,,,,,,,,,,,,,,,,,,,,,,,,,,,,73,72,0,77,39,70,88,71,91,73,73,77,53,98,14,53,57,82,98,37,61,78,72,93,60,59,65,49,77,96,87,17,57,77,52,4,48,38,87,86,81,51,32,61,12,57,97,100,69,77,22,73,67,84,95,68,60,99,62,72,75,77,59,73,6,71,57,54,75,71,73,73,23,12,100,71,13,100,96,69,74,62,36,80,11,84,91,73,53,47,83,95,67,100,95,75,94,61,16,100,20,13,97,99,33,63,75,100,90,67,84,76,39,70,98,60,74,99,86,45,70,91,94,90,69,75,74,10,76,85,16,66,68,71,74,68,68,49,62,72,91,55,33,94,27,53,20,77,100,35,19,46,8,100,48,76,24,97,19,100,8,59,100,95,78,84,70,,,,,,,,,,,,,,,,,,,,,,,,,,,,,,,,,,,,,,,,,,,,,,,,,,,,,,,,,,,,,,,,,,,,,,,,,,,,,,,,,,,,,,,,,,,,,,,,,,,,,,,,,,,,,,,,,,,,,,,,,,,,,,,,,,,,,,,,,,,,,,,,,,,,,,,,,,,,,,,,,,,,,,,,,,,,,,,,,,,,,,,,,,,,,,,,,,,,,,,,,,,,,,,,,,,,,,,,,,,,,,,,,,,,,,,,,,,,,,,,,,,,,,,,,,,,,,,,,,,,,,,,,,,,,,,,,,,,,,,,,,,,,,,,,,,,,,,,,,,,,,,,,,,,,,,,,,,,,,,,,,,,,,,,,,,55-64,Female,,Bachelor's degree,,White / Caucasian,,4,0.820122422
R_72PKRKC5GelGTDS,Inventory Manager,,,,,,,,,,,,,,,,,,,,,,,,,,,,,,,,,,,,,,,,,,,,,,,,,,,,,,,,,,,,,,,,,,,,,,,,,,,,,,,,,,,,,,,,,,,,,,,,,,,,,,,,,,,,,,,,,,,,,,,,,,,,,,,,,,,,,,,,,,,,,,,,,,,,,,,,,,,,,,,,,,,,,,,,,,,,,,,,,,,,,,,,,,,,,,,,,,,,,,,,,,,,,,,,,,,,,,,,,,,,,,,,,,,,,,,,,,,,,,,,,,,,,,,,,,,,,,,,,,,,,,,,,,,,,,,,,,,,,,,,,,,,,,,,,,,,,,,,,,,,,,,,,,,,,,,,,,,,,,,,,,,,,,,,,,,,,,,,,,,,,,,,,,,,,,,,,,,,,,,,,,,,,,,,,,,,,,,,,,,,,,,,,,,,,,,,,,,,,,,,,,,,,,,,,,,,,,,,,,,,,,,,,,,,,,,,,,,,,,,,,,,,,,,,,,,,,,,,,,,,,,,,,,,,,,,,,,,,,,,,,,,,,,,,,,,,,,,,,,,,,,,,,,,,,,,,,,,,,,,,,,,,,,,,,,,,,,,,,,,,,,,,,,,,,,,,,,,,,,,,,,,,,,,,,,,,,,,,,,,,,,,,,,,,,,,,,,,,,,,,,,,,,,,,,,,,,,,,,,,,,,,,,,,,,,,,,,,,,,,,,,,,,,,,,,,,,,,,,,,,,,,,,,,,,,,,,,,,,,,,,,,,,,,,,,,,,,,,,,,,,,,,,,,,,,,,,,,,,,,,,,,,,,,,,,,,,,,,,,,,,,,,,,,,,,,,,,,,,,,,,,,,,,,,,,,,,,,,,,,,,,,,,,,,,,,,,,,,,,,,,,,,,,,,,,,,,,,,,,,,,,,,,,,,,,,,51,50,48,50,48,49,49,48,50,47,50,45,54,51,48,46,51,49,49,52,50,50,49,49,50,51,49,47,49,51,48,48,48,49,48,51,49,51,46,50,46,49,48,49,52,50,48,52,49,48,49,49,49,51,46,50,50,47,50,47,49,49,48,52,49,48,48,51,47,50,49,47,49,48,49,51,49,50,50,47,50,49,48,48,48,49,49,50,49,48,47,49,49,51,48,49,49,49,51,51,48,49,47,48,49,51,48,49,52,50,48,50,48,49,49,53,50,51,49,51,49,49,49,53,50,46,55,48,52,47,49,52,48,52,49,50,47,48,48,48,49,50,48,51,49,50,48,48,48,51,50,51,48,51,47,48,51,51,51,49,50,50,50,49,51,51,45-54,Male,,Bachelor's degree,,White / Caucasian,,6,0.020795168
R_7ifcFXDRmzgRLVf,Inventory Manager,,,,,,,,,,,,,,,,,,,,,,,,,,,,,,,,,,,,,,,,,,,,,,,,,,,,,,,,,,,,,,,,,,,,,,,,,,,,,,,,,,,,,,,,,,,,,,,,,,,,,,,,,,,,,,,,,,,,,,,,,,,,,,,,,,,,,,,,,,,,,,,,,,,,,,,,,,,,,,,,,,,,,,,,,,,,,,,,,,,,,,,,,,,,,,,,,,,,,,,,,,,,,,,,,,,,,,,,,,,,,,,,,,,,,,,,,,,,,,,,,,,,,,,,,,,,,,,,,,,,,,,,,,,,,,,,,,,,,,,,,,,,,,,,,,,,,,,,,,,,,,,,,,,,,,,,,,,,,,,,,,,,,,,,,,,,,,28,30,53,6,3,5,71,17,1,62,15,26,14,21,59,8,62,56,80,2,3,14,10,35,38,2,55,37,25,15,29,15,11,31,82,52,22,3,37,65,7,17,10,69,76,11,57,65,12,40,31,61,59,14,8,73,44,15,10,45,58,10,84,18,12,15,30,65,58,10,74,24,9,55,18,34,61,7,56,6,6,14,50,63,50,56,64,51,73,10,21,7,62,25,55,58,12,30,6,78,25,21,44,60,29,15,62,5,2,43,26,23,74,10,98,3,25,49,17,22,26,14,61,18,55,10,63,4,62,30,97,27,88,25,60,16,39,4,59,12,17,25,15,74,55,4,23,86,55,63,55,56,81,35,5,50,66,15,82,4,32,48,5,5,63,45,29,,,,,,,,,,,,,,,,,,,,,,,,,,,,,,,,,,,,,,,,,,,,,,,,,,,,,,,,,,,,,,,,,,,,,,,,,,,,,,,,,,,,,,,,,,,,,,,,,,,,,,,,,,,,,,,,,,,,,,,,,,,,,,,,,,,,,,,,,,,,,,,,,,,,,,,,,,,,,,,,,,,,,,,,,,,,,,,,,,,,,,,,,,,,,,,,,,,,,,,,,,,,,,,,,,,,,,,,,,,,,,,,,,,,,,,,,,,,,,,,,,,,,,,,,,,,,,,,,,,,,,,,,,,,,,,,,,,,,,,,,,,,,,,,,,,,,,,,,,,,,,,,,,,,,,,,,,,,,,,,,,,,,,,,,,,,,,,,,,,,,,,,,,,,,,,,,,,,,,,,,,,,,,,,,,,,,,,,,,,,,,,,,,,,,,,,,,,,,,,,,,,,,,,,,,,,,,,,,,,,,,,,,,,,,,,,,,,,,,,,,,,,,,,,,,,,,,,,,,,,,,,,,,,,,,,,,,,,,,,,,,,,,,,,,,,,,,,,,,25-34,Female,,Graduate degree,,Asian,,3,0.796406727
R_1N9c8roZgnJsj2y,Inventory Manager,,,,,,,,,,,,,,,,,,,,,,,,,,,,,,,,,,,,,,,,,,,,,,,,,,,,,,,,,,,,,,,,,,,,,,,,,,,,,,,,,,,,,,,,,,,,,,,,,,,,,,,,,,,,,,,,,,,,,,,,,,,,,,,,,,,,,,,,,,,,,,,,,,,,,,,,,,,,,,,,,,,,,,,,,,,,,,,,,,,,,,,,,,,,,,,,,,,,,,,,,,,,,,,,,,,,,,,,,,,,,,,,,,,,,,,,,,,,,,,,,,,,,,,,,,,,,,,,,,,,,,,,,,,,,,,,,,,,,,,,,,,,,,,,,,,,,,,,,,,,,,,,,,,,,,,,,,,,,,,,,,,,,,,,,,,,,,81,83,81,92,83,79,81,83,79,78,87,75,71,79,87,79,81,86,85,74,75,77,50,80,81,81,89,80,91,74,75,83,79,81,87,85,75,64,74,79,62,78,79,81,84,81,79,80,86,77,89,81,80,80,76,82,83,81,96,77,82,81,85,81,89,90,92,80,77,77,78,80,23,82,79,89,77,81,81,56,88,75,78,81,79,80,75,80,81,75,92,77,90,64,81,81,76,80,74,79,67,82,83,83,88,72,81,87,80,88,84,80,88,80,90,84,70,83,76,85,87,80,81,82,81,74,80,79,81,88,83,85,74,77,81,81,79,79,85,81,80,80,90,83,81,87,85,82,73,75,84,80,73,77,82,71,74,74,82,75,83,80,71,93,83,81,85,,,,,,,,,,,,,,,,,,,,,,,,,,,,,,,,,,,,,,,,,,,,,,,,,,,,,,,,,,,,,,,,,,,,,,,,,,,,,,,,,,,,,,,,,,,,,,,,,,,,,,,,,,,,,,,,,,,,,,,,,,,,,,,,,,,,,,,,,,,,,,,,,,,,,,,,,,,,,,,,,,,,,,,,,,,,,,,,,,,,,,,,,,,,,,,,,,,,,,,,,,,,,,,,,,,,,,,,,,,,,,,,,,,,,,,,,,,,,,,,,,,,,,,,,,,,,,,,,,,,,,,,,,,,,,,,,,,,,,,,,,,,,,,,,,,,,,,,,,,,,,,,,,,,,,,,,,,,,,,,,,,,,,,,,,,,,,,,,,,,,,,,,,,,,,,,,,,,,,,,,,,,,,,,,,,,,,,,,,,,,,,,,,,,,,,,,,,,,,,,,,,,,,,,,,,,,,,,,,,,,,,,,,,,,,,,,,,,,,,,,,,,,,,,,,,,,,,,,,,,,,,,,,,,,,,,,,,,,,,,,,,,,,,,,,,,,,,,,,18-24,Male,,High school graduate,,Black or African American,,3,0.129277267
R_5k0cPp1aMqB2J5b,Retail Sales Associate,,,,,,,,,,,,,,,,,,,,,,,,,,,,,,,,,,,,,,,,,,,,,,,,,,,,,,,,,,,,,,,,,,,,,,,,,,,,,,,,,,,,,,,,,,,,,,,,,,,,,,,,,,,,,,,,,,,,,,,,,,,,,,,,,,,,,,,,,,,,,,,,,,,,,,,,,,,,,,,,,,,,,,,,,,,,,,,,,,,,,,,,,,,,,,,,,,,,,,,,,,,,,,,,,,,,,,,,,,,,,,,,,,,,,,,,,,,,,,,,,,,,,,,,,,,,,,,,,,,,,,,,,,,,,,,,,,,,,,,,,,,,,,,,,,,,,,,,,,,,,,,,,,,,,,,,,,,,,,,,,,,,,,,,,,,,,,,,,,,,,,,,,,,,,,,,,,,,,,,,,,,,,,,,,,,,,,,,,,,,,,,,,,,,,,,,,,,,,,,,,,,,,,,,,,,,,,,,,,,,,,,,,,,,,,,,,,,,,,,,,,,,,,,,,,,,,,,,,,,,,,,,,,,,,,,,,,,,,,,,,,,,,,,,,,,,,,,,,,,,,76,74,45,45,67,60,69,71,90,59,72,80,41,83,77,42,48,87,73,35,62,94,71,71,70,71,80,43,74,58,45,48,82,48,60,42,89,55,91,68,69,72,67,62,60,50,58,58,44,52,38,52,88,82,79,70,46,80,89,57,60,89,74,92,54,75,67,74,40,60,36,72,70,52,49,75,41,36,84,58,59,62,22,89,68,85,62,64,70,56,84,77,40,90,64,48,75,65,40,87,87,38,89,83,77,73,53,72,67,89,74,80,82,87,90,37,46,93,87,57,43,53,63,92,80,76,68,60,45,52,38,45,48,54,90,54,70,73,55,79,60,56,38,65,84,73,52,76,82,63,74,84,57,57,78,55,70,86,49,78,33,67,89,67,81,53,88,,,,,,,,,,,,,,,,,,,,,,,,,,,,,,,,,,,,,,,,,,,,,,,,,,,,,,,,,,,,,,,,,,,,,,,,,,,,,,,,,,,,,,,,,,,,,,,,,,,,,,,,,,,,,,,,,,,,,,,,,,,,,,,,,,,,,,,,,,,,,,,,,,,,,,,,,,,,,,,,,,,,,,,,,,,,,,,,,,,,,,,,,,,,,,,,,,,,,,,,,,,,,,,,,,,,,,,,,,,,,,,,,,,,,,,,,,,,,,,,,,,,,,,,,,,,,,,,,,,,,,,,,,,,,,,,,,,,,,,,,,,,,,,,,,,,,,,,,,,,,,,,,,,,,,,,,,,,,,,,,,,,,,,,,,,55-64,Female,,High school graduate,,White / Caucasian,,4,0.770962463
R_7fqgv7yEBAQ5845,Financial Advisor,,,,,,,,,,,,,,,,,,,,,,,,,,,,,,,,,,,,,,,,,,,,,,,,,,,,,,,,,,,,,,,,,,,,,,,,,,,,,,,,,,,,,,,,,,,,,,,,,,,,,,,,,,,,,,,,,,,,,,,,,,,,,,,,,,,,,,,,,,,,,,,,,,,,,,,,,,,,,,,,,,,,,,,,,,,,,,,,,,,,,,,,,,,,,,,,,,,,,,,,,,,,,,,,,,,,,,,,,,,,,,,,,,,,,,,,,,,,,,,,,,,,,,,,,,,,,,,,,,,,,,,,,,,,,,,,,,,,,,,,,,,,,,,,,,,,,,,,,,,,,,,,,,,,,,,,,,,,,,,,,,,,,,,,,,,,,,,,,,,,,,,,,,,,,,,,,,,,,,,,,,,,,,,,,,,,,,,,,,,,,,,,,,,,,,,,,,,,,,,,,,,,,,,,,,,,,,,,,,,,,,,,,,,,,,,,,,,,,,,,,,,,,,,,,,,,,,,,,,,,,,,,,,,,,,,,,,,,,,,,,,,,,,,,,,,,,,,,,,,,,,,,,,,,,,,,,,,,,,,,,,,,,,,,,,,,,,,,,,,,,,,,,,,,,,,,,,,,,,,,,,,,,,,,,,,,,,,,,,,,,,,,,,,,,,,,,,,,,,,,,,,,,,,,,,,,,,,,,,,,,,,,,,,,,,,,,,,,,,,,,,,,,,,,,,,,,,,,,,,,,,,,,,,,73,19,95,13,26,98,94,44,39,37,64,28,5,81,56,65,55,8,78,100,19,58,79,86,47,91,1,37,92,77,22,69,12,62,32,85,20,91,15,11,21,15,93,39,47,30,93,19,51,64,30,23,55,38,69,22,90,21,90,16,69,37,51,66,13,96,85,33,55,86,100,30,73,37,68,44,12,62,64,83,58,39,92,26,75,71,76,28,100,84,89,69,4,98,64,57,18,45,44,0,94,90,78,79,16,56,90,24,55,96,88,52,44,22,95,3,86,16,22,77,57,40,78,95,66,55,70,83,58,54,23,83,54,21,100,85,67,11,64,93,100,56,42,69,97,26,18,92,77,31,45,95,64,83,75,91,8,90,57,84,40,12,81,79,,,,,,,,,,,,,,,,,,,,,,,,,,,,,,,,,,,,,,,,,,,,,,,,,,,,,,,,,,,,,,,,,,,,,,,,,,,,,,,,,,,,,,,,,,,,,,,,,,,,,,,,,,,,,,,,,,,,,,,,,,,,,,,,,,,,,,,,,,,,,,,,,,,,,,,,,,,,,,,,,,,,,,,18-24,Male,,High school graduate,,White / Caucasian,,5,0.411145368
R_6fg19V90rgPgL6A,Retail Sales Associate,,,,,,,,,,,,,,,,,,,,,,,,,,,,,,,,,,,,,,,,,,,,,,,,,,,,,,,,,,,,,,,,,,,,,,,,,,,,,,,,,,,,,,,,,,,,,,,,,,,,,,,,,,,,,,,,,,,,,,,,,,,,,,,,,,,,,,,,,,,,,,,,,,,,,,,,,,,,,,,,,,,,,,,,,,,,,,,,,,,,,,,,,,,,,,,,,,,,,,,,,,,,,,,,,,,,,,,,,,,,,,,,,,,,,,,,,,,,,,,,,,,,,,,,,,,,,,,,,,,,,,,,,,,,,,,,,,,,,,,,,,,,,,,,,,,,,,,,,,,,,,,,,,,,,,,,,,,,,,,,,,,,,,,,,,,,,,,,,,,,,,,,,,,,,,,,,,,,,,,,,,,,,,,,,,,,,,,,,,,,,,,,,,,,,,,,,,,,,,,,,,,,,,,,,,,,,,,,,,,,,,,,,,,,,,,,,,,,,,,,,,,,,,,,,,,,,,,,,,,,,,,,,,,,,,,,,,,,,,,,,,,,,,,,,,,,,,,,,,,,,,,,,,,,,,,,,,,,,,,,,,,,,,,,,,,,,,,,,,,,,,,,,,,,,,,,,,,,,,,,,,,,,,,,,,,,,,,,,,,,,,,,,,,,,,,,,,,,,,,,,,,,,,,,,,,,,,,,,,,,,,,,,,,,,,,,,,,,,,,,,,,,,,,,,,,,,,,,,,,,,,,,,,,,,,,,,,,,,,,,,,,,,,,,,,,,,,,,,,,,,,,,,,,,,,,,,,,,,,,,,,,,,,,,,,,,,,,,,,,,,,,,,,,,,,,,,,,,,,,,,,,,,,,,,,,,,,,,,,,,,,,,,,,,,,,,,,,,,,,,,,,,,,,,,,,,,,,,,,,,,,,,,,,,,,,,100,100,100,70,100,100,98,100,100,100,100,90,80,100,100,60,85,100,100,95,100,100,100,85,68,100,100,100,94,59,100,60,100,100,100,100,100,100,100,100,100,100,100,100,75,100,100,98,100,100,100,100,65,100,82,88,95,100,100,100,98,98,85,100,98,100,65,100,80,85,78,100,100,100,100,50,100,100,100,70,97,85,100,100,100,100,80,65,95,100,90,100,100,100,100,100,100,100,100,95,85,70,65,65,95,100,90,100,100,100,70,100,65,100,100,100,100,100,100,80,100,100,100,100,100,100,100,100,100,100,100,85,100,65,95,100,100,75,100,90,100,100,100,100,100,100,91,95,100,95,85,50,100,75,100,100,90,65,70,100,70,100,100,80,100,85,25-34,Female,,Some high school,,White / Caucasian,,6,0.896136349
R_5fjiF8fB2ze7OXn,Risk Analyst,,,,,,,,,,,,,,,,,,,,,,,,,,,,,,,,,,,,,,,,,,,,,,,,,,,,,,,,,,,,,,,,,,,,,,,,,,,,,,,,,,,,,,,,,,,,,,,,,,,,,,,,,,,,,,,,,,,,,,,,,,,,,,,,,,,,,,,,,,,,,,,,,,,,,,,,,,,,,,,,,,,,,,,,,,,,,,,,,,,,,,,,,,,,,,,,,,,,,,,,,,,,,,,,,,,,,,,,,,,,,,,,,,,,,,,,,,,,,,,,,,,,,,,,,,,,,,,,,,,,,,,,,,,,,,,,,,,,,,,,,,,,,,,,,,,,,,,,,,,,,,,,,,,,,,,,,,,,,,,,,,,,,,,,,,,,,,,,,,,,,,,,,,,,,,,,,,,,,,,,,,,,,,,,,,,,,,,,,,,,,,,,,,,,,,,,,,,,,,,,,,,,,,,,,,,,,,,,,,,,,,,,,,,,,,,,,,,,,,,,,,,,,,,,,,,,,,,,,,,,,,,,,,,,,,,,,,,,,,,,,,,,,,,,,,,,,,,,,,,,,,,,,,,,,,,,,,,,,,,,,,,,,,,,,,,,,,,,,,,,,,,,,,,,,,,,,,,,,,,,,,,,,,,,,,,,,,,,,,,,,,,,,,,,,,,,,,,,,,,,,,,,,,,,,,,,,,,,,,,,,,,,,,,,,,,,,,,,,,,,,,,,,,,,,,,,,,,,,,,,,,,,,,,,58,14,21,52,15,21,49,30,11,48,60,28,27,40,39,25,27,73,14,51,54,53,28,21,8,24,30,62,49,38,30,23,22,40,15,39,7,31,58,28,50,15,24,72,47,7,70,31,12,46,14,59,23,62,8,45,95,18,31,73,20,80,11,9,38,60,33,18,62,11,49,40,25,68,15,8,56,40,21,9,28,20,11,35,39,22,48,27,53,12,62,22,15,62,80,44,40,26,21,17,84,40,35,21,11,53,53,53,51,26,52,18,13,16,24,21,10,20,9,53,60,100,55,22,53,15,18,16,56,54,3,50,11,56,42,44,25,73,38,68,11,5,45,11,9,48,15,13,51,60,52,65,66,38,19,24,11,63,58,10,24,16,13,39,,,,,,,,,,,,,,,,,,,,,,,,,,,,,,,,,,,,,,,,,,,,,,,,,,,,,,,,,,,,,,,,,,,,,,,,,,,,,,,,,,,,,,,,,,,,,,,,,,,,,,,,,,,,,,,,,,,,,,,,,,,,,,,,,,,,,,,,,,,,,,,,,,,,,,,,,,,,,,,,,,,,,,,18-24,Female,,High school graduate,,White / Caucasian,,5,0.449465193
R_7Sf7VfnBEsMCs5R,Inventory Manager,,,,,,,,,,,,,,,,,,,,,,,,,,,,,,,,,,,,,,,,,,,,,,,,,,,,,,,,,,,,,,,,,,,,,,,,,,,,,,,,,,,,,,,,,,,,,,,,,,,,,,,,,,,,,,,,,,,,,,,,,,,,,,,,,,,,,,,,,,,,,,,,,,,,,,,,,,,,,,,,,,,,,,,,,,,,,,,,,,,,,,,,,,,,,,,,,,,,,,,,,,,,,,,,,,,,,,,,,,,,,,,,,,,,,,,,,,,,,,,,,,,,,,,,,,,,,,,,,,,,,,,,,,,,,,,,,,,,,,,,,,,,,,,,,,,,,,,,,,,,,,,,,,,,,,,,,,,,,,,,,,,,,,,,,,,,,,,,,,,,,,,,,,,,,,,,,,,,,,,,,,,,,,,,,,,,,,,,,,,,,,,,,,,,,,,,,,,,,,,,,,,,,,,,,,,,,,,,,,,,,,,,,,,,,,,,,,,,,,,,,,,,,,,,,,,,,,,,,,,,,,,,,,,,,,,,,,,,,,,,,,,,,,,,,,,,,,,,,,,,,100,90,45,68,74,63,100,77,73,64,81,58,100,100,41,72,78,100,100,73,87,100,81,94,78,98,74,70,82,100,100,100,100,85,100,65,32,100,100,92,100,75,76,72,90,37,100,100,50,83,80,49,100,67,100,42,65,28,86,82,79,38,100,73,59,64,49,66,88,82,85,80,29,83,100,100,100,92,100,100,55,48,76,63,39,77,100,91,100,100,52,100,74,93,100,78,97,73,73,100,39,59,100,100,100,100,100,97,100,72,100,77,61,76,100,39,74,100,100,64,80,100,100,100,89,100,63,48,97,77,95,78,96,57,100,76,99,95,100,80,100,81,88,100,100,98,82,75,100,59,100,79,72,100,100,100,84,100,76,100,87,100,100,92,100,69,75,,,,,,,,,,,,,,,,,,,,,,,,,,,,,,,,,,,,,,,,,,,,,,,,,,,,,,,,,,,,,,,,,,,,,,,,,,,,,,,,,,,,,,,,,,,,,,,,,,,,,,,,,,,,,,,,,,,,,,,,,,,,,,,,,,,,,,,,,,,,,,,,,,,,,,,,,,,,,,,,,,,,,,,,,,,,,,,,,,,,,,,,,,,,,,,,,,,,,,,,,,,,,,,,,,,,,,,,,,,,,,,,,,,,,,,,,,,,,,,,,,,,,,,,,,,,,,,,,,,,,,,,,,,,,,,,,,,,,,,,,,,,,,,,,,,,,,,,,,,,,,,,,,,,,,,,,,,,,,,,,,,,,,,,,,,45-54,Female,,Some college,,White / Caucasian,,4,0.61074761
R_5FExzfLnfRolWFz,Retail Sales Associate,,,,,,,,,,,,,,,,,,,,,,,,,,,,,,,,,,,,,,,,,,,,,,,,,,,,,,,,,,,,,,,,,,,,,,,,,,,,,,,,,,,,,,,,,,,,,,,,,,,,,,,,,,,,,,,,,,,,,,,,,,,,,,,,,,,,,,,,,,,,,,,,,,,,,,,,,,,,,,,,,,,,,,,,,,,,,,,,,,,,,,,,,,,,,,,,,,,,,,,,,,,,,,,,,,,,,,,,,,,,,,,,,,,,,,,,,,,,,,,,,,,,,,,,,,,,,,,,,,,,,,,,,,,,,,,,,,,,,,,,,,,,,,,,,,,,,,,,,,,,,,,,,,,,,,,,,,,,,,,,,,,,,,,,,,,,,,,,,,,,,,,,,,,,,,,,,,,,,,,,,,,,,,,,,,,,,,,,,,,,,,,,,,,,,,,,,,,,,,,,,,,,,,,,,,,,,,,,,,,,,,,,,,,,,,,,,,,,,,,,,,,,,,,,,,,,,,,,,,,,,,,,,,,,,,,,,,,,,,,,,,,,,,,,,,,,,,,,,,,,,,,,,,,,,,,,,,,,,,,,,,,,,,,,,,,,,,,,,,,,,,,,,,,,,,,,,,,,,,,,,,,,,,,,,,,,,,,,,,,,,,,,,,,,,,,,,,,,,,,,,,,,,,,,,,,,,,,,,,,,,,,,,,,,,,,,,,,,,,,,,,,,,,,,,,,,,,,,,,,,,,,,,,,,,,,,,,,,,,,,,,,,,,,,,,,,,,,,,,,,,,,,,,,,,,,,,,,,,,,,,,,,,,,,,,,,,,,,,,,,,,,,,,,,,,,,,,,,,,,,,,,,,,,,,,,,,,,,,,,,,,,,,,,,,,,,,,,,,,,,,,,,,,,,,,,,,,,,,,,,,,,,,,,,,,,,92,57,81,79,93,45,95,52,51,63,66,46,52,92,90,90,48,92,81,94,85,95,95,92,85,91,90,94,50,74,62,76,57,69,93,80,62,62,85,71,93,41,63,94,48,41,79,94,77,85,94,51,55,52,65,92,57,68,93,51,62,81,68,94,48,94,87,82,90,93,52,95,89,62,85,36,86,50,96,44,72,94,81,95,92,49,92,40,40,75,39,67,61,93,91,83,48,65,91,54,47,46,72,82,87,87,60,82,49,76,92,50,51,76,84,95,96,51,92,48,91,60,95,75,95,85,78,92,87,52,93,53,77,53,72,94,91,45,50,82,81,59,72,40,50,92,58,81,95,59,93,35,91,42,54,84,45,65,51,95,44,87,84,50,72,70,45-54,Female,,Some college,,Asian,,6,0.909091461
R_3AWEjnisU5QrwAm,Inventory Manager,50,50,50,50,50,100,100,100,50,100,50,100,100,50,100,50,100,50,50,100,100,50,50,50,100,100,100,50,100,50,100,100,50,50,100,50,50,100,50,100,100,100,100,100,50,50,100,50,100,50,50,50,50,100,50,50,100,50,50,50,50,100,100,50,100,50,100,50,50,50,50,100,100,100,50,100,100,50,50,100,50,100,50,50,100,50,100,100,50,100,100,100,50,50,50,100,50,50,100,100,50,100,100,100,100,100,100,100,50,100,100,50,100,50,100,50,100,50,50,100,50,50,100,50,100,50,100,100,50,50,100,100,100,50,50,100,50,100,100,50,100,50,50,100,50,50,50,50,50,50,50,100,50,100,100,100,100,50,50,50,50,100,50,50,100,50,100,,,,,,,,,,,,,,,,,,,,,,,,,,,,,,,,,,,,,,,,,,,,,,,,,,,,,,,,,,,,,,,,,,,,,,,,,,,,,,,,,,,,,,,,,,,,,,,,,,,,,,,,,,,,,,,,,,,,,,,,,,,,,,,,,,,,,,,,,,,,,,,,,,,,,,,,,,,,,,,,,,,,,,,,,,,,,,,,,,,,,,,,,,,,,,,,,,,,,,,,,,,,,,,,,,,,,,,,,,,,,,,,,,,,,,,,,,,,,,,,,,,,,,,,,,,,,,,,,,,,,,,,,,,,,,,,,,,,,,,,,,,,,,,,,,,,,,,,,,,,,,,,,,,,,,,,,,,,,,,,,,,,,,,,,,,,,,,,,,,,,,,,,,,,,,,,,,,,,,,,,,,,,,,,,,,,,,,,,,,,,,,,,,,,,,,,,,,,,,,,,,,,,,,,,,,,,,,,,,,,,,,,,,,,,,,,,,,,,,,,,,,,,,,,,,,,,,,,,,,,,,,,,,,,,,,,,,,,,,,,,,,,,,,,,,,,,,,,,,,,,,,,,,,,,,,,,,,,,,,,,,,,,,,,,,,,,,,,,,,,,,,,,,,,,,,,,,,,,,,,,,,,,,,,,,,,,,,,,,,,,,,,,,,,,,,,,,,,,,,,,,,,,,,,,,,,,,,,,,,,,,,,,,,,,,,,,,,,,,,,,,,,,,,,,,,,,,,,,,,,,,,,,,,,,,,,,,,,,,,,,,,,,,,,,,,,,,,,,,,,,,,,,,,,,,,,,,,,,,,,,,,,,,,,,,,,,,,,,,,,,,,,,,,,,,,,,,,,,,,,,,,,,,,,,,,,,,,,,,,,,,,,,,,,,,,,,,,,,,,,,,,,,,,,,,,,,,,,,,,,,,,,,,,,,,,45-54,Female,,High school graduate,,White / Caucasian,,1,0.027777778
R_1FIWQpXpq8MIvBl,Inventory Manager,,,,,,,,,,,,,,,,,,,,,,,,,,,,,,,,,,,,,,,,,,,,,,,,,,,,,,,,,,,,,,,,,,,,,,,,,,,,,,,,,,,,,,,,,,,,,,,,,,,,,,,,,,,,,,,,,,,,,,,,,,,,,,,,,,,,,,,,,,,,,,,,,,,,,,,,,,,,,,,,,,,,,,,,,,,,,,,,,,,,,,,,,,,,,,,,,,,,,,,,,,,,,,,,,,,,,,,,,,,,,,,,,,,,,,,,,,,,,,,,,,,,,,,,,,,,,,,,,,,,,,,,,,,,,,,,,,,,,,,,,,,,,,,,,,,,,,,,,,,,,,,,,,,,,,,,,,,,,,,,,,,,,,,,,,,,,,27,11,96,26,92,33,5,92,64,79,52,41,59,44,85,66,35,35,83,61,61,11,6,29,19,30,66,72,31,12,98,12,22,39,74,62,8,4,58,21,25,36,30,22,94,38,24,17,2,64,91,6,3,78,32,5,58,86,12,20,21,30,4,37,19,63,75,37,30,23,90,4,7,51,36,5,86,79,32,3,91,31,91,32,23,85,53,49,15,75,26,10,50,5,4,9,75,43,63,49,100,27,12,78,30,84,80,36,17,38,59,41,46,44,81,22,11,39,31,64,21,6,19,18,22,66,63,88,78,88,77,24,59,38,14,54,93,50,83,69,56,41,78,80,42,24,15,94,21,71,3,16,5,70,94,84,23,4,18,91,36,57,21,75,63,85,83,,,,,,,,,,,,,,,,,,,,,,,,,,,,,,,,,,,,,,,,,,,,,,,,,,,,,,,,,,,,,,,,,,,,,,,,,,,,,,,,,,,,,,,,,,,,,,,,,,,,,,,,,,,,,,,,,,,,,,,,,,,,,,,,,,,,,,,,,,,,,,,,,,,,,,,,,,,,,,,,,,,,,,,,,,,,,,,,,,,,,,,,,,,,,,,,,,,,,,,,,,,,,,,,,,,,,,,,,,,,,,,,,,,,,,,,,,,,,,,,,,,,,,,,,,,,,,,,,,,,,,,,,,,,,,,,,,,,,,,,,,,,,,,,,,,,,,,,,,,,,,,,,,,,,,,,,,,,,,,,,,,,,,,,,,,,,,,,,,,,,,,,,,,,,,,,,,,,,,,,,,,,,,,,,,,,,,,,,,,,,,,,,,,,,,,,,,,,,,,,,,,,,,,,,,,,,,,,,,,,,,,,,,,,,,,,,,,,,,,,,,,,,,,,,,,,,,,,,,,,,,,,,,,,,,,,,,,,,,,,,,,,,,,,,,,,,,,,,,18-24,Female,,Bachelor's degree,,White / Caucasian,,3,0.713751738
R_7DcaBIrc2lHCNuF,Risk Analyst,,,,,,,,,,,,,,,,,,,,,,,,,,,,,,,,,,,,,,,,,,,,,,,,,,,,,,,,,,,,,,,,,,,,,,,,,,,,,,,,,,,,,,,,,,,,,,,,,,,,,,,,,,,,,,,,,,,,,,,,,,,,,,,,,,,,,,,,,,,,,,,,,,,,,,,,,,,,,,,,,,,,,,,,38,28,81,36,38,38,31,47,19,28,39,26,34,33,47,36,44,11,42,40,36,22,10,12,34,37,46,42,33,29,1,59,9,26,24,28,55,75,34,22,38,44,34,15,44,37,25,44,55,35,44,4,23,30,37,38,38,48,18,52,62,36,34,38,30,16,47,41,38,46,56,31,41,41,41,47,40,20,60,35,33,30,42,33,47,24,32,36,28,21,25,90,24,25,66,38,59,13,37,33,15,33,100,35,27,35,46,17,14,40,32,20,28,19,44,20,42,61,10,39,40,8,91,39,6,43,58,34,68,36,38,40,37,32,56,48,41,37,33,62,52,39,45,54,84,1,31,35,41,30,46,60,38,49,38,46,3,20,47,17,24,42,12,43,56,87,,,,,,,,,,,,,,,,,,,,,,,,,,,,,,,,,,,,,,,,,,,,,,,,,,,,,,,,,,,,,,,,,,,,,,,,,,,,,,,,,,,,,,,,,,,,,,,,,,,,,,,,,,,,,,,,,,,,,,,,,,,,,,,,,,,,,,,,,,,,,,,,,,,,,,,,,,,,,,,,,,,,,,,,,,,,,,,,,,,,,,,,,,,,,,,,,,,,,,,,,,,,,,,,,,,,,,,,,,,,,,,,,,,,,,,,,,,,,,,,,,,,,,,,,,,,,,,,,,,,,,,,,,,,,,,,,,,,,,,,,,,,,,,,,,,,,,,,,,,,,,,,,,,,,,,,,,,,,,,,,,,,,,,,,,,,,,,,,,,,,,,,,,,,,,,,,,,,,,,,,,,,,,,,,,,,,,,,,,,,,,,,,,,,,,,,,,,,,,,,,,,,,,,,,,,,,,,,,,,,,,,,,,,,,,,,,,,,,,,,,,,,,,,,,,,,,,,,,,,,,,,,,,,,,,,,,,,,,,,,,,,,,,,,,,,,,,,,,,,,,,,,,,,,,,,,,,,,,,,,,,,,,,,,,,,,,,,,,,,,,,,,,,,,,,,,,,,,,,,,,,,,,,,,,,,,,,,,,,,,,,,,,,,,,,,,,,,,,,,,,,,,,,,,,,,,,,,,,,,,,,,,,,,,,,,,,,,,,,,,,,,,,,,,,,,,,,,,,,,,,,,,,45-54,Female,,Some college,,Black or African American,,2,0.185806985
R_67EhhnsdwRkE4u4,Retail Sales Associate,4,73,76,65,36,53,81,88,95,67,100,0,65,20,50,79,70,60,84,0,74,82,88,20,57,45,33,100,62,69,99,100,0,79,67,97,30,1,80,99,59,100,83,98,2,54,1,88,1,19,29,1,62,66,100,84,0,100,100,94,1,100,72,99,0,81,67,84,47,79,97,68,100,68,65,47,99,38,77,1,100,1,1,45,87,17,61,25,100,73,1,71,41,100,45,81,30,56,100,51,1,90,40,70,60,1,72,100,100,86,57,88,79,80,63,1,55,1,1,14,0,90,34,47,75,73,100,72,23,97,1,90,100,100,100,78,52,11,98,0,47,100,41,50,35,82,1,1,1,49,4,93,100,21,51,100,6,63,83,86,0,56,100,1,29,100,100,,,,,,,,,,,,,,,,,,,,,,,,,,,,,,,,,,,,,,,,,,,,,,,,,,,,,,,,,,,,,,,,,,,,,,,,,,,,,,,,,,,,,,,,,,,,,,,,,,,,,,,,,,,,,,,,,,,,,,,,,,,,,,,,,,,,,,,,,,,,,,,,,,,,,,,,,,,,,,,,,,,,,,,,,,,,,,,,,,,,,,,,,,,,,,,,,,,,,,,,,,,,,,,,,,,,,,,,,,,,,,,,,,,,,,,,,,,,,,,,,,,,,,,,,,,,,,,,,,,,,,,,,,,,,,,,,,,,,,,,,,,,,,,,,,,,,,,,,,,,,,,,,,,,,,,,,,,,,,,,,,,,,,,,,,,,,,,,,,,,,,,,,,,,,,,,,,,,,,,,,,,,,,,,,,,,,,,,,,,,,,,,,,,,,,,,,,,,,,,,,,,,,,,,,,,,,,,,,,,,,,,,,,,,,,,,,,,,,,,,,,,,,,,,,,,,,,,,,,,,,,,,,,,,,,,,,,,,,,,,,,,,,,,,,,,,,,,,,,,,,,,,,,,,,,,,,,,,,,,,,,,,,,,,,,,,,,,,,,,,,,,,,,,,,,,,,,,,,,,,,,,,,,,,,,,,,,,,,,,,,,,,,,,,,,,,,,,,,,,,,,,,,,,,,,,,,,,,,,,,,,,,,,,,,,,,,,,,,,,,,,,,,,,,,,,,,,,,,,,,,,,,,,,,,,,,,,,,,,,,,,,,,,,,,,,,,,,,,,,,,,,,,,,,,,,,,,,,,,,,,,,,,,,,,,,,,,,,,,,,,,,,,,,,,,,,,,,,,,,,,,,,,,,,,,,,,,,,,,,,,,,,,,,,,,,,,,,,,,,,,,,,,,,,,,,,,,,,,,,,,,,,,,,,,,,35-44,Male,,Bachelor's degree,,Asian,,1,0.824330115
R_1sly6F4vLUP6CYN,Retail Sales Associate,,,,,,,,,,,,,,,,,,,,,,,,,,,,,,,,,,,,,,,,,,,,,,,,,,,,,,,,,,,,,,,,,,,,,,,,,,,,,,,,,,,,,,,,,,,,,,,,,,,,,,,,,,,,,,,,,,,,,,,,,,,,,,,,,,,,,,,,,,,,,,,,,,,,,,,,,,,,,,,,,,,,,,,,100,100,100,100,100,80,52,100,100,100,99,100,100,100,100,100,37,100,100,85,96,100,64,17,100,16,94,100,100,100,98,100,100,59,100,100,100,41,83,100,100,58,100,100,100,100,100,100,100,100,100,0,100,100,100,100,100,34,14,100,37,100,100,100,100,54,100,100,100,100,35,100,100,100,100,58,69,100,100,100,100,100,100,64,100,100,13,100,100,68,67,100,62,100,75,100,100,64,100,100,100,80,100,100,100,100,100,5,69,12,84,26,100,100,100,0,33,23,100,100,100,100,56,76,100,20,100,51,46,100,100,100,100,100,100,100,100,100,100,100,100,100,100,100,100,100,37,51,100,100,45,100,100,74,50,100,100,100,100,100,38,100,100,0,100,58,,,,,,,,,,,,,,,,,,,,,,,,,,,,,,,,,,,,,,,,,,,,,,,,,,,,,,,,,,,,,,,,,,,,,,,,,,,,,,,,,,,,,,,,,,,,,,,,,,,,,,,,,,,,,,,,,,,,,,,,,,,,,,,,,,,,,,,,,,,,,,,,,,,,,,,,,,,,,,,,,,,,,,,,,,,,,,,,,,,,,,,,,,,,,,,,,,,,,,,,,,,,,,,,,,,,,,,,,,,,,,,,,,,,,,,,,,,,,,,,,,,,,,,,,,,,,,,,,,,,,,,,,,,,,,,,,,,,,,,,,,,,,,,,,,,,,,,,,,,,,,,,,,,,,,,,,,,,,,,,,,,,,,,,,,,,,,,,,,,,,,,,,,,,,,,,,,,,,,,,,,,,,,,,,,,,,,,,,,,,,,,,,,,,,,,,,,,,,,,,,,,,,,,,,,,,,,,,,,,,,,,,,,,,,,,,,,,,,,,,,,,,,,,,,,,,,,,,,,,,,,,,,,,,,,,,,,,,,,,,,,,,,,,,,,,,,,,,,,,,,,,,,,,,,,,,,,,,,,,,,,,,,,,,,,,,,,,,,,,,,,,,,,,,,,,,,,,,,,,,,,,,,,,,,,,,,,,,,,,,,,,,,,,,,,,,,,,,,,,,,,,,,,,,,,,,,,,,,,,,,,,,,,,,,,,,,,,,,,,,,,,,,,,,,,,,,,,,,,,,,,,,,45-54,Female,,Bachelor's degree,,Black or African American,,2,0.882823151
R_7Eg0EnXNAjtHWHZ,Retail Sales Associate,,,,,,,,,,,,,,,,,,,,,,,,,,,,,,,,,,,,,,,,,,,,,,,,,,,,,,,,,,,,,,,,,,,,,,,,,,,,,,,,,,,,,,,,,,,,,,,,,,,,,,,,,,,,,,,,,,,,,,,,,,,,,,,,,,,,,,,,,,,,,,,,,,,,,,,,,,,,,,,,,,,,,,,,,,,,,,,,,,,,,,,,,,,,,,,,,,,,,,,,,,,,,,,,,,,,,,,,,,,,,,,,,,,,,,,,,,,,,,,,,,,,,,,,,,,,,,,,,,,,,,,,,,,,,,,,,,,,,,,,,,,,,,,,,,,,,,,,,,,,,,,,,,,,,,,,,,,,,,,,,,,,,,,,,,,,,,,,,,,,,,,,,,,,,,,,,,,,,,,,,,,,,,,,,,,,,,,,,,,,,,,,,,,,,,,,,,,,,,,,,,,,,,,,,,,,,,,,,,,,,,,,,,,,,,,,,,,,,,,,,,,,,,,,,,,,,,,,,,,,,,,,,,,,,,,,,,,,,,,,,,,,,,,,,,,,,,,,,,,,,,,,,,,,,,,,,,,,,,,,,,,,,,,,,,,,,,,,,,,,,,,,,,,,,,,,,,,,,,,,,,,,,,,,,,,,,,,,,,,,,,,,,,,,,,,,,,,,,,,,,,,,,,,,,,,,,,,,,,,,,,,,,,,,,,,,,,,,,,,,,,,,,,,,,,,,,,,,,,,,,,,,,,,,,,,,,,,,,,,,,,,,,,,,,,,,,,,,,,,,,,,,,,,,,,,,,,,,,,,,,,,,,,,,,,,,,,,,,,,,,,,,,,,,,,,,,,,,,,,,,,,,,,,,,,,,,,,,,,,,,,,,,,,,,,,,,,,,,,,,,,,,,,,,,,,,,,,,,,,,,,,,,,,,,,,,91,82,85,78,95,69,77,80,93,90,84,67,72,89,79,70,77,90,93,76,96,93,94,80,72,88,92,94,89,75,74,71,86,78,86,89,79,87,96,78,90,76,76,92,69,86,67,93,88,96,93,92,73,87,76,88,87,89,94,93,87,78,71,95,69,88,69,95,73,78,68,88,93,93,92,65,87,82,86,74,79,81,80,96,94,83,75,70,76,90,71,93,78,95,93,86,83,88,93,79,69,74,77,72,69,75,66,95,87,95,70,78,71,86,95,79,93,75,93,63,92,95,92,87,88,90,90,95,84,76,88,62,88,72,81,96,91,60,66,91,84,73,84,93,86,95,81,86,88,67,72,73,89,70,93,87,73,67,74,87,67,93,88,67,87,91,45-54,Female,,Bachelor's degree,,White / Caucasian,,6,0.789204071
R_5w8dzkRgUls2RDX,Inventory Manager,76,71,6,7,15,1,71,49,71,6,66,70,9,76,3,1,70,6,30,69,2,6,55,22,2,8,7,26,11,0,21,71,72,8,9,65,70,70,10,84,74,2,13,73,71,3,5,66,19,14,14,20,7,8,59,11,76,71,55,69,55,72,4,66,79,9,4,4,3,5,7,10,8,31,6,76,65,77,5,73,41,74,10,75,75,9,5,68,72,77,86,9,3,12,9,2,3,22,74,2,75,63,6,1,10,2,2,69,49,5,72,72,5,72,68,8,1,82,80,73,65,6,56,5,2,69,22,5,16,2,84,59,73,67,12,4,25,80,70,15,3,70,3,14,22,8,66,5,5,1,8,6,70,65,9,74,77,2,75,7,19,9,53,2,61,16,3,,,,,,,,,,,,,,,,,,,,,,,,,,,,,,,,,,,,,,,,,,,,,,,,,,,,,,,,,,,,,,,,,,,,,,,,,,,,,,,,,,,,,,,,,,,,,,,,,,,,,,,,,,,,,,,,,,,,,,,,,,,,,,,,,,,,,,,,,,,,,,,,,,,,,,,,,,,,,,,,,,,,,,,,,,,,,,,,,,,,,,,,,,,,,,,,,,,,,,,,,,,,,,,,,,,,,,,,,,,,,,,,,,,,,,,,,,,,,,,,,,,,,,,,,,,,,,,,,,,,,,,,,,,,,,,,,,,,,,,,,,,,,,,,,,,,,,,,,,,,,,,,,,,,,,,,,,,,,,,,,,,,,,,,,,,,,,,,,,,,,,,,,,,,,,,,,,,,,,,,,,,,,,,,,,,,,,,,,,,,,,,,,,,,,,,,,,,,,,,,,,,,,,,,,,,,,,,,,,,,,,,,,,,,,,,,,,,,,,,,,,,,,,,,,,,,,,,,,,,,,,,,,,,,,,,,,,,,,,,,,,,,,,,,,,,,,,,,,,,,,,,,,,,,,,,,,,,,,,,,,,,,,,,,,,,,,,,,,,,,,,,,,,,,,,,,,,,,,,,,,,,,,,,,,,,,,,,,,,,,,,,,,,,,,,,,,,,,,,,,,,,,,,,,,,,,,,,,,,,,,,,,,,,,,,,,,,,,,,,,,,,,,,,,,,,,,,,,,,,,,,,,,,,,,,,,,,,,,,,,,,,,,,,,,,,,,,,,,,,,,,,,,,,,,,,,,,,,,,,,,,,,,,,,,,,,,,,,,,,,,,,,,,,,,,,,,,,,,,,,,,,,,,,,,,,,,,,,,,,,,,,,,,,,,,,,,,,,,,,,,,,,,,,,,,,,,,,,,,,,,,,,,,,,,,,35-44,Male,,High school graduate,,White / Caucasian,,1,0.862458839
R_7V0rXyNqfP57T57,Risk Analyst,,,,,,,,,,,,,,,,,,,,,,,,,,,,,,,,,,,,,,,,,,,,,,,,,,,,,,,,,,,,,,,,,,,,,,,,,,,,,,,,,,,,,,,,,,,,,,,,,,,,,,,,,,,,,,,,,,,,,,,,,,,,,,,,,,,,,,,,,,,,,,,,,,,,,,,,,,,,,,,,,,,,,,,,,,,,,,,,,,,,,,,,,,,,,,,,,,,,,,,,,,,,,,,,,,,,,,,,,,,,,,,,,,,,,,,,,,,,,,,,,,,,,,,,,,,,,,,,,,,,,,,,,,,,,,,,,,,,,,,,,,,,,,,,,,,,,,,,,,,,,,,,,,,,,,,,,,,,,,,,,,,,,,,,,,,,,,,,,,,,,,,,,,,,,,,,,,,,,,,,,,,,,,,,,,,,,,,,,,,,,,,,,,,,,,,,,,,,,,,,,,,,,,,,,,,,,,,,,,,,,,,,,,,,,,,,,,,,,,,,,,,,,,,,,,,,,,,,,,,,,,,,,,,,,,,,,,,,,,,,,,,,,,,,,,,,,,,,,,,,,46,16,64,65,91,46,58,64,68,11,39,55,74,21,23,60,21,32,60,83,62,76,57,32,30,22,54,69,79,42,53,64,91,75,72,97,64,51,74,64,14,81,32,63,78,13,67,16,63,44,14,25,72,38,53,24,25,68,33,79,54,41,64,48,68,40,24,59,96,27,53,83,86,69,82,67,68,27,51,28,58,39,24,87,55,58,31,39,24,59,77,61,44,48,66,18,27,14,17,71,63,86,57,27,71,14,22,55,34,70,46,9,28,23,51,12,62,66,50,65,68,89,61,41,15,24,38,11,47,73,14,96,61,74,25,51,40,42,66,67,58,31,63,69,53,60,18,64,37,21,49,60,17,78,39,83,9,58,30,68,77,74,51,53,69,30,46,,,,,,,,,,,,,,,,,,,,,,,,,,,,,,,,,,,,,,,,,,,,,,,,,,,,,,,,,,,,,,,,,,,,,,,,,,,,,,,,,,,,,,,,,,,,,,,,,,,,,,,,,,,,,,,,,,,,,,,,,,,,,,,,,,,,,,,,,,,,,,,,,,,,,,,,,,,,,,,,,,,,,,,,,,,,,,,,,,,,,,,,,,,,,,,,,,,,,,,,,,,,,,,,,,,,,,,,,,,,,,,,,,,,,,,,,,,,,,,,,,,,,,,,,,,,,,,,,,,,,,,,,,,,,,,,,,,,,,,,,,,,,,,,,,,,,,,,,,,,,,,,,,,,,,,,,,,,,,,,,,,,,,,,,,,25-34,Female,,High school graduate,,White / Caucasian,,4,0.177346019
R_7jpU6bjb8YbFqxv,Retail Sales Associate,,,,,,,,,,,,,,,,,,,,,,,,,,,,,,,,,,,,,,,,,,,,,,,,,,,,,,,,,,,,,,,,,,,,,,,,,,,,,,,,,,,,,,,,,,,,,,,,,,,,,,,,,,,,,,,,,,,,,,,,,,,,,,,,,,,,,,,,,,,,,,,,,,,,,,,,,,,,,,,,,,,,,,,,,,,,,,,,,,,,,,,,,,,,,,,,,,,,,,,,,,,,,,,,,,,,,,,,,,,,,,,,,,,,,,,,,,,,,,,,,,,,,,,,,,,,,,,,,,,,,,,,,,,,,,,,,,,,,,,,,,,,,,,,,,,,,,,,,,,,,,,,,,,,,,,,,,,,,,,,,,,,,,,,,,,,,,,,,,,,,,,,,,,,,,,,,,,,,,,,,,,,,,,,,,,,,,,,,,,,,,,,,,,,,,,,,,,,,,,,,,,,,,,,,,,,,,,,,,,,,,,,,,,,,,,,,,,,,,,,,,,,,,,,,,,,,,,,,,,,,,,,,,,,,,,,,,,,,,,,,,,,,,,,,,,,,,,,,,,,,,,,,,,,,,,,,,,,,,,,,,,,,,,,,,,,,,,,,,,,,,,,,,,,,,,,,,,,,,,,,,,,,,,,,,,,,,,,,,,,,,,,,,,,,,,,,,,,,,,,,,,,,,,,,,,,,,,,,,,,,,,,,,,,,,,,,,,,,,,,,,,,,,,,,,,,,,,,,,,,,,,,,,,,63,75,100,0,0,30,14,62,87,78,81,56,0,39,79,88,90,68,82,10,100,90,92,17,38,81,0,63,81,19,68,10,0,83,80,0,96,81,75,83,91,0,27,70,1,100,96,81,44,85,73,0,92,87,41,77,81,88,12,72,14,83,58,4,0,68,7,86,100,75,2,72,68,5,64,13,81,29,78,81,0,0,80,68,74,93,46,91,11,0,51,66,73,0,80,22,99,85,43,0,0,15,6,64,92,0,0,19,70,100,86,17,100,9,6,0,86,64,27,73,80,79,74,82,11,20,83,83,68,76,44,52,80,66,83,84,100,69,0,76,69,83,91,0,11,76,19,52,67,85,88,67,0,70,87,100,0,87,0,100,88,7,16,14,,,,,,,,,,,,,,,,,,,,,,,,,,,,,,,,,,,,,,,,,,,,,,,,,,,,,,,,,,,,,,,,,,,,,,,,,,,,,,,,,,,,,,,,,,,,,,,,,,,,,,,,,,,,,,,,,,,,,,,,,,,,,,,,,,,,,,,,,,,,,,,,,,,,,,,,,,,,,,,,,,,,,,,25-34,Female,,Some college,,White / Caucasian,,5,0.865039929
R_50M1nouEVn0MPpq,Retail Sales Associate,,,,,,,,,,,,,,,,,,,,,,,,,,,,,,,,,,,,,,,,,,,,,,,,,,,,,,,,,,,,,,,,,,,,,,,,,,,,,,,,,,,,,,,,,,,,,,,,,,,,,,,,,,,,,,,,,,,,,,,,,,,,,,,,,,,,,,,,,,,,,,,,,,,,,,,,,,,,,,,,,,,,,,,,,,,,,,,,,,,,,,,,,,,,,,,,,,,,,,,,,,,,,,,,,,,,,,,,,,,,,,,,,,,,,,,,,,,,,,,,,,,,,,,,,,,,,,,,,,,,,,,,,,,,,,,,,,,,,,,,,,,,,,,,,,,,,,,,,,,,,,,,,,,,,,,,,,,,,,,,,,,,,,,,,,,,,,20,60,41,81,3,34,80,74,2,7,76,10,5,11,85,11,84,14,70,21,23,6,29,46,80,88,50,75,33,100,0,84,1,10,81,92,30,80,44,80,1,33,0,85,80,15,83,78,3,10,88,100,30,7,79,50,40,4,80,89,1,24,85,41,45,3,33,95,85,90,20,70,0,70,61,75,100,5,76,9,7,23,10,29,82,44,80,25,68,9,80,0,25,100,1,70,10,40,1,68,1,9,20,80,0,20,91,42,0,100,11,22,51,7,40,71,0,9,11,15,20,5,70,5,20,5,82,51,15,18,72,6,40,5,85,3,14,90,80,74,5,80,8,82,42,79,0,83,60,71,29,85,90,20,1,20,90,0,38,8,45,20,10,16,70,1,5,,,,,,,,,,,,,,,,,,,,,,,,,,,,,,,,,,,,,,,,,,,,,,,,,,,,,,,,,,,,,,,,,,,,,,,,,,,,,,,,,,,,,,,,,,,,,,,,,,,,,,,,,,,,,,,,,,,,,,,,,,,,,,,,,,,,,,,,,,,,,,,,,,,,,,,,,,,,,,,,,,,,,,,,,,,,,,,,,,,,,,,,,,,,,,,,,,,,,,,,,,,,,,,,,,,,,,,,,,,,,,,,,,,,,,,,,,,,,,,,,,,,,,,,,,,,,,,,,,,,,,,,,,,,,,,,,,,,,,,,,,,,,,,,,,,,,,,,,,,,,,,,,,,,,,,,,,,,,,,,,,,,,,,,,,,,,,,,,,,,,,,,,,,,,,,,,,,,,,,,,,,,,,,,,,,,,,,,,,,,,,,,,,,,,,,,,,,,,,,,,,,,,,,,,,,,,,,,,,,,,,,,,,,,,,,,,,,,,,,,,,,,,,,,,,,,,,,,,,,,,,,,,,,,,,,,,,,,,,,,,,,,,,,,,,,,,,,,,,25-34,Female,,Some college,,White / Caucasian,,3,0.921590334
R_3FyQfuJ4nqHrpnQ,Financial Advisor,,,,,,,,,,,,,,,,,,,,,,,,,,,,,,,,,,,,,,,,,,,,,,,,,,,,,,,,,,,,,,,,,,,,,,,,,,,,,,,,,,,,,,,,,,,,,,,,,,,,,,,,,,,,,,,,,,,,,,,,,,,,,,,,,,,,,,,,,,,,,,,,,,,,,,,,,,,,,,,,,,,,,,,,,,,,,,,,,,,,,,,,,,,,,,,,,,,,,,,,,,,,,,,,,,,,,,,,,,,,,,,,,,,,,,,,,,,,,,,,,,,,,,,,,,,,,,,,,,,,,,,,,,,,,,,,,,,,,,,,,,,,,,,,,,,,,,,,,,,,,,,,,,,,,,,,,,,,,,,,,,,,,,,,,,,,,,,,,,,,,,,,,,,,,,,,,,,,,,,,,,,,,,,,,,,,,,,,,,,,,,,,,,,,,,,,,,,,,,,,,,,,,,,,,,,,,,,,,,,,,,,,,,,,,,,,,,,,,,,,,,,,,,,,,,,,,,,,,,,,,,,,,,,,,,,,,,,,,,,,,,,,,,,,,,,,,,,,,,,,,,,,,,,,,,,,,,,,,,,,,,,,,,,,,,,,,,,,,,,,,,,,,,,,,,,,,,,,,,,,,,,,,,,,,,,,,,,,,,,,,,,,,,,,,,,,,,,,,,,,,,,,,,,,,,,,,,,,,,,,,,,,,,,,,,,,,,,,,,,,,,,,,,,,,,,,,,,,,,,,,,,,,,,,50,55,65,40,55,60,55,50,60,40,65,60,30,50,55,35,45,50,65,55,55,60,50,55,45,45,60,60,35,60,70,70,50,50,55,55,45,60,65,60,55,60,60,50,60,45,49,50,45,75,65,60,70,40,50,70,70,70,50,70,80,45,50,50,60,70,45,50,50,65,70,45,65,70,50,55,45,70,50,60,30,55,70,80,70,50,60,60,70,55,60,40,55,60,80,60,65,46,65,35,70,70,35,55,45,55,70,70,60,60,60,80,60,55,80,60,35,50,35,60,65,55,65,45,60,50,50,50,75,60,55,65,45,65,45,65,45,45,55,65,65,65,50,60,50,51,50,70,70,70,40,75,70,60,40,60,30,45,75,60,50,35,65,55,,,,,,,,,,,,,,,,,,,,,,,,,,,,,,,,,,,,,,,,,,,,,,,,,,,,,,,,,,,,,,,,,,,,,,,,,,,,,,,,,,,,,,,,,,,,,,,,,,,,,,,,,,,,,,,,,,,,,,,,,,,,,,,,,,,,,,,,,,,,,,,,,,,,,,,,,,,,,,,,,,,,,,,35-44,Male,,Graduate degree,,White / Caucasian,,5,0.902868517
R_7XdKX4tuJwXRQqJ,Retail Sales Associate,,,,,,,,,,,,,,,,,,,,,,,,,,,,,,,,,,,,,,,,,,,,,,,,,,,,,,,,,,,,,,,,,,,,,,,,,,,,,,,,,,,,,,,,,,,,,,,,,,,,,,,,,,,,,,,,,,,,,,,,,,,,,,,,,,,,,,,,,,,,,,,,,,,,,,,,,,,,,,,,,,,,,,,,20,30,70,50,30,40,50,70,80,60,50,40,30,60,40,90,60,40,70,80,30,40,60,70,60,70,60,60,50,70,50,50,70,80,80,70,80,60,50,40,70,40,70,50,40,70,80,70,70,70,80,0,70,90,80,50,70,30,60,70,60,40,100,30,30,60,70,80,70,60,50,80,60,70,80,40,50,60,40,60,50,60,60,70,50,80,30,60,80,60,50,90,80,0,40,60,60,40,60,60,40,60,60,40,70,80,30,40,40,60,20,20,30,50,60,0,50,30,80,90,40,50,70,50,70,30,50,60,30,30,100,60,40,40,70,80,30,30,80,50,60,70,40,70,70,60,50,50,40,70,50,60,30,50,80,70,70,30,50,80,60,50,70,70,80,70,,,,,,,,,,,,,,,,,,,,,,,,,,,,,,,,,,,,,,,,,,,,,,,,,,,,,,,,,,,,,,,,,,,,,,,,,,,,,,,,,,,,,,,,,,,,,,,,,,,,,,,,,,,,,,,,,,,,,,,,,,,,,,,,,,,,,,,,,,,,,,,,,,,,,,,,,,,,,,,,,,,,,,,,,,,,,,,,,,,,,,,,,,,,,,,,,,,,,,,,,,,,,,,,,,,,,,,,,,,,,,,,,,,,,,,,,,,,,,,,,,,,,,,,,,,,,,,,,,,,,,,,,,,,,,,,,,,,,,,,,,,,,,,,,,,,,,,,,,,,,,,,,,,,,,,,,,,,,,,,,,,,,,,,,,,,,,,,,,,,,,,,,,,,,,,,,,,,,,,,,,,,,,,,,,,,,,,,,,,,,,,,,,,,,,,,,,,,,,,,,,,,,,,,,,,,,,,,,,,,,,,,,,,,,,,,,,,,,,,,,,,,,,,,,,,,,,,,,,,,,,,,,,,,,,,,,,,,,,,,,,,,,,,,,,,,,,,,,,,,,,,,,,,,,,,,,,,,,,,,,,,,,,,,,,,,,,,,,,,,,,,,,,,,,,,,,,,,,,,,,,,,,,,,,,,,,,,,,,,,,,,,,,,,,,,,,,,,,,,,,,,,,,,,,,,,,,,,,,,,,,,,,,,,,,,,,,,,,,,,,,,,,,,,,,,,,,,,,,,,,,,,,25-34,Female,,Some college,,White / Caucasian,,2,0.588187247
R_1eb2xrc6NhVCXZm,Risk Analyst,,,,,,,,,,,,,,,,,,,,,,,,,,,,,,,,,,,,,,,,,,,,,,,,,,,,,,,,,,,,,,,,,,,,,,,,,,,,,,,,,,,,,,,,,,,,,,,,,,,,,,,,,,,,,,,,,,,,,,,,,,,,,,,,,,,,,,,,,,,,,,,,,,,,,,,,,,,,,,,,,,,,,,,,,,,,,,,,,,,,,,,,,,,,,,,,,,,,,,,,,,,,,,,,,,,,,,,,,,,,,,,,,,,,,,,,,,,,,,,,,,,,,,,,,,,,,,,,,,,,,,,,,,,,,,,,,,,,,,,,,,,,,,,,,,,,,,,,,,,,,,,,,,,,,,,,,,,,,,,,,,,,,,,,,,,,,,,,,,,,,,,,,,,,,,,,,,,,,,,,,,,,,,,,,,,,,,,,,,,,,,,,,,,,,,,,,,,,,,,,,,,,,,,,,,,,,,,,,,,,,,,,,,,,,,,,,,,,,,,,,,,,,,,,,,,,,,,,,,,,,,,,,,,,,,,,,,,,,,,,,,,,,,,,,,,,,,,,,,,,,60,62,75,74,77,77,70,71,80,72,75,73,58,78,72,78,60,73,62,64,75,61,80,76,64,73,72,39,77,70,63,63,65,68,53,73,71,64,77,73,63,82,46,72,64,79,75,74,65,74,74,74,79,74,73,77,77,75,66,74,74,78,64,74,51,74,71,76,73,73,67,73,76,76,72,67,72,73,73,60,76,76,48,78,70,78,75,60,78,70,76,76,70,79,68,72,75,76,68,71,77,77,74,72,72,74,62,80,74,73,76,79,75,74,67,72,74,78,78,74,74,69,73,77,75,72,76,77,76,75,69,71,52,56,74,74,79,73,53,78,75,73,76,64,51,63,75,75,74,42,54,79,79,73,72,71,72,74,70,52,73,67,67,74,72,79,78,,,,,,,,,,,,,,,,,,,,,,,,,,,,,,,,,,,,,,,,,,,,,,,,,,,,,,,,,,,,,,,,,,,,,,,,,,,,,,,,,,,,,,,,,,,,,,,,,,,,,,,,,,,,,,,,,,,,,,,,,,,,,,,,,,,,,,,,,,,,,,,,,,,,,,,,,,,,,,,,,,,,,,,,,,,,,,,,,,,,,,,,,,,,,,,,,,,,,,,,,,,,,,,,,,,,,,,,,,,,,,,,,,,,,,,,,,,,,,,,,,,,,,,,,,,,,,,,,,,,,,,,,,,,,,,,,,,,,,,,,,,,,,,,,,,,,,,,,,,,,,,,,,,,,,,,,,,,,,,,,,,,,,,,,,,18-24,Female,,Bachelor's degree,,Black or African American,,4,0.449465977
R_5M0fBkED0EBMUjr,Risk Analyst,,,,,,,,,,,,,,,,,,,,,,,,,,,,,,,,,,,,,,,,,,,,,,,,,,,,,,,,,,,,,,,,,,,,,,,,,,,,,,,,,,,,,,,,,,,,,,,,,,,,,,,,,,,,,,,,,,,,,,,,,,,,,,,,,,,,,,,,,,,,,,,,,,,,,,,,,,,,,,,,,,,,,,,,50,0,100,50,50,0,50,50,50,50,50,100,50,50,50,50,50,50,50,50,50,0,50,100,100,100,50,0,50,0,0,50,50,100,50,0,50,0,100,100,50,0,0,50,0,50,100,0,0,50,100,0,50,50,50,50,100,0,50,50,50,50,100,0,0,50,50,50,50,50,50,100,50,50,50,50,50,50,0,50,50,0,0,50,0,0,0,50,100,50,50,50,100,50,100,100,0,50,50,50,0,50,100,0,50,50,50,100,0,50,50,50,50,50,0,0,100,50,100,50,50,0,50,0,50,100,100,50,100,100,50,0,50,0,0,50,50,0,100,50,50,50,0,50,50,50,0,50,50,50,50,50,0,0,50,100,0,50,0,50,0,50,50,0,50,50,,,,,,,,,,,,,,,,,,,,,,,,,,,,,,,,,,,,,,,,,,,,,,,,,,,,,,,,,,,,,,,,,,,,,,,,,,,,,,,,,,,,,,,,,,,,,,,,,,,,,,,,,,,,,,,,,,,,,,,,,,,,,,,,,,,,,,,,,,,,,,,,,,,,,,,,,,,,,,,,,,,,,,,,,,,,,,,,,,,,,,,,,,,,,,,,,,,,,,,,,,,,,,,,,,,,,,,,,,,,,,,,,,,,,,,,,,,,,,,,,,,,,,,,,,,,,,,,,,,,,,,,,,,,,,,,,,,,,,,,,,,,,,,,,,,,,,,,,,,,,,,,,,,,,,,,,,,,,,,,,,,,,,,,,,,,,,,,,,,,,,,,,,,,,,,,,,,,,,,,,,,,,,,,,,,,,,,,,,,,,,,,,,,,,,,,,,,,,,,,,,,,,,,,,,,,,,,,,,,,,,,,,,,,,,,,,,,,,,,,,,,,,,,,,,,,,,,,,,,,,,,,,,,,,,,,,,,,,,,,,,,,,,,,,,,,,,,,,,,,,,,,,,,,,,,,,,,,,,,,,,,,,,,,,,,,,,,,,,,,,,,,,,,,,,,,,,,,,,,,,,,,,,,,,,,,,,,,,,,,,,,,,,,,,,,,,,,,,,,,,,,,,,,,,,,,,,,,,,,,,,,,,,,,,,,,,,,,,,,,,,,,,,,,,,,,,,,,,,,,,,,,,25-34,Female,,High school graduate,,Hispanic or Latino,,2,0.634755102
R_57uUGbA7WR1RRoB,Inventory Manager,,,,,,,,,,,,,,,,,,,,,,,,,,,,,,,,,,,,,,,,,,,,,,,,,,,,,,,,,,,,,,,,,,,,,,,,,,,,,,,,,,,,,,,,,,,,,,,,,,,,,,,,,,,,,,,,,,,,,,,,,,,,,,,,,,,,,,,,,,,,,,,,,,,,,,,,,,,,,,,,,,,,,,,,,,,,,,,,,,,,,,,,,,,,,,,,,,,,,,,,,,,,,,,,,,,,,,,,,,,,,,,,,,,,,,,,,,,,,,,,,,,,,,,,,,,,,,,,,,,,,,,,,,,,,,,,,,,,,,,,,,,,,,,,,,,,,,,,,,,,,,,,,,,,,,,,,,,,,,,,,,,,,,,,,,,,,,13,13,81,35,61,86,45,52,44,8,64,51,59,50,49,54,41,62,52,66,59,32,39,37,10,36,58,41,30,44,57,37,35,86,83,50,63,17,54,39,48,55,54,76,66,51,40,53,9,62,58,10,7,59,85,19,58,29,63,47,46,46,26,85,52,62,55,83,40,43,78,27,10,46,59,26,46,55,58,56,75,41,68,65,58,44,59,9,71,33,24,8,52,40,25,65,74,54,60,24,66,32,56,64,56,83,76,67,42,43,42,43,34,81,64,32,63,20,85,26,52,28,55,29,56,79,53,65,56,37,55,24,55,76,55,89,79,31,54,72,47,36,57,56,48,6,48,55,54,55,7,46,43,73,76,74,59,16,39,72,59,17,38,63,42,26,81,,,,,,,,,,,,,,,,,,,,,,,,,,,,,,,,,,,,,,,,,,,,,,,,,,,,,,,,,,,,,,,,,,,,,,,,,,,,,,,,,,,,,,,,,,,,,,,,,,,,,,,,,,,,,,,,,,,,,,,,,,,,,,,,,,,,,,,,,,,,,,,,,,,,,,,,,,,,,,,,,,,,,,,,,,,,,,,,,,,,,,,,,,,,,,,,,,,,,,,,,,,,,,,,,,,,,,,,,,,,,,,,,,,,,,,,,,,,,,,,,,,,,,,,,,,,,,,,,,,,,,,,,,,,,,,,,,,,,,,,,,,,,,,,,,,,,,,,,,,,,,,,,,,,,,,,,,,,,,,,,,,,,,,,,,,,,,,,,,,,,,,,,,,,,,,,,,,,,,,,,,,,,,,,,,,,,,,,,,,,,,,,,,,,,,,,,,,,,,,,,,,,,,,,,,,,,,,,,,,,,,,,,,,,,,,,,,,,,,,,,,,,,,,,,,,,,,,,,,,,,,,,,,,,,,,,,,,,,,,,,,,,,,,,,,,,,,,,,,25-34,Female,,Bachelor's degree,,White / Caucasian,,3,0.808405812
R_1jCzt1jiPVg9ZuI,Retail Sales Associate,,,,,,,,,,,,,,,,,,,,,,,,,,,,,,,,,,,,,,,,,,,,,,,,,,,,,,,,,,,,,,,,,,,,,,,,,,,,,,,,,,,,,,,,,,,,,,,,,,,,,,,,,,,,,,,,,,,,,,,,,,,,,,,,,,,,,,,,,,,,,,,,,,,,,,,,,,,,,,,,,,,,,,,,,,,,,,,,,,,,,,,,,,,,,,,,,,,,,,,,,,,,,,,,,,,,,,,,,,,,,,,,,,,,,,,,,,,,,,,,,,,,,,,,,,,,,,,,,,,,,,,,,,,,,,,,,,,,,,,,,,,,,,,,,,,,,,,,,,,,,,,,,,,,,,,,,,,,,,,,,,,,,,,,,,,,,,,,,,,,,,,,,,,,,,,,,,,,,,,,,,,,,,,,,,,,,,,,,,,,,,,,,,,,,,,,,,,,,,,,,,,,,,,,,,,,,,,,,,,,,,,,,,,,,,,,,,,,,,,,,,,,,,,,,,,,,,,,,,,,,,,,,,,,,,,,,,,,,,,,,,,,,,,,,,,,,,,,,,,,,,,,,,,,,,,,,,,,,,,,,,,,,,,,,,,,,,,,,,,,,,,,,,,,,,,,,,,,,,,,,,,,,,,,,,,,,,,,,,,,,,,,,,,,,,,,,,,,,,,,,,,,,,,,,,,,,,,,,,,,,,,,,,,,,,,,,,,,,,,,,,,,,,,,,,,,,,,,,,,,,,,,,,,,77,76,72,58,73,59,75,71,70,76,55,78,13,73,80,88,78,65,77,74,77,70,72,68,54,83,76,74,74,73,80,58,23,58,80,75,61,83,68,76,85,38,71,78,40,82,78,76,81,84,75,77,72,74,73,67,94,72,66,79,88,80,70,68,46,92,75,67,75,71,41,39,77,77,71,64,81,73,80,75,56,83,75,77,77,84,77,53,77,43,71,55,66,22,75,72,80,80,83,78,84,79,61,65,66,79,53,41,75,80,85,50,49,80,64,56,64,69,71,74,84,86,81,65,90,80,75,70,86,84,32,84,59,76,54,78,69,75,60,74,53,69,71,79,73,82,76,78,81,77,80,80,74,75,68,77,79,62,82,49,68,77,86,72,,,,,,,,,,,,,,,,,,,,,,,,,,,,,,,,,,,,,,,,,,,,,,,,,,,,,,,,,,,,,,,,,,,,,,,,,,,,,,,,,,,,,,,,,,,,,,,,,,,,,,,,,,,,,,,,,,,,,,,,,,,,,,,,,,,,,,,,,,,,,,,,,,,,,,,,,,,,,,,,,,,,,,,35-44,Male,,Some college,,White / Caucasian,,5,0.486020681
R_6f6GNwvHsTNi6Eu,Retail Sales Associate,,,,,,,,,,,,,,,,,,,,,,,,,,,,,,,,,,,,,,,,,,,,,,,,,,,,,,,,,,,,,,,,,,,,,,,,,,,,,,,,,,,,,,,,,,,,,,,,,,,,,,,,,,,,,,,,,,,,,,,,,,,,,,,,,,,,,,,,,,,,,,,,,,,,,,,,,,,,,,,,,,,,,,,,44,56,27,41,32,59,39,70,64,35,65,56,55,67,57,68,80,40,75,65,71,62,53,23,57,74,46,62,29,76,55,48,78,69,71,65,77,50,35,55,64,46,30,37,74,62,70,63,44,45,70,0,77,62,74,82,61,48,80,60,59,50,62,33,71,61,61,67,45,73,41,57,46,66,74,35,56,24,56,61,86,7,56,79,59,41,75,82,60,68,62,71,69,51,24,39,51,54,71,80,65,67,31,36,66,74,59,24,52,43,70,38,54,67,43,71,52,61,30,32,74,51,66,61,63,29,65,80,45,56,69,61,58,46,52,65,59,61,56,53,48,80,75,60,53,85,40,53,63,63,40,60,66,55,63,40,51,58,44,75,56,73,48,72,30,74,,,,,,,,,,,,,,,,,,,,,,,,,,,,,,,,,,,,,,,,,,,,,,,,,,,,,,,,,,,,,,,,,,,,,,,,,,,,,,,,,,,,,,,,,,,,,,,,,,,,,,,,,,,,,,,,,,,,,,,,,,,,,,,,,,,,,,,,,,,,,,,,,,,,,,,,,,,,,,,,,,,,,,,,,,,,,,,,,,,,,,,,,,,,,,,,,,,,,,,,,,,,,,,,,,,,,,,,,,,,,,,,,,,,,,,,,,,,,,,,,,,,,,,,,,,,,,,,,,,,,,,,,,,,,,,,,,,,,,,,,,,,,,,,,,,,,,,,,,,,,,,,,,,,,,,,,,,,,,,,,,,,,,,,,,,,,,,,,,,,,,,,,,,,,,,,,,,,,,,,,,,,,,,,,,,,,,,,,,,,,,,,,,,,,,,,,,,,,,,,,,,,,,,,,,,,,,,,,,,,,,,,,,,,,,,,,,,,,,,,,,,,,,,,,,,,,,,,,,,,,,,,,,,,,,,,,,,,,,,,,,,,,,,,,,,,,,,,,,,,,,,,,,,,,,,,,,,,,,,,,,,,,,,,,,,,,,,,,,,,,,,,,,,,,,,,,,,,,,,,,,,,,,,,,,,,,,,,,,,,,,,,,,,,,,,,,,,,,,,,,,,,,,,,,,,,,,,,,,,,,,,,,,,,,,,,,,,,,,,,,,,,,,,,,,,,,,,,,,,,,,,,,35-44,Male,,Bachelor's degree,,White / Caucasian,,2,0.803049743
R_5KHeDMHwKT3Qe4y,Retail Sales Associate,,,,,,,,,,,,,,,,,,,,,,,,,,,,,,,,,,,,,,,,,,,,,,,,,,,,,,,,,,,,,,,,,,,,,,,,,,,,,,,,,,,,,,,,,,,,,,,,,,,,,,,,,,,,,,,,,,,,,,,,,,,,,,,,,,,,,,,,,,,,,,,,,,,,,,,,,,,,,,,,,,,,,,,,,,,,,,,,,,,,,,,,,,,,,,,,,,,,,,,,,,,,,,,,,,,,,,,,,,,,,,,,,,,,,,,,,,,,,,,,,,,,,,,,,,,,,,,,,,,,,,,,,,,,,,,,,,,,,,,,,,,,,,,,,,,,,,,,,,,,,,,,,,,,,,,,,,,,,,,,,,,,,,,,,,,,,,,,,,,,,,,,,,,,,,,,,,,,,,,,,,,,,,,,,,,,,,,,,,,,,,,,,,,,,,,,,,,,,,,,,,,,,,,,,,,,,,,,,,,,,,,,,,,,,,,,,,,,,,,,,,,,,,,,,,,,,,,,,,,,,,,,,,,,,,,,,,,,,,,,,,,,,,,,,,,,,,,,,,,,,,,,,,,,,,,,,,,,,,,,,,,,,,,,,,,,,,,,,,,,,,,,,,,,,,,,,,,,,,,,,,,,,,,,,,,,,,,,,,,,,,,,,,,,,,,,,,,,,,,,,,,,,,,,,,,,,,,,,,,,,,,,,,,,,,,,,,,,,,,,,,,,,,,,,,,,,,,,,,,,,,,,,,,,,,,,,,,,,,,,,,,,,,,,,,,,,,,,,,,,,,,,,,,,,,,,,,,,,,,,,,,,,,,,,,,,,,,,,,,,,,,,,,,,,,,,,,,,,,,,,,,,,,,,,,,,,,,,,,,,,,,,,,,,,,,,,,,,,,,,,,,,,,,,,,,,,,,,,,,,,,,,,,,,,,,,64,56,52,68,65,46,69,49,46,61,53,49,46,68,50,67,54,58,47,67,66,66,71,71,52,63,62,59,57,66,71,46,48,52,71,61,49,59,70,44,65,54,46,66,44,50,56,68,47,69,66,67,45,65,47,55,49,49,66,55,63,63,60,66,51,67,45,64,72,58,64,68,66,72,58,47,64,55,55,46,66,58,65,67,65,68,53,65,54,48,47,74,48,53,71,64,65,58,60,45,46,67,69,56,61,59,47,68,51,48,62,51,45,69,68,68,57,49,70,50,66,58,57,68,57,67,48,69,63,43,57,51,46,53,50,68,67,41,49,47,55,65,50,56,55,66,63,71,66,54,61,48,67,60,50,75,47,69,49,63,41,61,63,51,52,48,18-24,Female,,High school graduate,,Asian,,6,0.803246754
R_1rMjc6gym7A7HSF,Risk Analyst,,,,,,,,,,,,,,,,,,,,,,,,,,,,,,,,,,,,,,,,,,,,,,,,,,,,,,,,,,,,,,,,,,,,,,,,,,,,,,,,,,,,,,,,,,,,,,,,,,,,,,,,,,,,,,,,,,,,,,,,,,,,,,,,,,,,,,,,,,,,,,,,,,,,,,,,,,,,,,,,,,,,,,,,,,,,,,,,,,,,,,,,,,,,,,,,,,,,,,,,,,,,,,,,,,,,,,,,,,,,,,,,,,,,,,,,,,,,,,,,,,,,,,,,,,,,,,,,,,,,,,,,,,,,,,,,,,,,,,,,,,,,,,,,,,,,,,,,,,,,,,,,,,,,,,,,,,,,,,,,,,,,,,,,,,,,,,,,,,,,,,,,,,,,,,,,,,,,,,,,,,,,,,,,,,,,,,,,,,,,,,,,,,,,,,,,,,,,,,,,,,,,,,,,,,,,,,,,,,,,,,,,,,,,,,,,,,,,,,,,,,,,,,,,,,,,,,,,,,,,,,,,,,,,,,,,,,,,,,,,,,,,,,,,,,,,,,,,,,,,,,,,,,,,,,,,,,,,,,,,,,,,,,,,,,,,,,,,,,,,,,,,,,,,,,,,,,,,,,,,,,,,,,,,,,,,,,,,,,,,,,,,,,,,,,,,,,,,,,,,,,,,,,,,,,,,,,,,,,,,,,,,,,,,,,,,,,,,,,,,,,,,,,,,,,,,,,,,,,,,,,,,,,,,,,,,,,,,,,,,,,,,,,,,,,,,,,,,,,,,,,,,,,,,,,,,,,,,,,,,,,,,,,,,,,,,,,,,,,,,,,,,,,,,,,,,,,,,,,,,,,,,,,,,,,,,,,,,,,,,,,,,,,,,,,,,,,,,,,,,,,,,,,,,,,,,,,,,,,,,,,,,,,,,,,,,32,35,51,39,56,41,47,45,22,48,24,19,54,62,61,18,29,65,49,62,62,51,59,23,50,50,53,53,51,27,39,28,23,42,45,36,50,36,63,20,59,18,50,29,18,48,38,62,53,64,61,40,33,24,52,66,24,27,59,13,24,59,58,45,19,63,26,50,27,62,13,58,52,21,68,25,50,34,53,32,25,47,40,51,66,11,43,14,49,50,9,48,52,67,42,48,39,24,62,25,43,22,9,53,32,47,24,58,38,47,27,25,33,49,45,48,42,35,53,25,60,51,59,18,51,48,38,52,55,30,59,50,34,51,57,49,56,28,54,36,21,50,31,39,31,57,23,52,57,30,47,18,50,14,59,47,35,10,24,52,22,51,61,45,51,65,35-44,Female,,Graduate degree,,White / Caucasian,,6,0.824934704
R_3DlwA56mfy2hGfL,Retail Sales Associate,,,,,,,,,,,,,,,,,,,,,,,,,,,,,,,,,,,,,,,,,,,,,,,,,,,,,,,,,,,,,,,,,,,,,,,,,,,,,,,,,,,,,,,,,,,,,,,,,,,,,,,,,,,,,,,,,,,,,,,,,,,,,,,,,,,,,,,,,,,,,,,,,,,,,,,,,,,,,,,,,,,,,,,,,,,,,,,,,,,,,,,,,,,,,,,,,,,,,,,,,,,,,,,,,,,,,,,,,,,,,,,,,,,,,,,,,,,,,,,,,,,,,,,,,,,,,,,,,,,,,,,,,,,,,,,,,,,,,,,,,,,,,,,,,,,,,,,,,,,,,,,,,,,,,,,,,,,,,,,,,,,,,,,,,,,,,,,,,,,,,,,,,,,,,,,,,,,,,,,,,,,,,,,,,,,,,,,,,,,,,,,,,,,,,,,,,,,,,,,,,,,,,,,,,,,,,,,,,,,,,,,,,,,,,,,,,,,,,,,,,,,,,,,,,,,,,,,,,,,,,,,,,,,,,,,,,,,,,,,,,,,,,,,,,,,,,,,,,,,,,,,,,,,,,,,,,,,,,,,,,,,,,,,,,,,,,,,,,,,,,,,,,,,,,,,,,,,,,,,,,,,,,,,,,,,,,,,,,,,,,,,,,,,,,,,,,,,,,,,,,,,,,,,,,,,,,,,,,,,,,,,,,,,,,,,,,,,,,,,,,,,,,,,,,,,,,,,,,,,,,,,,,,,,100,100,100,1,100,75,100,79,100,100,100,100,100,100,100,100,100,100,100,76,100,100,65,100,100,100,50,100,100,100,100,74,50,100,100,52,100,100,100,100,100,81,100,100,81,81,52,100,100,100,100,100,75,100,100,100,100,100,100,100,80,100,100,100,77,100,65,100,100,90,15,100,100,100,100,100,100,100,100,100,100,88,100,82,100,100,100,9,32,75,74,100,85,15,100,100,100,100,100,51,84,82,69,81,100,100,100,100,100,100,100,100,89,100,34,100,100,100,100,100,100,100,100,100,100,100,100,15,100,100,100,100,100,100,100,100,100,74,70,100,11,100,45,100,100,100,100,100,100,100,100,100,65,75,100,77,100,100,100,83,100,88,100,100,,,,,,,,,,,,,,,,,,,,,,,,,,,,,,,,,,,,,,,,,,,,,,,,,,,,,,,,,,,,,,,,,,,,,,,,,,,,,,,,,,,,,,,,,,,,,,,,,,,,,,,,,,,,,,,,,,,,,,,,,,,,,,,,,,,,,,,,,,,,,,,,,,,,,,,,,,,,,,,,,,,,,,,18-24,Female,,Some college,,White / Caucasian,,5,0.588695713
R_10vLaZ6Ovrco2Vq,Financial Advisor,,,,,,,,,,,,,,,,,,,,,,,,,,,,,,,,,,,,,,,,,,,,,,,,,,,,,,,,,,,,,,,,,,,,,,,,,,,,,,,,,,,,,,,,,,,,,,,,,,,,,,,,,,,,,,,,,,,,,,,,,,,,,,,,,,,,,,,,,,,,,,,,,,,,,,,,,,,,,,,,,,,,,,,,,,,,,,,,,,,,,,,,,,,,,,,,,,,,,,,,,,,,,,,,,,,,,,,,,,,,,,,,,,,,,,,,,,,,,,,,,,,,,,,,,,,,,,,,,,,,,,,,,,,,,,,,,,,,,,,,,,,,,,,,,,,,,,,,,,,,,,,,,,,,,,,,,,,,,,,,,,,,,,,,,,,,,,,,,,,,,,,,,,,,,,,,,,,,,,,,,,,,,,,,,,,,,,,,,,,,,,,,,,,,,,,,,,,,,,,,,,,,,,,,,,,,,,,,,,,,,,,,,,,,,,,,,,,,,,,,,,,,,,,,,,,,,,,,,,,,,,,,,,,,,,,,,,,,,,,,,,,,,,,,,,,,,,,,,,,,,,,,,,,,,,,,,,,,,,,,,,,,,,,,,,,,,,,,,,,,,,,,,,,,,,,,,,,,,,,,,,,,,,,,,,,,,,,,,,,,,,,,,,,,,,,,,,,,,,,,,,,,,,,,,,,,,,,,,,,,,,,,,,,,,,,,,,,,,,,,,,,,,,,,,,,,,,,,,,,,,,,,,,,,,,,,,,,,,,,,,,,,,,,,,,,,,,,,,,,,,,,,,,,,,,,,,,,,,,,,,,,,,,,,,,,,,,,,,,,,,,,,,,,,,,,,,,,,,,,,,,,,,,,,,,,,,,,,,,,,,,,,,,,,,,,,,,,,,,,,,,,,,,,,,,,,,,,,,,,,,,,,,,,,,,,,40,84,38,39,40,88,44,65,95,83,78,24,23,27,25,42,74,49,36,25,51,69,74,25,5,63,74,65,93,9,82,32,27,73,14,59,76,82,51,81,35,88,48,37,62,70,6,66,75,73,37,35,77,35,53,41,52,79,10,10,15,25,4,50,64,42,54,39,0,14,66,5,71,78,25,70,35,75,37,63,16,66,17,88,4,7,1,45,9,81,77,88,47,27,44,80,87,35,7,36,70,85,22,44,37,45,58,48,91,45,5,67,54,15,58,74,4,60,80,59,73,51,49,76,64,65,2,33,51,71,41,71,71,53,76,41,34,70,71,81,71,80,61,64,56,19,26,22,16,75,35,80,61,44,89,90,88,10,71,21,56,49,62,78,91,80,18-24,Male,,Some college,,White / Caucasian,,6,0.82923317
R_15EFhl3nhBa7Nxv,Inventory Manager,,,,,,,,,,,,,,,,,,,,,,,,,,,,,,,,,,,,,,,,,,,,,,,,,,,,,,,,,,,,,,,,,,,,,,,,,,,,,,,,,,,,,,,,,,,,,,,,,,,,,,,,,,,,,,,,,,,,,,,,,,,,,,,,,,,,,,,,,,,,,,,,,,,,,,,,,,,,,,,,,,,,,,,,100,100,100,100,100,100,100,22,100,100,30,99,100,58,100,43,25,100,28,55,43,100,100,74,49,24,99,100,100,60,19,37,43,32,44,100,26,30,100,100,100,100,100,100,51,100,65,100,100,100,54,0,100,35,29,51,50,20,63,100,100,100,100,32,100,100,99,52,100,29,100,75,99,100,73,100,100,20,34,100,23,62,100,48,100,100,19,26,74,100,98,38,31,100,100,69,100,73,99,34,71,100,100,100,54,55,32,56,67,100,100,100,100,16,75,21,46,100,100,100,14,71,30,100,100,63,100,19,66,100,100,100,100,100,100,25,100,99,65,99,100,60,59,99,100,55,35,100,100,48,100,51,37,100,29,73,100,59,100,33,71,18,74,22,70,29,,,,,,,,,,,,,,,,,,,,,,,,,,,,,,,,,,,,,,,,,,,,,,,,,,,,,,,,,,,,,,,,,,,,,,,,,,,,,,,,,,,,,,,,,,,,,,,,,,,,,,,,,,,,,,,,,,,,,,,,,,,,,,,,,,,,,,,,,,,,,,,,,,,,,,,,,,,,,,,,,,,,,,,,,,,,,,,,,,,,,,,,,,,,,,,,,,,,,,,,,,,,,,,,,,,,,,,,,,,,,,,,,,,,,,,,,,,,,,,,,,,,,,,,,,,,,,,,,,,,,,,,,,,,,,,,,,,,,,,,,,,,,,,,,,,,,,,,,,,,,,,,,,,,,,,,,,,,,,,,,,,,,,,,,,,,,,,,,,,,,,,,,,,,,,,,,,,,,,,,,,,,,,,,,,,,,,,,,,,,,,,,,,,,,,,,,,,,,,,,,,,,,,,,,,,,,,,,,,,,,,,,,,,,,,,,,,,,,,,,,,,,,,,,,,,,,,,,,,,,,,,,,,,,,,,,,,,,,,,,,,,,,,,,,,,,,,,,,,,,,,,,,,,,,,,,,,,,,,,,,,,,,,,,,,,,,,,,,,,,,,,,,,,,,,,,,,,,,,,,,,,,,,,,,,,,,,,,,,,,,,,,,,,,,,,,,,,,,,,,,,,,,,,,,,,,,,,,,,,,,,,,,,,,,,,,,,,,,,,,,,,,,,,,,,,,,,,,,,,,,,,,,35-44,Female,,Some college,,Hispanic or Latino,,2,0.945578998
R_77dODooFtGuRtDC,Financial Advisor,,,,,,,,,,,,,,,,,,,,,,,,,,,,,,,,,,,,,,,,,,,,,,,,,,,,,,,,,,,,,,,,,,,,,,,,,,,,,,,,,,,,,,,,,,,,,,,,,,,,,,,,,,,,,,,,,,,,,,,,,,,,,,,,,,,,,,,,,,,,,,,,,,,,,,,,,,,,,,,,,,,,,,,,,,,,,,,,,,,,,,,,,,,,,,,,,,,,,,,,,,,,,,,,,,,,,,,,,,,,,,,,,,,,,,,,,,,,,,,,,,,,,,,,,,,,,,,,,,,,,,,,,,,,,,,,,,,,,,,,,,,,,,,,,,,,,,,,,,,,,,,,,,,,,,,,,,,,,,,,,,,,,,,,,,,,,,,,,,,,,,,,,,,,,,,,,,,,,,,,,,,,,,,,,,,,,,,,,,,,,,,,,,,,,,,,,,,,,,,,,,,,,,,,,,,,,,,,,,,,,,,,,,,,,,,,,,,,,,,,,,,,,,,,,,,,,,,,,,,,,,,,,,,,,,,,,,,,,,,,,,,,,,,,,,,,,,,,,,,,,51,76,11,15,13,11,74,14,72,10,15,15,73,74,16,13,10,71,74,40,19,70,18,74,11,68,18,6,12,74,69,54,74,47,71,7,75,72,74,74,74,16,54,15,84,9,74,73,64,11,75,16,74,43,68,47,11,75,15,48,14,73,73,12,15,17,70,19,44,10,15,10,44,10,73,74,46,73,74,75,12,16,27,9,46,18,74,11,74,50,11,79,16,75,74,15,46,8,15,73,47,4,74,72,74,74,74,72,74,21,72,14,43,12,74,10,13,72,66,13,12,74,74,70,41,74,11,12,74,41,71,11,73,13,72,16,74,53,75,22,75,15,14,74,71,74,50,21,74,18,74,15,14,73,73,75,13,78,14,75,6,74,74,74,71,9,74,,,,,,,,,,,,,,,,,,,,,,,,,,,,,,,,,,,,,,,,,,,,,,,,,,,,,,,,,,,,,,,,,,,,,,,,,,,,,,,,,,,,,,,,,,,,,,,,,,,,,,,,,,,,,,,,,,,,,,,,,,,,,,,,,,,,,,,,,,,,,,,,,,,,,,,,,,,,,,,,,,,,,,,,,,,,,,,,,,,,,,,,,,,,,,,,,,,,,,,,,,,,,,,,,,,,,,,,,,,,,,,,,,,,,,,,,,,,,,,,,,,,,,,,,,,,,,,,,,,,,,,,,,,,,,,,,,,,,,,,,,,,,,,,,,,,,,,,,,,,,,,,,,,,,,,,,,,,,,,,,,,,,,,,,,,45-54,Female,,Bachelor's degree,,White / Caucasian,,4,0.936077329
R_5GvvKf3Duriko5u,Financial Advisor,76,79,81,86,86,83,87,83,77,78,77,81,82,77,86,78,78,87,83,86,84,80,77,86,76,82,84,85,81,82,83,80,73,81,89,83,79,78,81,81,69,85,82,79,84,83,88,86,79,80,90,85,85,80,73,84,82,78,75,69,81,75,81,77,81,83,85,79,81,84,83,84,81,85,83,82,76,81,84,83,74,84,85,82,80,81,80,77,74,76,84,85,81,83,86,81,81,81,78,81,85,85,85,85,83,82,83,79,84,83,90,76,84,79,69,88,83,75,86,79,73,84,88,83,82,78,85,89,84,94,84,77,83,72,80,83,80,82,77,82,81,72,82,82,83,85,74,84,84,87,89,83,78,81,85,75,84,85,79,83,83,88,77,83,77,89,89,,,,,,,,,,,,,,,,,,,,,,,,,,,,,,,,,,,,,,,,,,,,,,,,,,,,,,,,,,,,,,,,,,,,,,,,,,,,,,,,,,,,,,,,,,,,,,,,,,,,,,,,,,,,,,,,,,,,,,,,,,,,,,,,,,,,,,,,,,,,,,,,,,,,,,,,,,,,,,,,,,,,,,,,,,,,,,,,,,,,,,,,,,,,,,,,,,,,,,,,,,,,,,,,,,,,,,,,,,,,,,,,,,,,,,,,,,,,,,,,,,,,,,,,,,,,,,,,,,,,,,,,,,,,,,,,,,,,,,,,,,,,,,,,,,,,,,,,,,,,,,,,,,,,,,,,,,,,,,,,,,,,,,,,,,,,,,,,,,,,,,,,,,,,,,,,,,,,,,,,,,,,,,,,,,,,,,,,,,,,,,,,,,,,,,,,,,,,,,,,,,,,,,,,,,,,,,,,,,,,,,,,,,,,,,,,,,,,,,,,,,,,,,,,,,,,,,,,,,,,,,,,,,,,,,,,,,,,,,,,,,,,,,,,,,,,,,,,,,,,,,,,,,,,,,,,,,,,,,,,,,,,,,,,,,,,,,,,,,,,,,,,,,,,,,,,,,,,,,,,,,,,,,,,,,,,,,,,,,,,,,,,,,,,,,,,,,,,,,,,,,,,,,,,,,,,,,,,,,,,,,,,,,,,,,,,,,,,,,,,,,,,,,,,,,,,,,,,,,,,,,,,,,,,,,,,,,,,,,,,,,,,,,,,,,,,,,,,,,,,,,,,,,,,,,,,,,,,,,,,,,,,,,,,,,,,,,,,,,,,,,,,,,,,,,,,,,,,,,,,,,,,,,,,,,,,,,,,,,,,,,,,,,,,,,,,,,,,,,,,,,,,,,,,,,,,,,,,,,,,,,,,,,,,,,,35-44,Female,,Graduate degree,,Multiple ethnicity,"Asian, White",1,0.688134637
R_3sUZ76W6Cnpyedj,Risk Analyst,,,,,,,,,,,,,,,,,,,,,,,,,,,,,,,,,,,,,,,,,,,,,,,,,,,,,,,,,,,,,,,,,,,,,,,,,,,,,,,,,,,,,,,,,,,,,,,,,,,,,,,,,,,,,,,,,,,,,,,,,,,,,,,,,,,,,,,,,,,,,,,,,,,,,,,,,,,,,,,,,,,,,,,,,,,,,,,,,,,,,,,,,,,,,,,,,,,,,,,,,,,,,,,,,,,,,,,,,,,,,,,,,,,,,,,,,,,,,,,,,,,,,,,,,,,,,,,,,,,,,,,,,,,,,,,,,,,,,,,,,,,,,,,,,,,,,,,,,,,,,,,,,,,,,,,,,,,,,,,,,,,,,,,,,,,,,,,,,,,,,,,,,,,,,,,,,,,,,,,,,,,,,,,,,,,,,,,,,,,,,,,,,,,,,,,,,,,,,,,,,,,,,,,,,,,,,,,,,,,,,,,,,,,,,,,,,,,,,,,,,,,,,,,,,,,,,,,,,,,,,,,,,,,,,,,,,,,,,,,,,,,,,,,,,,,,,,,,,,,,,,,,,,,,,,,,,,,,,,,,,,,,,,,,,,,,,,,,,,,,,,,,,,,,,,,,,,,,,,,,,,,,,,,,,,,,,,,,,,,,,,,,,,,,,,,,,,,,,,,,,,,,,,,,,,,,,,,,,,,,,,,,,,,,,,,,,,,,,,,,,,,,,,,,,,,,,,,,,,,,,,,,,,,,,,,,,,,,,,,,,,,,,,,,,,,,,,,,,,,,,,,,,,,,,,,,,,,,,,,,,,,,,,,,,,,,,,,,,,,,,,,,,,,,,,,,,,,,,,,,,,,,,,,,,,,,,,,,,,,,,,,,,,,,,,,,,,,,,,,,,,,,,,,,,,,,,,,,,,,,,,,,,,,,,,,,97,99,100,97,100,100,97,99,100,96,99,97,94,100,94,93,97,100,100,100,100,100,100,100,90,88,95,100,100,87,93,96,100,99,93,98,100,100,100,98,100,100,92,100,96,100,93,100,95,100,100,89,99,100,90,99,97,100,100,94,100,98,99,100,98,100,95,99,96,100,92,100,100,100,99,100,97,96,100,100,99,97,96,92,100,91,99,87,93,95,100,96,100,100,97,99,100,98,100,95,96,90,91,93,92,88,97,93,100,99,94,99,99,97,99,99,100,99,97,99,100,99,100,100,100,100,90,100,94,99,100,100,100,89,100,100,100,99,96,93,99,92,95,94,100,100,94,94,100,95,100,100,91,90,100,96,95,98,98,99,100,98,100,98,97,100,55-64,Female,,High school graduate,,White / Caucasian,,6,0.407063353
R_3NfaVuIGwAsqgne,Risk Analyst,,,,,,,,,,,,,,,,,,,,,,,,,,,,,,,,,,,,,,,,,,,,,,,,,,,,,,,,,,,,,,,,,,,,,,,,,,,,,,,,,,,,,,,,,,,,,,,,,,,,,,,,,,,,,,,,,,,,,,,,,,,,,,,,,,,,,,,,,,,,,,,,,,,,,,,,,,,,,,,,,,,,,,,,,,,,,,,,,,,,,,,,,,,,,,,,,,,,,,,,,,,,,,,,,,,,,,,,,,,,,,,,,,,,,,,,,,,,,,,,,,,,,,,,,,,,,,,,,,,,,,,,,,,,,,,,,,,,,,,,,,,,,,,,,,,,,,,,,,,,,,,,,,,,,,,,,,,,,,,,,,,,,,,,,,,,,,53,53,50,48,49,60,56,52,47,80,49,70,72,86,50,80,62,55,63,36,71,67,32,32,45,73,44,56,85,53,44,53,76,70,43,59,63,69,66,54,51,75,78,55,70,58,65,63,39,59,44,59,31,44,67,54,81,47,74,52,72,39,85,47,74,47,45,70,48,30,66,60,49,41,70,66,78,65,63,21,34,61,55,63,42,52,72,56,65,46,55,38,68,34,65,80,46,27,44,61,58,26,60,64,83,58,58,66,72,90,46,59,69,51,54,30,71,40,45,20,76,75,31,33,63,69,75,62,37,48,64,73,65,50,61,55,36,80,36,63,46,39,68,60,73,71,78,67,80,62,52,34,67,51,42,29,32,27,59,62,92,31,39,74,75,76,29,,,,,,,,,,,,,,,,,,,,,,,,,,,,,,,,,,,,,,,,,,,,,,,,,,,,,,,,,,,,,,,,,,,,,,,,,,,,,,,,,,,,,,,,,,,,,,,,,,,,,,,,,,,,,,,,,,,,,,,,,,,,,,,,,,,,,,,,,,,,,,,,,,,,,,,,,,,,,,,,,,,,,,,,,,,,,,,,,,,,,,,,,,,,,,,,,,,,,,,,,,,,,,,,,,,,,,,,,,,,,,,,,,,,,,,,,,,,,,,,,,,,,,,,,,,,,,,,,,,,,,,,,,,,,,,,,,,,,,,,,,,,,,,,,,,,,,,,,,,,,,,,,,,,,,,,,,,,,,,,,,,,,,,,,,,,,,,,,,,,,,,,,,,,,,,,,,,,,,,,,,,,,,,,,,,,,,,,,,,,,,,,,,,,,,,,,,,,,,,,,,,,,,,,,,,,,,,,,,,,,,,,,,,,,,,,,,,,,,,,,,,,,,,,,,,,,,,,,,,,,,,,,,,,,,,,,,,,,,,,,,,,,,,,,,,,,,,,,,35-44,Male,,Some college,,White / Caucasian,,3,0.485134563
R_10ueWKxKo8uS6WZ,Retail Sales Associate,,,,,,,,,,,,,,,,,,,,,,,,,,,,,,,,,,,,,,,,,,,,,,,,,,,,,,,,,,,,,,,,,,,,,,,,,,,,,,,,,,,,,,,,,,,,,,,,,,,,,,,,,,,,,,,,,,,,,,,,,,,,,,,,,,,,,,,,,,,,,,,,,,,,,,,,,,,,,,,,,,,,,,,,,,,,,,,,,,,,,,,,,,,,,,,,,,,,,,,,,,,,,,,,,,,,,,,,,,,,,,,,,,,,,,,,,,,,,,,,,,,,,,,,,,,,,,,,,,,,,,,,,,,,,,,,,,,,,,,,,,,,,,,,,,,,,,,,,,,,,,,,,,,,,,,,,,,,,,,,,,,,,,,,,,,,,,,,,,,,,,,,,,,,,,,,,,,,,,,,,,,,,,,,,,,,,,,,,,,,,,,,,,,,,,,,,,,,,,,,,,,,,,,,,,,,,,,,,,,,,,,,,,,,,,,,,,,,,,,,,,,,,,,,,,,,,,,,,,,,,,,,,,,,,,,,,,,,,,,,,,,,,,,,,,,,,,,,,,,,,,,,,,,,,,,,,,,,,,,,,,,,,,,,,,,,,,,,,,,,,,,,,,,,,,,,,,,,,,,,,,,,,,,,,,,,,,,,,,,,,,,,,,,,,,,,,,,,,,,,,,,,,,,,,,,,,,,,,,,,,,,,,,,,,,,,,,,,,,,,,,,,,,,,,,,,,,,,,,,,,,,,,,,,,,,,,,,,,,,,,,,,,,,,,,,,,,,,,,,,,,,,,,,,,,,,,,,,,,,,,,,,,,,,,,,,,,,,,,,,,,,,,,,,,,,,,,,,,,,,,,,,,,,,,,,,,,,,,,,,,,,,,,,,,,,,,,,,,,,,,,,,,,,,,,,,,,,,,,,,,,,,,,,,,,,,99,29,97,73,92,6,84,20,57,41,47,34,35,99,79,61,48,86,85,100,100,98,94,87,21,95,83,96,29,65,80,24,60,25,95,78,31,59,77,72,88,62,69,95,11,49,71,87,74,89,91,62,44,78,85,77,46,57,94,60,78,56,33,84,38,93,30,95,48,60,59,96,97,64,66,29,96,32,81,61,68,74,75,82,96,76,79,42,66,35,27,90,84,84,96,94,17,62,98,39,5,86,87,26,71,90,40,74,37,90,57,60,15,95,91,90,94,31,96,30,99,84,94,85,88,94,60,96,81,21,85,15,63,17,66,100,88,11,68,69,68,26,70,25,31,96,63,70,90,25,100,28,100,23,34,86,4,88,12,96,19,85,94,24,91,68,45-54,Male,,Bachelor's degree,,White / Caucasian,,6,0.851268327
R_73sEYzmB1Oa3aql,Financial Advisor,,,,,,,,,,,,,,,,,,,,,,,,,,,,,,,,,,,,,,,,,,,,,,,,,,,,,,,,,,,,,,,,,,,,,,,,,,,,,,,,,,,,,,,,,,,,,,,,,,,,,,,,,,,,,,,,,,,,,,,,,,,,,,,,,,,,,,,,,,,,,,,,,,,,,,,,,,,,,,,,,,,,,,,,,,,,,,,,,,,,,,,,,,,,,,,,,,,,,,,,,,,,,,,,,,,,,,,,,,,,,,,,,,,,,,,,,,,,,,,,,,,,,,,,,,,,,,,,,,,,,,,,,,,,,,,,,,,,,,,,,,,,,,,,,,,,,,,,,,,,,,,,,,,,,,,,,,,,,,,,,,,,,,,,,,,,,,,,,,,,,,,,,,,,,,,,,,,,,,,,,,,,,,,,,,,,,,,,,,,,,,,,,,,,,,,,,,,,,,,,,,,,,,,,,,,,,,,,,,,,,,,,,,,,,,,,,,,,,,,,,,,,,,,,,,,,,,,,,,,,,,,,,,,,,,,,,,,,,,,,,,,,,,,,,,,,,,,,,,,,,49,55,4,58,59,11,52,79,41,14,10,13,36,46,6,9,35,49,49,57,48,47,47,46,7,18,78,52,40,51,2,54,38,59,22,88,35,36,55,2,56,77,7,11,33,9,29,38,15,59,7,14,48,36,45,9,28,22,32,54,53,47,57,50,5,59,23,19,68,60,70,71,20,12,52,52,44,36,51,49,44,41,4,65,9,6,48,53,41,19,41,51,65,52,42,5,23,11,12,55,21,77,46,56,50,55,13,49,54,49,51,51,17,41,49,10,38,64,17,3,55,50,50,47,9,40,37,34,49,48,48,62,9,42,17,49,13,19,54,19,38,12,5,39,25,48,4,46,50,36,42,12,51,41,50,43,59,53,2,49,61,50,77,51,62,47,40,,,,,,,,,,,,,,,,,,,,,,,,,,,,,,,,,,,,,,,,,,,,,,,,,,,,,,,,,,,,,,,,,,,,,,,,,,,,,,,,,,,,,,,,,,,,,,,,,,,,,,,,,,,,,,,,,,,,,,,,,,,,,,,,,,,,,,,,,,,,,,,,,,,,,,,,,,,,,,,,,,,,,,,,,,,,,,,,,,,,,,,,,,,,,,,,,,,,,,,,,,,,,,,,,,,,,,,,,,,,,,,,,,,,,,,,,,,,,,,,,,,,,,,,,,,,,,,,,,,,,,,,,,,,,,,,,,,,,,,,,,,,,,,,,,,,,,,,,,,,,,,,,,,,,,,,,,,,,,,,,,,,,,,,,,,55-64,Male,,Bachelor's degree,,White / Caucasian,,4,0.622578504
R_3KPgnF5CRMNPTEt,Financial Advisor,,,,,,,,,,,,,,,,,,,,,,,,,,,,,,,,,,,,,,,,,,,,,,,,,,,,,,,,,,,,,,,,,,,,,,,,,,,,,,,,,,,,,,,,,,,,,,,,,,,,,,,,,,,,,,,,,,,,,,,,,,,,,,,,,,,,,,,,,,,,,,,,,,,,,,,,,,,,,,,,,,,,,,,,,,,,,,,,,,,,,,,,,,,,,,,,,,,,,,,,,,,,,,,,,,,,,,,,,,,,,,,,,,,,,,,,,,,,,,,,,,,,,,,,,,,,,,,,,,,,,,,,,,,,,,,,,,,,,,,,,,,,,,,,,,,,,,,,,,,,,,,,,,,,,,,,,,,,,,,,,,,,,,,,,,,,,,,,,,,,,,,,,,,,,,,,,,,,,,,,,,,,,,,,,,,,,,,,,,,,,,,,,,,,,,,,,,,,,,,,,,,,,,,,,,,,,,,,,,,,,,,,,,,,,,,,,,,,,,,,,,,,,,,,,,,,,,,,,,,,,,,,,,,,,,,,,,,,,,,,,,,,,,,,,,,,,,,,,,,,,,,,,,,,,,,,,,,,,,,,,,,,,,,,,,,,,,,,,,,,,,,,,,,,,,,,,,,,,,,,,,,,,,,,,,,,,,,,,,,,,,,,,,,,,,,,,,,,,,,,,,,,,,,,,,,,,,,,,,,,,,,,,,,,,,,,,,,,,,,,,,,,,,,,,,,,,,,,,,,,,,,,,,,,,,,,,,,,,,,,,,,,,,,,,,,,,,,,,,,,,,,,,,,,,,,,,,,,,,,,,,,,,,,,,,,,,,,,,,,,,,,,,,,,,,,,,,,,,,,,,,,,,,,,,,,,,,,,,,,,,,,,,,,,,,,,,,,,,,,,,,,,,,,,,,,,,,,,,,,,,,,,,,,,,,,,71,64,93,0,10,66,45,64,81,53,19,23,25,5,14,23,93,64,68,9,65,87,99,35,3,71,97,97,97,13,44,0,36,25,30,60,52,82,97,50,5,97,11,81,26,81,9,80,82,44,27,3,67,27,13,73,2,83,5,35,18,0,18,94,18,85,81,86,5,70,0,53,38,37,7,89,67,2,81,90,66,19,34,95,82,0,11,0,0,73,67,51,90,40,27,99,97,0,71,0,65,20,0,37,12,73,30,29,94,88,0,85,32,95,76,90,72,73,65,70,73,89,92,77,99,99,0,94,64,31,69,86,61,8,77,68,29,23,80,46,79,44,53,97,4,9,11,0,98,14,74,81,69,3,85,55,62,3,52,92,85,91,92,69,64,95,18-24,Female,,Bachelor's degree,,White / Caucasian,,6,0.920698263
R_3QzBe8bVXd7ASYG,Risk Analyst,,,,,,,,,,,,,,,,,,,,,,,,,,,,,,,,,,,,,,,,,,,,,,,,,,,,,,,,,,,,,,,,,,,,,,,,,,,,,,,,,,,,,,,,,,,,,,,,,,,,,,,,,,,,,,,,,,,,,,,,,,,,,,,,,,,,,,,,,,,,,,,,,,,,,,,,,,,,,,,,,,,,,,,,,,,,,,,,,,,,,,,,,,,,,,,,,,,,,,,,,,,,,,,,,,,,,,,,,,,,,,,,,,,,,,,,,,,,,,,,,,,,,,,,,,,,,,,,,,,,,,,,,,,,,,,,,,,,,,,,,,,,,,,,,,,,,,,,,,,,,,,,,,,,,,,,,,,,,,,,,,,,,,,,,,,,,,29,63,80,32,51,59,52,31,34,62,65,73,53,54,70,43,50,58,67,69,58,30,48,32,27,62,34,81,32,43,82,44,40,59,59,62,39,15,66,78,27,27,38,60,68,56,70,83,31,67,30,51,22,43,78,32,67,44,75,25,31,45,43,59,48,40,22,67,52,40,72,44,10,27,22,23,14,64,69,44,46,23,62,71,79,18,72,42,52,54,25,36,57,23,50,63,40,42,59,23,59,27,83,62,79,81,26,54,16,74,68,45,66,60,48,30,60,31,9,19,54,51,49,49,48,66,70,56,42,70,24,37,57,60,67,54,69,31,51,73,72,28,60,77,27,11,27,28,71,75,22,43,62,43,30,45,72,22,21,69,66,17,19,70,48,32,58,,,,,,,,,,,,,,,,,,,,,,,,,,,,,,,,,,,,,,,,,,,,,,,,,,,,,,,,,,,,,,,,,,,,,,,,,,,,,,,,,,,,,,,,,,,,,,,,,,,,,,,,,,,,,,,,,,,,,,,,,,,,,,,,,,,,,,,,,,,,,,,,,,,,,,,,,,,,,,,,,,,,,,,,,,,,,,,,,,,,,,,,,,,,,,,,,,,,,,,,,,,,,,,,,,,,,,,,,,,,,,,,,,,,,,,,,,,,,,,,,,,,,,,,,,,,,,,,,,,,,,,,,,,,,,,,,,,,,,,,,,,,,,,,,,,,,,,,,,,,,,,,,,,,,,,,,,,,,,,,,,,,,,,,,,,,,,,,,,,,,,,,,,,,,,,,,,,,,,,,,,,,,,,,,,,,,,,,,,,,,,,,,,,,,,,,,,,,,,,,,,,,,,,,,,,,,,,,,,,,,,,,,,,,,,,,,,,,,,,,,,,,,,,,,,,,,,,,,,,,,,,,,,,,,,,,,,,,,,,,,,,,,,,,,,,,,,,,,,55-64,Female,,Some college,,White / Caucasian,,3,0.763978038
R_1rDpsgZMMIUyegv,Retail Sales Associate,33,60,73,63,43,77,62,66,59,65,50,15,84,58,55,64,73,80,37,57,78,78,44,44,71,79,50,74,76,69,53,55,32,61,63,20,29,28,75,35,49,74,65,83,48,80,63,70,41,19,68,50,81,70,65,56,35,54,69,46,35,62,77,26,29,73,67,79,51,75,60,67,69,69,59,20,62,41,73,34,61,48,70,17,42,28,57,75,69,60,56,64,61,64,50,70,59,41,23,66,17,42,69,86,75,57,84,75,44,62,62,12,70,26,74,68,69,26,19,62,27,61,33,67,48,61,65,81,40,67,29,68,73,79,61,68,73,37,60,51,80,73,80,76,56,77,46,64,33,57,67,64,39,75,79,55,56,76,66,53,64,68,54,57,38,63,68,,,,,,,,,,,,,,,,,,,,,,,,,,,,,,,,,,,,,,,,,,,,,,,,,,,,,,,,,,,,,,,,,,,,,,,,,,,,,,,,,,,,,,,,,,,,,,,,,,,,,,,,,,,,,,,,,,,,,,,,,,,,,,,,,,,,,,,,,,,,,,,,,,,,,,,,,,,,,,,,,,,,,,,,,,,,,,,,,,,,,,,,,,,,,,,,,,,,,,,,,,,,,,,,,,,,,,,,,,,,,,,,,,,,,,,,,,,,,,,,,,,,,,,,,,,,,,,,,,,,,,,,,,,,,,,,,,,,,,,,,,,,,,,,,,,,,,,,,,,,,,,,,,,,,,,,,,,,,,,,,,,,,,,,,,,,,,,,,,,,,,,,,,,,,,,,,,,,,,,,,,,,,,,,,,,,,,,,,,,,,,,,,,,,,,,,,,,,,,,,,,,,,,,,,,,,,,,,,,,,,,,,,,,,,,,,,,,,,,,,,,,,,,,,,,,,,,,,,,,,,,,,,,,,,,,,,,,,,,,,,,,,,,,,,,,,,,,,,,,,,,,,,,,,,,,,,,,,,,,,,,,,,,,,,,,,,,,,,,,,,,,,,,,,,,,,,,,,,,,,,,,,,,,,,,,,,,,,,,,,,,,,,,,,,,,,,,,,,,,,,,,,,,,,,,,,,,,,,,,,,,,,,,,,,,,,,,,,,,,,,,,,,,,,,,,,,,,,,,,,,,,,,,,,,,,,,,,,,,,,,,,,,,,,,,,,,,,,,,,,,,,,,,,,,,,,,,,,,,,,,,,,,,,,,,,,,,,,,,,,,,,,,,,,,,,,,,,,,,,,,,,,,,,,,,,,,,,,,,,,,,,,,,,,,,,,,,,,,,,,,,,,,,,,,,,,,,,,,,,,,,,,,,,,,,,35-44,Male,,Some college,,White / Caucasian,,1,0.424869939
R_54pk1ly5qzMmBzo,Risk Analyst,,,,,,,,,,,,,,,,,,,,,,,,,,,,,,,,,,,,,,,,,,,,,,,,,,,,,,,,,,,,,,,,,,,,,,,,,,,,,,,,,,,,,,,,,,,,,,,,,,,,,,,,,,,,,,,,,,,,,,,,,,,,,,,,,,,,,,,,,,,,,,,,,,,,,,,,,,,,,,,,,,,,,,,,56,82,39,64,99,97,44,1,1,98,25,100,43,7,59,1,25,100,13,49,96,61,79,83,96,8,64,32,85,20,5,84,11,4,1,48,11,100,65,14,11,58,81,95,1,0,1,82,85,2,26,32,1,1,29,5,1,99,1,1,60,86,34,88,91,47,35,97,44,35,4,15,43,5,6,40,84,46,83,100,13,1,40,14,10,57,23,33,1,99,99,1,22,100,1,13,5,1,100,11,100,99,8,41,9,52,82,100,100,98,100,97,78,1,7,15,99,99,12,51,12,47,1,1,100,21,100,1,93,42,1,87,76,18,98,40,100,90,1,20,52,1,6,1,70,42,100,1,13,7,38,1,85,44,1,26,20,100,100,16,97,7,24,10,50,4,,,,,,,,,,,,,,,,,,,,,,,,,,,,,,,,,,,,,,,,,,,,,,,,,,,,,,,,,,,,,,,,,,,,,,,,,,,,,,,,,,,,,,,,,,,,,,,,,,,,,,,,,,,,,,,,,,,,,,,,,,,,,,,,,,,,,,,,,,,,,,,,,,,,,,,,,,,,,,,,,,,,,,,,,,,,,,,,,,,,,,,,,,,,,,,,,,,,,,,,,,,,,,,,,,,,,,,,,,,,,,,,,,,,,,,,,,,,,,,,,,,,,,,,,,,,,,,,,,,,,,,,,,,,,,,,,,,,,,,,,,,,,,,,,,,,,,,,,,,,,,,,,,,,,,,,,,,,,,,,,,,,,,,,,,,,,,,,,,,,,,,,,,,,,,,,,,,,,,,,,,,,,,,,,,,,,,,,,,,,,,,,,,,,,,,,,,,,,,,,,,,,,,,,,,,,,,,,,,,,,,,,,,,,,,,,,,,,,,,,,,,,,,,,,,,,,,,,,,,,,,,,,,,,,,,,,,,,,,,,,,,,,,,,,,,,,,,,,,,,,,,,,,,,,,,,,,,,,,,,,,,,,,,,,,,,,,,,,,,,,,,,,,,,,,,,,,,,,,,,,,,,,,,,,,,,,,,,,,,,,,,,,,,,,,,,,,,,,,,,,,,,,,,,,,,,,,,,,,,,,,,,,,,,,,,,,,,,,,,,,,,,,,,,,,,,,,,,,,,,,,,,,25-34,Male,,Bachelor's degree,,White / Caucasian,,2,0.570126429
R_3hAcC93iSEk7g5o,Financial Advisor,,,,,,,,,,,,,,,,,,,,,,,,,,,,,,,,,,,,,,,,,,,,,,,,,,,,,,,,,,,,,,,,,,,,,,,,,,,,,,,,,,,,,,,,,,,,,,,,,,,,,,,,,,,,,,,,,,,,,,,,,,,,,,,,,,,,,,,,,,,,,,,,,,,,,,,,,,,,,,,,,,,,,,,,,,,,,,,,,,,,,,,,,,,,,,,,,,,,,,,,,,,,,,,,,,,,,,,,,,,,,,,,,,,,,,,,,,,,,,,,,,,,,,,,,,,,,,,,,,,,,,,,,,,,,,,,,,,,,,,,,,,,,,,,,,,,,,,,,,,,,,,,,,,,,,,,,,,,,,,,,,,,,,,,,,,,,,45,48,50,16,49,51,45,47,13,47,48,50,48,50,49,13,46,46,51,47,48,48,20,46,48,48,46,49,17,22,49,27,51,49,49,18,52,22,50,52,50,47,46,48,48,46,48,50,48,48,48,48,48,48,49,52,18,46,50,51,50,17,48,47,48,47,36,22,25,47,48,13,16,24,18,47,47,49,49,19,45,47,50,51,50,47,46,50,49,49,20,47,47,47,49,46,52,48,50,49,50,48,48,47,48,47,47,48,34,49,47,14,22,47,48,18,45,48,47,18,50,48,46,51,28,48,24,51,49,48,18,49,47,52,48,47,48,50,47,52,48,50,50,46,47,17,47,48,50,49,19,47,48,49,48,48,48,46,46,46,15,49,46,46,48,47,47,,,,,,,,,,,,,,,,,,,,,,,,,,,,,,,,,,,,,,,,,,,,,,,,,,,,,,,,,,,,,,,,,,,,,,,,,,,,,,,,,,,,,,,,,,,,,,,,,,,,,,,,,,,,,,,,,,,,,,,,,,,,,,,,,,,,,,,,,,,,,,,,,,,,,,,,,,,,,,,,,,,,,,,,,,,,,,,,,,,,,,,,,,,,,,,,,,,,,,,,,,,,,,,,,,,,,,,,,,,,,,,,,,,,,,,,,,,,,,,,,,,,,,,,,,,,,,,,,,,,,,,,,,,,,,,,,,,,,,,,,,,,,,,,,,,,,,,,,,,,,,,,,,,,,,,,,,,,,,,,,,,,,,,,,,,,,,,,,,,,,,,,,,,,,,,,,,,,,,,,,,,,,,,,,,,,,,,,,,,,,,,,,,,,,,,,,,,,,,,,,,,,,,,,,,,,,,,,,,,,,,,,,,,,,,,,,,,,,,,,,,,,,,,,,,,,,,,,,,,,,,,,,,,,,,,,,,,,,,,,,,,,,,,,,,,,,,,,,,35-44,Female,,Bachelor's degree,,Black or African American,,3,0.228556349
R_3FkMmKze74Xxbgy,Risk Analyst,,,,,,,,,,,,,,,,,,,,,,,,,,,,,,,,,,,,,,,,,,,,,,,,,,,,,,,,,,,,,,,,,,,,,,,,,,,,,,,,,,,,,,,,,,,,,,,,,,,,,,,,,,,,,,,,,,,,,,,,,,,,,,,,,,,,,,,,,,,,,,,,,,,,,,,,,,,,,,,,,,,,,,,,62,44,76,45,59,55,73,57,46,52,50,40,39,50,42,42,59,27,69,54,65,38,71,70,55,55,63,64,53,51,24,65,30,59,58,36,70,68,76,42,65,55,61,65,44,60,58,23,44,67,65,1,43,39,46,60,41,43,70,56,62,62,33,65,45,65,31,43,42,61,55,58,60,53,31,47,68,41,46,69,43,61,34,59,32,66,44,68,57,54,54,59,62,51,67,64,25,43,42,51,39,57,81,17,66,58,55,66,26,54,29,61,66,66,74,32,65,60,61,47,44,66,75,61,75,71,73,69,73,41,55,56,40,16,59,72,31,38,51,34,65,57,40,72,59,60,50,45,41,42,58,37,43,38,40,68,43,42,23,59,24,55,44,37,40,58,,,,,,,,,,,,,,,,,,,,,,,,,,,,,,,,,,,,,,,,,,,,,,,,,,,,,,,,,,,,,,,,,,,,,,,,,,,,,,,,,,,,,,,,,,,,,,,,,,,,,,,,,,,,,,,,,,,,,,,,,,,,,,,,,,,,,,,,,,,,,,,,,,,,,,,,,,,,,,,,,,,,,,,,,,,,,,,,,,,,,,,,,,,,,,,,,,,,,,,,,,,,,,,,,,,,,,,,,,,,,,,,,,,,,,,,,,,,,,,,,,,,,,,,,,,,,,,,,,,,,,,,,,,,,,,,,,,,,,,,,,,,,,,,,,,,,,,,,,,,,,,,,,,,,,,,,,,,,,,,,,,,,,,,,,,,,,,,,,,,,,,,,,,,,,,,,,,,,,,,,,,,,,,,,,,,,,,,,,,,,,,,,,,,,,,,,,,,,,,,,,,,,,,,,,,,,,,,,,,,,,,,,,,,,,,,,,,,,,,,,,,,,,,,,,,,,,,,,,,,,,,,,,,,,,,,,,,,,,,,,,,,,,,,,,,,,,,,,,,,,,,,,,,,,,,,,,,,,,,,,,,,,,,,,,,,,,,,,,,,,,,,,,,,,,,,,,,,,,,,,,,,,,,,,,,,,,,,,,,,,,,,,,,,,,,,,,,,,,,,,,,,,,,,,,,,,,,,,,,,,,,,,,,,,,,,,,,,,,,,,,,,,,,,,,,,,,,,,,,,,,,,,18-24,Male,,High school graduate,,Asian,,2,0.701529514
R_6d0jtKsQzLinAec,Inventory Manager,,,,,,,,,,,,,,,,,,,,,,,,,,,,,,,,,,,,,,,,,,,,,,,,,,,,,,,,,,,,,,,,,,,,,,,,,,,,,,,,,,,,,,,,,,,,,,,,,,,,,,,,,,,,,,,,,,,,,,,,,,,,,,,,,,,,,,,,,,,,,,,,,,,,,,,,,,,,,,,,,,,,,,,,47,47,47,47,47,47,47,47,47,47,47,47,47,47,47,47,47,47,47,47,47,47,47,47,47,47,47,47,47,47,1,47,47,47,47,47,47,47,47,47,47,47,47,47,47,47,47,47,47,47,47,1,47,47,47,47,47,47,47,47,47,47,47,47,47,47,47,47,47,47,47,45,47,47,47,47,47,47,47,47,46,47,47,47,47,47,47,47,47,47,47,47,47,47,47,47,47,47,47,47,47,47,47,47,47,47,47,47,47,47,47,47,47,47,47,1,47,47,47,47,47,47,47,47,47,47,47,47,47,47,47,47,47,47,47,47,47,47,47,47,47,47,47,48,47,47,47,47,47,47,47,47,47,47,47,47,47,47,47,47,47,47,47,1,47,47,,,,,,,,,,,,,,,,,,,,,,,,,,,,,,,,,,,,,,,,,,,,,,,,,,,,,,,,,,,,,,,,,,,,,,,,,,,,,,,,,,,,,,,,,,,,,,,,,,,,,,,,,,,,,,,,,,,,,,,,,,,,,,,,,,,,,,,,,,,,,,,,,,,,,,,,,,,,,,,,,,,,,,,,,,,,,,,,,,,,,,,,,,,,,,,,,,,,,,,,,,,,,,,,,,,,,,,,,,,,,,,,,,,,,,,,,,,,,,,,,,,,,,,,,,,,,,,,,,,,,,,,,,,,,,,,,,,,,,,,,,,,,,,,,,,,,,,,,,,,,,,,,,,,,,,,,,,,,,,,,,,,,,,,,,,,,,,,,,,,,,,,,,,,,,,,,,,,,,,,,,,,,,,,,,,,,,,,,,,,,,,,,,,,,,,,,,,,,,,,,,,,,,,,,,,,,,,,,,,,,,,,,,,,,,,,,,,,,,,,,,,,,,,,,,,,,,,,,,,,,,,,,,,,,,,,,,,,,,,,,,,,,,,,,,,,,,,,,,,,,,,,,,,,,,,,,,,,,,,,,,,,,,,,,,,,,,,,,,,,,,,,,,,,,,,,,,,,,,,,,,,,,,,,,,,,,,,,,,,,,,,,,,,,,,,,,,,,,,,,,,,,,,,,,,,,,,,,,,,,,,,,,,,,,,,,,,,,,,,,,,,,,,,,,,,,,,,,,,,,,,,,,45-54,Female,,Bachelor's degree,,White / Caucasian,,2,0.999764423
R_1QWVU1rSdiiFD8J,Retail Sales Associate,56,55,75,77,77,77,77,65,66,77,77,48,73,62,72,78,60,76,50,46,70,77,76,60,72,75,71,65,77,73,78,73,45,64,73,63,68,67,76,54,76,73,74,77,62,75,74,75,58,54,76,75,75,76,77,73,61,77,76,71,46,73,78,66,73,76,79,75,78,71,75,74,74,64,77,60,68,51,79,74,70,67,76,74,76,67,79,60,56,72,69,79,76,77,73,57,74,73,75,79,30,62,73,76,75,63,76,76,67,64,71,74,77,62,63,73,75,62,71,56,68,77,57,76,79,69,75,78,76,69,73,64,75,76,68,75,79,48,64,76,79,78,78,71,64,77,51,75,76,78,75,75,72,49,78,66,57,77,72,77,78,79,78,68,64,76,75,,,,,,,,,,,,,,,,,,,,,,,,,,,,,,,,,,,,,,,,,,,,,,,,,,,,,,,,,,,,,,,,,,,,,,,,,,,,,,,,,,,,,,,,,,,,,,,,,,,,,,,,,,,,,,,,,,,,,,,,,,,,,,,,,,,,,,,,,,,,,,,,,,,,,,,,,,,,,,,,,,,,,,,,,,,,,,,,,,,,,,,,,,,,,,,,,,,,,,,,,,,,,,,,,,,,,,,,,,,,,,,,,,,,,,,,,,,,,,,,,,,,,,,,,,,,,,,,,,,,,,,,,,,,,,,,,,,,,,,,,,,,,,,,,,,,,,,,,,,,,,,,,,,,,,,,,,,,,,,,,,,,,,,,,,,,,,,,,,,,,,,,,,,,,,,,,,,,,,,,,,,,,,,,,,,,,,,,,,,,,,,,,,,,,,,,,,,,,,,,,,,,,,,,,,,,,,,,,,,,,,,,,,,,,,,,,,,,,,,,,,,,,,,,,,,,,,,,,,,,,,,,,,,,,,,,,,,,,,,,,,,,,,,,,,,,,,,,,,,,,,,,,,,,,,,,,,,,,,,,,,,,,,,,,,,,,,,,,,,,,,,,,,,,,,,,,,,,,,,,,,,,,,,,,,,,,,,,,,,,,,,,,,,,,,,,,,,,,,,,,,,,,,,,,,,,,,,,,,,,,,,,,,,,,,,,,,,,,,,,,,,,,,,,,,,,,,,,,,,,,,,,,,,,,,,,,,,,,,,,,,,,,,,,,,,,,,,,,,,,,,,,,,,,,,,,,,,,,,,,,,,,,,,,,,,,,,,,,,,,,,,,,,,,,,,,,,,,,,,,,,,,,,,,,,,,,,,,,,,,,,,,,,,,,,,,,,,,,,,,,,,,,,,,,,,,,,,,,,,,,,,,,,,,,,,55-64,Female,,Graduate degree,,White / Caucasian,,1,0.930884155
R_5WPBO09z0ybcuKk,Financial Advisor,,,,,,,,,,,,,,,,,,,,,,,,,,,,,,,,,,,,,,,,,,,,,,,,,,,,,,,,,,,,,,,,,,,,,,,,,,,,,,,,,,,,,,,,,,,,,,,,,,,,,,,,,,,,,,,,,,,,,,,,,,,,,,,,,,,,,,,,,,,,,,,,,,,,,,,,,,,,,,,,,,,,,,,,,,,,,,,,,,,,,,,,,,,,,,,,,,,,,,,,,,,,,,,,,,,,,,,,,,,,,,,,,,,,,,,,,,,,,,,,,,,,,,,,,,,,,,,,,,,,,,,,,,,,,,,,,,,,,,,,,,,,,,,,,,,,,,,,,,,,,,,,,,,,,,,,,,,,,,,,,,,,,,,,,,,,,,,,,,,,,,,,,,,,,,,,,,,,,,,,,,,,,,,,,,,,,,,,,,,,,,,,,,,,,,,,,,,,,,,,,,,,,,,,,,,,,,,,,,,,,,,,,,,,,,,,,,,,,,,,,,,,,,,,,,,,,,,,,,,,,,,,,,,,,,,,,,,,,,,,,,,,,,,,,,,,,,,,,,,,,,,,,,,,,,,,,,,,,,,,,,,,,,,,,,,,,,,,,,,,,,,,,,,,,,,,,,,,,,,,,,,,,,,,,,,,,,,,,,,,,,,,,,,,,,,,,,,,,,,,,,,,,,,,,,,,,,,,,,,,,,,,,,,,,,,,,,,,,,,,,,,,,,,,,,,,,,,,,,,,,,,,,,,,53,60,59,20,43,42,65,45,50,25,54,41,29,54,55,44,44,54,56,54,38,49,50,46,32,45,49,59,30,46,47,46,41,55,58,49,41,43,54,49,41,46,48,61,58,45,47,45,44,61,53,55,52,45,43,56,56,54,44,56,52,56,44,41,57,43,48,52,41,47,56,38,53,58,48,50,49,63,56,45,45,49,57,60,56,62,53,43,52,52,61,43,45,55,55,50,48,43,45,33,53,48,45,45,43,46,48,54,62,50,42,60,46,41,55,52,49,58,44,51,46,31,61,47,42,42,47,45,61,44,48,52,52,52,57,61,26,61,48,63,46,53,50,53,40,46,48,51,53,41,38,50,50,54,41,52,37,51,51,47,52,40,33,29,,,,,,,,,,,,,,,,,,,,,,,,,,,,,,,,,,,,,,,,,,,,,,,,,,,,,,,,,,,,,,,,,,,,,,,,,,,,,,,,,,,,,,,,,,,,,,,,,,,,,,,,,,,,,,,,,,,,,,,,,,,,,,,,,,,,,,,,,,,,,,,,,,,,,,,,,,,,,,,,,,,,,,,45-54,Female,,High school graduate,,White / Caucasian,,5,0.788385767
R_1Keo4xhU11g06dP,Inventory Manager,,,,,,,,,,,,,,,,,,,,,,,,,,,,,,,,,,,,,,,,,,,,,,,,,,,,,,,,,,,,,,,,,,,,,,,,,,,,,,,,,,,,,,,,,,,,,,,,,,,,,,,,,,,,,,,,,,,,,,,,,,,,,,,,,,,,,,,,,,,,,,,,,,,,,,,,,,,,,,,,,,,,,,,,78,40,76,65,55,51,78,57,65,67,30,66,46,33,66,56,50,65,47,58,76,65,73,73,64,38,46,67,67,62,30,52,53,66,51,50,69,62,77,59,65,40,85,83,35,76,68,67,70,81,47,0,50,76,51,31,45,80,60,60,79,45,77,45,50,61,43,50,59,38,79,42,59,45,50,70,55,38,44,71,25,55,60,64,50,82,55,51,66,45,49,66,60,60,76,55,67,30,30,53,43,55,76,55,50,47,50,69,61,66,43,61,72,50,65,0,63,65,65,70,40,37,75,66,36,79,60,63,76,69,50,49,55,37,62,58,43,56,54,62,43,35,34,75,79,35,55,72,59,55,69,38,49,61,59,50,68,40,59,50,61,47,54,0,55,60,,,,,,,,,,,,,,,,,,,,,,,,,,,,,,,,,,,,,,,,,,,,,,,,,,,,,,,,,,,,,,,,,,,,,,,,,,,,,,,,,,,,,,,,,,,,,,,,,,,,,,,,,,,,,,,,,,,,,,,,,,,,,,,,,,,,,,,,,,,,,,,,,,,,,,,,,,,,,,,,,,,,,,,,,,,,,,,,,,,,,,,,,,,,,,,,,,,,,,,,,,,,,,,,,,,,,,,,,,,,,,,,,,,,,,,,,,,,,,,,,,,,,,,,,,,,,,,,,,,,,,,,,,,,,,,,,,,,,,,,,,,,,,,,,,,,,,,,,,,,,,,,,,,,,,,,,,,,,,,,,,,,,,,,,,,,,,,,,,,,,,,,,,,,,,,,,,,,,,,,,,,,,,,,,,,,,,,,,,,,,,,,,,,,,,,,,,,,,,,,,,,,,,,,,,,,,,,,,,,,,,,,,,,,,,,,,,,,,,,,,,,,,,,,,,,,,,,,,,,,,,,,,,,,,,,,,,,,,,,,,,,,,,,,,,,,,,,,,,,,,,,,,,,,,,,,,,,,,,,,,,,,,,,,,,,,,,,,,,,,,,,,,,,,,,,,,,,,,,,,,,,,,,,,,,,,,,,,,,,,,,,,,,,,,,,,,,,,,,,,,,,,,,,,,,,,,,,,,,,,,,,,,,,,,,,,,,,,,,,,,,,,,,,,,,,,,,,,,,,,,,,,,25-34,Male,,Bachelor's degree,,White / Caucasian,,2,0.827658733
R_76gXroR7XzD1wY9,Financial Advisor,50,26,34,68,31,30,37,83,27,80,80,75,35,16,37,27,32,65,24,26,35,15,35,8,12,19,30,1,69,37,73,50,2,51,26,45,32,69,35,35,40,47,32,47,46,89,27,20,34,16,42,43,72,26,15,43,82,27,47,49,19,26,90,39,62,26,55,6,29,26,33,21,28,44,29,38,22,55,18,68,44,86,29,77,81,24,54,93,75,33,18,35,52,74,34,74,12,29,24,38,75,37,24,37,59,77,77,44,35,21,27,60,70,41,9,50,14,20,67,79,35,41,34,27,49,72,30,41,42,25,78,60,52,48,66,74,64,40,47,30,27,61,32,44,6,45,4,18,22,42,52,43,20,14,67,37,59,60,43,50,45,44,40,74,20,15,58,,,,,,,,,,,,,,,,,,,,,,,,,,,,,,,,,,,,,,,,,,,,,,,,,,,,,,,,,,,,,,,,,,,,,,,,,,,,,,,,,,,,,,,,,,,,,,,,,,,,,,,,,,,,,,,,,,,,,,,,,,,,,,,,,,,,,,,,,,,,,,,,,,,,,,,,,,,,,,,,,,,,,,,,,,,,,,,,,,,,,,,,,,,,,,,,,,,,,,,,,,,,,,,,,,,,,,,,,,,,,,,,,,,,,,,,,,,,,,,,,,,,,,,,,,,,,,,,,,,,,,,,,,,,,,,,,,,,,,,,,,,,,,,,,,,,,,,,,,,,,,,,,,,,,,,,,,,,,,,,,,,,,,,,,,,,,,,,,,,,,,,,,,,,,,,,,,,,,,,,,,,,,,,,,,,,,,,,,,,,,,,,,,,,,,,,,,,,,,,,,,,,,,,,,,,,,,,,,,,,,,,,,,,,,,,,,,,,,,,,,,,,,,,,,,,,,,,,,,,,,,,,,,,,,,,,,,,,,,,,,,,,,,,,,,,,,,,,,,,,,,,,,,,,,,,,,,,,,,,,,,,,,,,,,,,,,,,,,,,,,,,,,,,,,,,,,,,,,,,,,,,,,,,,,,,,,,,,,,,,,,,,,,,,,,,,,,,,,,,,,,,,,,,,,,,,,,,,,,,,,,,,,,,,,,,,,,,,,,,,,,,,,,,,,,,,,,,,,,,,,,,,,,,,,,,,,,,,,,,,,,,,,,,,,,,,,,,,,,,,,,,,,,,,,,,,,,,,,,,,,,,,,,,,,,,,,,,,,,,,,,,,,,,,,,,,,,,,,,,,,,,,,,,,,,,,,,,,,,,,,,,,,,,,,,,,,,,,,,,,,,,,,,,,,,,,,,,,,,,,,,,,,,,,,,,18-24,Female,,High school graduate,,Asian,,1,0.519102081
R_15LpWDcnjD38MeT,Financial Advisor,,,,,,,,,,,,,,,,,,,,,,,,,,,,,,,,,,,,,,,,,,,,,,,,,,,,,,,,,,,,,,,,,,,,,,,,,,,,,,,,,,,,,,,,,,,,,,,,,,,,,,,,,,,,,,,,,,,,,,,,,,,,,,,,,,,,,,,,,,,,,,,,,,,,,,,,,,,,,,,,,,,,,,,,,,,,,,,,,,,,,,,,,,,,,,,,,,,,,,,,,,,,,,,,,,,,,,,,,,,,,,,,,,,,,,,,,,,,,,,,,,,,,,,,,,,,,,,,,,,,,,,,,,,,,,,,,,,,,,,,,,,,,,,,,,,,,,,,,,,,,,,,,,,,,,,,,,,,,,,,,,,,,,,,,,,,,,,,,,,,,,,,,,,,,,,,,,,,,,,,,,,,,,,,,,,,,,,,,,,,,,,,,,,,,,,,,,,,,,,,,,,,,,,,,,,,,,,,,,,,,,,,,,,,,,,,,,,,,,,,,,,,,,,,,,,,,,,,,,,,,,,,,,,,,,,,,,,,,,,,,,,,,,,,,,,,,,,,,,,,,,,,,,,,,,,,,,,,,,,,,,,,,,,,,,,,,,,,,,,,,,,,,,,,,,,,,,,,,,,,,,,,,,,,,,,,,,,,,,,,,,,,,,,,,,,,,,,,,,,,,,,,,,,,,,,,,,,,,,,,,,,,,,,,,,,,,,,,,,,,,,,,,,,,,,,,,,,,,,,,,,,,,,,,70,69,97,21,79,83,94,93,85,77,96,85,35,82,62,70,79,90,88,84,77,92,88,84,87,78,70,91,73,78,75,94,43,85,76,79,78,73,87,75,83,90,84,77,83,75,94,84,87,94,89,84,93,33,87,89,94,83,73,89,87,70,88,60,95,68,79,52,75,92,95,56,79,91,90,82,84,88,91,91,62,89,87,93,91,86,94,90,89,88,95,31,90,98,84,69,88,66,85,51,77,93,85,84,88,85,82,95,92,84,83,95,90,82,98,90,83,85,60,85,84,96,90,80,73,31,76,85,87,91,91,88,41,93,70,88,83,92,66,94,93,74,91,80,83,63,81,97,89,88,82,88,96,95,25,85,52,90,88,92,91,53,71,24,,,,,,,,,,,,,,,,,,,,,,,,,,,,,,,,,,,,,,,,,,,,,,,,,,,,,,,,,,,,,,,,,,,,,,,,,,,,,,,,,,,,,,,,,,,,,,,,,,,,,,,,,,,,,,,,,,,,,,,,,,,,,,,,,,,,,,,,,,,,,,,,,,,,,,,,,,,,,,,,,,,,,,,35-44,Male,,Associate's degree,Associate's degree,White / Caucasian,,5,0.969400926
R_32yMtRh6dECTQLu,Financial Advisor,,,,,,,,,,,,,,,,,,,,,,,,,,,,,,,,,,,,,,,,,,,,,,,,,,,,,,,,,,,,,,,,,,,,,,,,,,,,,,,,,,,,,,,,,,,,,,,,,,,,,,,,,,,,,,,,,,,,,,,,,,,,,,,,,,,,,,,,,,,,,,,,,,,,,,,,,,,,,,,,,,,,,,,,,,,,,,,,,,,,,,,,,,,,,,,,,,,,,,,,,,,,,,,,,,,,,,,,,,,,,,,,,,,,,,,,,,,,,,,,,,,,,,,,,,,,,,,,,,,,,,,,,,,,,,,,,,,,,,,,,,,,,,,,,,,,,,,,,,,,,,,,,,,,,,,,,,,,,,,,,,,,,,,,,,,,,,50,24,61,6,74,11,53,34,26,11,41,70,41,64,52,14,14,11,41,52,72,24,5,3,29,80,8,73,7,19,47,55,34,14,65,40,16,51,23,21,2,22,9,19,54,37,30,51,6,21,9,62,62,18,43,30,45,19,70,12,51,6,44,41,54,72,13,34,23,6,78,9,2,5,58,21,74,13,27,29,20,21,16,9,6,32,7,34,21,60,42,8,31,9,15,71,13,30,70,6,8,27,71,35,77,52,7,53,7,45,47,16,37,12,60,23,45,25,25,32,24,63,70,23,79,37,83,72,48,21,52,10,16,23,15,13,64,19,17,34,57,43,11,26,38,8,4,4,41,47,64,8,7,21,4,11,37,9,25,33,45,16,18,67,80,37,12,,,,,,,,,,,,,,,,,,,,,,,,,,,,,,,,,,,,,,,,,,,,,,,,,,,,,,,,,,,,,,,,,,,,,,,,,,,,,,,,,,,,,,,,,,,,,,,,,,,,,,,,,,,,,,,,,,,,,,,,,,,,,,,,,,,,,,,,,,,,,,,,,,,,,,,,,,,,,,,,,,,,,,,,,,,,,,,,,,,,,,,,,,,,,,,,,,,,,,,,,,,,,,,,,,,,,,,,,,,,,,,,,,,,,,,,,,,,,,,,,,,,,,,,,,,,,,,,,,,,,,,,,,,,,,,,,,,,,,,,,,,,,,,,,,,,,,,,,,,,,,,,,,,,,,,,,,,,,,,,,,,,,,,,,,,,,,,,,,,,,,,,,,,,,,,,,,,,,,,,,,,,,,,,,,,,,,,,,,,,,,,,,,,,,,,,,,,,,,,,,,,,,,,,,,,,,,,,,,,,,,,,,,,,,,,,,,,,,,,,,,,,,,,,,,,,,,,,,,,,,,,,,,,,,,,,,,,,,,,,,,,,,,,,,,,,,,,,,,25-34,Female,,Bachelor's degree,,Asian,,3,0.565271731
R_5ICTx42eQuXEf6N,Financial Advisor,65,90,70,70,75,50,60,65,20,70,90,100,70,85,50,61,20,75,30,30,50,5,30,5,64,70,65,40,65,65,50,40,40,55,55,85,60,61,60,65,50,45,50,75,50,70,25,70,75,50,61,80,50,75,10,70,95,5,50,2,20,75,65,72,70,76,55,40,20,50,50,55,11,50,55,60,50,60,60,55,60,91,65,85,90,80,65,60,75,45,75,55,55,55,85,50,65,50,75,65,75,65,55,56,65,85,55,65,20,50,75,10,65,20,65,70,61,90,90,65,5,80,10,10,50,60,45,55,20,60,90,70,90,70,65,70,70,65,90,85,50,85,61,71,10,55,40,70,40,65,80,55,15,65,61,45,75,80,20,60,65,60,70,90,10,40,65,,,,,,,,,,,,,,,,,,,,,,,,,,,,,,,,,,,,,,,,,,,,,,,,,,,,,,,,,,,,,,,,,,,,,,,,,,,,,,,,,,,,,,,,,,,,,,,,,,,,,,,,,,,,,,,,,,,,,,,,,,,,,,,,,,,,,,,,,,,,,,,,,,,,,,,,,,,,,,,,,,,,,,,,,,,,,,,,,,,,,,,,,,,,,,,,,,,,,,,,,,,,,,,,,,,,,,,,,,,,,,,,,,,,,,,,,,,,,,,,,,,,,,,,,,,,,,,,,,,,,,,,,,,,,,,,,,,,,,,,,,,,,,,,,,,,,,,,,,,,,,,,,,,,,,,,,,,,,,,,,,,,,,,,,,,,,,,,,,,,,,,,,,,,,,,,,,,,,,,,,,,,,,,,,,,,,,,,,,,,,,,,,,,,,,,,,,,,,,,,,,,,,,,,,,,,,,,,,,,,,,,,,,,,,,,,,,,,,,,,,,,,,,,,,,,,,,,,,,,,,,,,,,,,,,,,,,,,,,,,,,,,,,,,,,,,,,,,,,,,,,,,,,,,,,,,,,,,,,,,,,,,,,,,,,,,,,,,,,,,,,,,,,,,,,,,,,,,,,,,,,,,,,,,,,,,,,,,,,,,,,,,,,,,,,,,,,,,,,,,,,,,,,,,,,,,,,,,,,,,,,,,,,,,,,,,,,,,,,,,,,,,,,,,,,,,,,,,,,,,,,,,,,,,,,,,,,,,,,,,,,,,,,,,,,,,,,,,,,,,,,,,,,,,,,,,,,,,,,,,,,,,,,,,,,,,,,,,,,,,,,,,,,,,,,,,,,,,,,,,,,,,,,,,,,,,,,,,,,,,,,,,,,,,,,,,,,,,,,,,,,,,,,,,,,,,,,,,,,,,,,,,,,,,,,,45-54,Male,,Some college,,White / Caucasian,,1,0.868333686
R_12QzlofDPBjK1WX,Inventory Manager,,,,,,,,,,,,,,,,,,,,,,,,,,,,,,,,,,,,,,,,,,,,,,,,,,,,,,,,,,,,,,,,,,,,,,,,,,,,,,,,,,,,,,,,,,,,,,,,,,,,,,,,,,,,,,,,,,,,,,,,,,,,,,,,,,,,,,,,,,,,,,,,,,,,,,,,,,,,,,,,,,,,,,,,,,,,,,,,,,,,,,,,,,,,,,,,,,,,,,,,,,,,,,,,,,,,,,,,,,,,,,,,,,,,,,,,,,,,,,,,,,,,,,,,,,,,,,,,,,,,,,,,,,,,,,,,,,,,,,,,,,,,,,,,,,,,,,,,,,,,,,,,,,,,,,,,,,,,,,,,,,,,,,,,,,,,,,64,62,45,33,62,79,50,37,48,48,41,45,60,57,50,49,54,80,62,52,48,86,47,96,89,57,45,67,87,59,53,80,59,84,63,56,65,76,54,61,80,61,50,52,65,58,70,63,47,55,90,51,40,75,69,97,69,97,68,96,66,48,45,51,53,76,66,71,52,66,70,35,45,82,75,100,52,97,54,33,54,48,98,29,64,75,53,51,70,30,49,25,73,93,68,81,59,58,52,62,65,67,64,59,65,35,12,100,45,50,68,97,54,77,44,100,56,84,88,100,68,69,56,74,72,60,76,89,35,77,21,74,73,91,51,56,96,69,53,71,52,56,63,55,43,46,19,83,48,47,57,83,46,100,49,63,62,78,62,95,52,69,68,35,56,55,56,,,,,,,,,,,,,,,,,,,,,,,,,,,,,,,,,,,,,,,,,,,,,,,,,,,,,,,,,,,,,,,,,,,,,,,,,,,,,,,,,,,,,,,,,,,,,,,,,,,,,,,,,,,,,,,,,,,,,,,,,,,,,,,,,,,,,,,,,,,,,,,,,,,,,,,,,,,,,,,,,,,,,,,,,,,,,,,,,,,,,,,,,,,,,,,,,,,,,,,,,,,,,,,,,,,,,,,,,,,,,,,,,,,,,,,,,,,,,,,,,,,,,,,,,,,,,,,,,,,,,,,,,,,,,,,,,,,,,,,,,,,,,,,,,,,,,,,,,,,,,,,,,,,,,,,,,,,,,,,,,,,,,,,,,,,,,,,,,,,,,,,,,,,,,,,,,,,,,,,,,,,,,,,,,,,,,,,,,,,,,,,,,,,,,,,,,,,,,,,,,,,,,,,,,,,,,,,,,,,,,,,,,,,,,,,,,,,,,,,,,,,,,,,,,,,,,,,,,,,,,,,,,,,,,,,,,,,,,,,,,,,,,,,,,,,,,,,,,,35-44,Male,,Some college,,White / Caucasian,,3,0.017538754
R_3X3rCwLW6iHil3z,Risk Analyst,,,,,,,,,,,,,,,,,,,,,,,,,,,,,,,,,,,,,,,,,,,,,,,,,,,,,,,,,,,,,,,,,,,,,,,,,,,,,,,,,,,,,,,,,,,,,,,,,,,,,,,,,,,,,,,,,,,,,,,,,,,,,,,,,,,,,,,,,,,,,,,,,,,,,,,,,,,,,,,,,,,,,,,,71,12,55,18,40,23,75,7,11,51,5,25,31,21,55,19,14,30,10,9,58,3,53,48,76,17,49,55,54,5,3,64,13,16,55,8,16,55,24,18,34,17,67,12,8,15,22,21,10,81,10,0,3,16,4,23,5,19,19,22,73,56,17,3,22,70,5,2,30,7,65,4,30,12,2,31,56,4,42,25,2,8,15,22,21,23,9,9,11,14,23,34,13,63,28,15,9,11,8,3,41,18,20,4,14,7,69,18,59,68,22,42,49,17,11,4,70,47,21,7,5,1,21,35,47,18,42,7,61,55,19,19,38,3,31,60,36,43,17,3,73,3,2,9,58,16,4,22,4,4,26,4,47,7,9,9,5,39,2,8,69,9,10,15,17,19,,,,,,,,,,,,,,,,,,,,,,,,,,,,,,,,,,,,,,,,,,,,,,,,,,,,,,,,,,,,,,,,,,,,,,,,,,,,,,,,,,,,,,,,,,,,,,,,,,,,,,,,,,,,,,,,,,,,,,,,,,,,,,,,,,,,,,,,,,,,,,,,,,,,,,,,,,,,,,,,,,,,,,,,,,,,,,,,,,,,,,,,,,,,,,,,,,,,,,,,,,,,,,,,,,,,,,,,,,,,,,,,,,,,,,,,,,,,,,,,,,,,,,,,,,,,,,,,,,,,,,,,,,,,,,,,,,,,,,,,,,,,,,,,,,,,,,,,,,,,,,,,,,,,,,,,,,,,,,,,,,,,,,,,,,,,,,,,,,,,,,,,,,,,,,,,,,,,,,,,,,,,,,,,,,,,,,,,,,,,,,,,,,,,,,,,,,,,,,,,,,,,,,,,,,,,,,,,,,,,,,,,,,,,,,,,,,,,,,,,,,,,,,,,,,,,,,,,,,,,,,,,,,,,,,,,,,,,,,,,,,,,,,,,,,,,,,,,,,,,,,,,,,,,,,,,,,,,,,,,,,,,,,,,,,,,,,,,,,,,,,,,,,,,,,,,,,,,,,,,,,,,,,,,,,,,,,,,,,,,,,,,,,,,,,,,,,,,,,,,,,,,,,,,,,,,,,,,,,,,,,,,,,,,,,,,,,,,,,,,,,,,,,,,,,,,,,,,,,,,,,,,,55-64,Female,,Associate's degree,Associate's Degree,White / Caucasian,,2,0.793934893
R_6lzRUjD8VoVnLgg,Financial Advisor,,,,,,,,,,,,,,,,,,,,,,,,,,,,,,,,,,,,,,,,,,,,,,,,,,,,,,,,,,,,,,,,,,,,,,,,,,,,,,,,,,,,,,,,,,,,,,,,,,,,,,,,,,,,,,,,,,,,,,,,,,,,,,,,,,,,,,,,,,,,,,,,,,,,,,,,,,,,,,,,,,,,,,,,,,,,,,,,,,,,,,,,,,,,,,,,,,,,,,,,,,,,,,,,,,,,,,,,,,,,,,,,,,,,,,,,,,,,,,,,,,,,,,,,,,,,,,,,,,,,,,,,,,,,,,,,,,,,,,,,,,,,,,,,,,,,,,,,,,,,,,,,,,,,,,,,,,,,,,,,,,,,,,,,,,,,,,,,,,,,,,,,,,,,,,,,,,,,,,,,,,,,,,,,,,,,,,,,,,,,,,,,,,,,,,,,,,,,,,,,,,,,,,,,,,,,,,,,,,,,,,,,,,,,,,,,,,,,,,,,,,,,,,,,,,,,,,,,,,,,,,,,,,,,,,,,,,,,,,,,,,,,,,,,,,,,,,,,,,,,,,,,,,,,,,,,,,,,,,,,,,,,,,,,,,,,,,,,,,,,,,,,,,,,,,,,,,,,,,,,,,,,,,,,,,,,,,,,,,,,,,,,,,,,,,,,,,,,,,,,,,,,,,,,,,,,,,,,,,,,,,,,,,,,,,,,,,,,,,,,,,,,,,,,,,,,,,,,,,,,,,,,,,,,53,43,65,43,26,14,65,17,33,41,45,58,15,65,58,22,38,28,70,34,39,35,20,34,35,17,24,95,27,21,21,67,27,40,34,26,14,62,67,67,53,48,46,60,46,15,19,61,60,76,55,46,34,30,32,62,65,64,31,37,89,33,64,56,54,77,36,74,41,75,61,31,60,79,49,13,66,64,42,67,19,63,66,64,47,35,88,51,64,54,71,29,78,31,75,16,42,22,44,19,69,76,27,40,64,69,61,70,16,56,32,82,20,44,80,28,54,39,17,43,86,57,57,29,18,30,37,66,67,45,26,59,40,25,23,47,50,15,24,91,75,37,42,45,35,31,38,27,30,70,35,46,32,75,29,37,23,42,47,32,69,15,16,35,,,,,,,,,,,,,,,,,,,,,,,,,,,,,,,,,,,,,,,,,,,,,,,,,,,,,,,,,,,,,,,,,,,,,,,,,,,,,,,,,,,,,,,,,,,,,,,,,,,,,,,,,,,,,,,,,,,,,,,,,,,,,,,,,,,,,,,,,,,,,,,,,,,,,,,,,,,,,,,,,,,,,,,18-24,Female,,Some college,,White / Caucasian,,5,0.570886644
R_5xQGN69a18zrBi9,Risk Analyst,67,52,29,54,53,15,54,78,31,53,56,49,12,72,60,10,56,43,41,51,50,32,44,20,13,49,58,61,23,38,17,50,31,30,50,58,58,78,37,74,61,47,45,54,42,68,46,55,71,10,52,72,19,48,43,52,78,29,49,22,46,64,36,61,74,62,23,40,29,50,21,51,44,57,44,55,48,68,36,77,30,78,57,67,74,51,60,48,57,53,63,22,68,32,53,17,61,47,46,48,70,43,20,31,27,63,47,56,27,26,70,36,33,42,53,64,7,74,68,68,24,18,61,44,20,66,62,52,29,54,81,51,63,42,74,39,18,68,52,55,27,55,14,36,23,16,39,55,36,60,65,46,33,41,45,58,63,48,42,45,50,23,63,70,21,41,34,,,,,,,,,,,,,,,,,,,,,,,,,,,,,,,,,,,,,,,,,,,,,,,,,,,,,,,,,,,,,,,,,,,,,,,,,,,,,,,,,,,,,,,,,,,,,,,,,,,,,,,,,,,,,,,,,,,,,,,,,,,,,,,,,,,,,,,,,,,,,,,,,,,,,,,,,,,,,,,,,,,,,,,,,,,,,,,,,,,,,,,,,,,,,,,,,,,,,,,,,,,,,,,,,,,,,,,,,,,,,,,,,,,,,,,,,,,,,,,,,,,,,,,,,,,,,,,,,,,,,,,,,,,,,,,,,,,,,,,,,,,,,,,,,,,,,,,,,,,,,,,,,,,,,,,,,,,,,,,,,,,,,,,,,,,,,,,,,,,,,,,,,,,,,,,,,,,,,,,,,,,,,,,,,,,,,,,,,,,,,,,,,,,,,,,,,,,,,,,,,,,,,,,,,,,,,,,,,,,,,,,,,,,,,,,,,,,,,,,,,,,,,,,,,,,,,,,,,,,,,,,,,,,,,,,,,,,,,,,,,,,,,,,,,,,,,,,,,,,,,,,,,,,,,,,,,,,,,,,,,,,,,,,,,,,,,,,,,,,,,,,,,,,,,,,,,,,,,,,,,,,,,,,,,,,,,,,,,,,,,,,,,,,,,,,,,,,,,,,,,,,,,,,,,,,,,,,,,,,,,,,,,,,,,,,,,,,,,,,,,,,,,,,,,,,,,,,,,,,,,,,,,,,,,,,,,,,,,,,,,,,,,,,,,,,,,,,,,,,,,,,,,,,,,,,,,,,,,,,,,,,,,,,,,,,,,,,,,,,,,,,,,,,,,,,,,,,,,,,,,,,,,,,,,,,,,,,,,,,,,,,,,,,,,,,,,,,,,,,,,,,,,,,,,,,,,,,,,,,,,,,,,,,,,,,55-64,Female,,Bachelor's degree,,White / Caucasian,,1,0.88214243
R_3ia0MEUR0CIWU5v,Inventory Manager,,,,,,,,,,,,,,,,,,,,,,,,,,,,,,,,,,,,,,,,,,,,,,,,,,,,,,,,,,,,,,,,,,,,,,,,,,,,,,,,,,,,,,,,,,,,,,,,,,,,,,,,,,,,,,,,,,,,,,,,,,,,,,,,,,,,,,,,,,,,,,,,,,,,,,,,,,,,,,,,,,,,,,,,,,,,,,,,,,,,,,,,,,,,,,,,,,,,,,,,,,,,,,,,,,,,,,,,,,,,,,,,,,,,,,,,,,,,,,,,,,,,,,,,,,,,,,,,,,,,,,,,,,,,,,,,,,,,,,,,,,,,,,,,,,,,,,,,,,,,,,,,,,,,,,,,,,,,,,,,,,,,,,,,,,,,,,,,,,,,,,,,,,,,,,,,,,,,,,,,,,,,,,,,,,,,,,,,,,,,,,,,,,,,,,,,,,,,,,,,,,,,,,,,,,,,,,,,,,,,,,,,,,,,,,,,,,,,,,,,,,,,,,,,,,,,,,,,,,,,,,,,,,,,,,,,,,,,,,,,,,,,,,,,,,,,,,,,,,,,,70,55,32,65,67,64,65,71,62,73,72,73,62,74,25,49,60,73,74,50,75,70,55,84,60,61,65,33,67,73,60,60,65,76,66,61,68,66,60,75,71,77,35,65,39,75,72,77,68,71,47,65,66,62,70,63,56,73,65,30,65,58,55,72,53,65,55,44,69,65,63,75,44,54,70,46,71,66,79,59,65,60,56,79,65,65,63,72,65,68,55,71,64,74,79,71,71,55,46,76,66,70,60,72,50,60,74,50,75,60,71,51,64,64,72,49,64,71,66,25,51,75,54,58,51,58,66,65,40,65,57,69,59,65,66,61,65,71,70,75,70,71,59,70,69,67,47,68,65,65,71,40,59,71,64,65,58,74,20,76,71,66,67,74,70,65,70,,,,,,,,,,,,,,,,,,,,,,,,,,,,,,,,,,,,,,,,,,,,,,,,,,,,,,,,,,,,,,,,,,,,,,,,,,,,,,,,,,,,,,,,,,,,,,,,,,,,,,,,,,,,,,,,,,,,,,,,,,,,,,,,,,,,,,,,,,,,,,,,,,,,,,,,,,,,,,,,,,,,,,,,,,,,,,,,,,,,,,,,,,,,,,,,,,,,,,,,,,,,,,,,,,,,,,,,,,,,,,,,,,,,,,,,,,,,,,,,,,,,,,,,,,,,,,,,,,,,,,,,,,,,,,,,,,,,,,,,,,,,,,,,,,,,,,,,,,,,,,,,,,,,,,,,,,,,,,,,,,,,,,,,,,,25-34,Female,,Bachelor's degree,,Hispanic or Latino,,4,0.702459035
R_6Ed5gfdmITlSNO3,Risk Analyst,77,68,44,67,78,66,75,74,55,72,70,72,57,78,82,51,55,68,62,74,69,68,63,43,73,73,54,68,64,64,77,74,45,61,74,70,59,81,70,77,74,77,71,68,73,78,68,70,81,41,70,70,58,76,64,74,74,63,65,67,77,53,65,76,77,69,74,64,49,75,58,72,75,49,54,75,76,74,74,72,63,80,77,74,75,53,76,68,78,70,67,51,63,77,72,67,73,70,74,80,57,81,70,72,58,52,73,63,56,69,76,42,73,69,62,69,47,68,79,73,40,70,60,67,67,72,75,74,54,83,78,69,72,58,78,81,65,81,75,73,64,72,71,64,53,64,43,70,61,71,74,70,60,74,75,74,80,59,70,79,73,70,75,74,41,85,72,,,,,,,,,,,,,,,,,,,,,,,,,,,,,,,,,,,,,,,,,,,,,,,,,,,,,,,,,,,,,,,,,,,,,,,,,,,,,,,,,,,,,,,,,,,,,,,,,,,,,,,,,,,,,,,,,,,,,,,,,,,,,,,,,,,,,,,,,,,,,,,,,,,,,,,,,,,,,,,,,,,,,,,,,,,,,,,,,,,,,,,,,,,,,,,,,,,,,,,,,,,,,,,,,,,,,,,,,,,,,,,,,,,,,,,,,,,,,,,,,,,,,,,,,,,,,,,,,,,,,,,,,,,,,,,,,,,,,,,,,,,,,,,,,,,,,,,,,,,,,,,,,,,,,,,,,,,,,,,,,,,,,,,,,,,,,,,,,,,,,,,,,,,,,,,,,,,,,,,,,,,,,,,,,,,,,,,,,,,,,,,,,,,,,,,,,,,,,,,,,,,,,,,,,,,,,,,,,,,,,,,,,,,,,,,,,,,,,,,,,,,,,,,,,,,,,,,,,,,,,,,,,,,,,,,,,,,,,,,,,,,,,,,,,,,,,,,,,,,,,,,,,,,,,,,,,,,,,,,,,,,,,,,,,,,,,,,,,,,,,,,,,,,,,,,,,,,,,,,,,,,,,,,,,,,,,,,,,,,,,,,,,,,,,,,,,,,,,,,,,,,,,,,,,,,,,,,,,,,,,,,,,,,,,,,,,,,,,,,,,,,,,,,,,,,,,,,,,,,,,,,,,,,,,,,,,,,,,,,,,,,,,,,,,,,,,,,,,,,,,,,,,,,,,,,,,,,,,,,,,,,,,,,,,,,,,,,,,,,,,,,,,,,,,,,,,,,,,,,,,,,,,,,,,,,,,,,,,,,,,,,,,,,,,,,,,,,,,,,,,,,,,,,,,,,,,,,,,,,,,,,,,,,,,,,25-34,Male,,Some college,,Asian,,1,0.741275047
R_7s74tqB3AzWHfwT,Risk Analyst,,,,,,,,,,,,,,,,,,,,,,,,,,,,,,,,,,,,,,,,,,,,,,,,,,,,,,,,,,,,,,,,,,,,,,,,,,,,,,,,,,,,,,,,,,,,,,,,,,,,,,,,,,,,,,,,,,,,,,,,,,,,,,,,,,,,,,,,,,,,,,,,,,,,,,,,,,,,,,,,,,,,,,,,,,,,,,,,,,,,,,,,,,,,,,,,,,,,,,,,,,,,,,,,,,,,,,,,,,,,,,,,,,,,,,,,,,,,,,,,,,,,,,,,,,,,,,,,,,,,,,,,,,,,,,,,,,,,,,,,,,,,,,,,,,,,,,,,,,,,,,,,,,,,,,,,,,,,,,,,,,,,,,,,,,,,,,,,,,,,,,,,,,,,,,,,,,,,,,,,,,,,,,,,,,,,,,,,,,,,,,,,,,,,,,,,,,,,,,,,,,,,,,,,,,,,,,,,,,,,,,,,,,,,,,,,,,,,,,,,,,,,,,,,,,,,,,,,,,,,,,,,,,,,,,,,,,,,,,,,,,,,,,,,,,,,,,,,,,,,,,,,,,,,,,,,,,,,,,,,,,,,,,,,,,,,,,,,,,,,,,,,,,,,,,,,,,,,,,,,,,,,,,,,,,,,,,,,,,,,,,,,,,,,,,,,,,,,,,,,,,,,,,,,,,,,,,,,,,,,,,,,,,,,,,,,,,,,,,,,,,,,,,,,,,,,,,,,,,,,,,,,,,,,,,,,,,,,,,,,,,,,,,,,,,,,,,,,,,,,,,,,,,,,,,,,,,,,,,,,,,,,,,,,,,,,,,,,,,,,,,,,,,,,,,,,,,,,,,,,,,,,,,,,,,,,,,,,,,,,,,,,,,,,,,,,,,,,,,,,,,,,,,,,,,,,,,,,,,,,,,,,,,,,,,,,80,90,98,80,96,100,80,99,100,99,100,83,100,100,100,80,100,100,100,80,100,80,100,81,100,100,100,100,100,100,100,99,96,100,80,96,99,100,85,100,80,100,99,81,100,100,100,90,98,100,84,93,100,90,87,100,97,100,100,95,85,80,99,100,100,100,92,100,70,100,80,100,95,90,93,100,86,100,100,80,81,100,100,100,100,85,100,80,100,100,100,97,100,90,85,99,100,90,100,95,95,86,70,95,90,90,100,90,99,99,76,100,80,99,95,100,98,99,95,100,98,100,100,90,99,100,89,100,99,95,99,100,100,99,100,85,85,97,99,97,100,100,100,100,98,100,85,79,100,85,100,100,80,92,100,90,95,80,90,96,100,100,100,100,100,100,25-34,Female,,Bachelor's degree,,White / Caucasian,,6,0.76535616
R_3doUo23iq6YQtIq,Financial Advisor,,,,,,,,,,,,,,,,,,,,,,,,,,,,,,,,,,,,,,,,,,,,,,,,,,,,,,,,,,,,,,,,,,,,,,,,,,,,,,,,,,,,,,,,,,,,,,,,,,,,,,,,,,,,,,,,,,,,,,,,,,,,,,,,,,,,,,,,,,,,,,,,,,,,,,,,,,,,,,,,,,,,,,,,,,,,,,,,,,,,,,,,,,,,,,,,,,,,,,,,,,,,,,,,,,,,,,,,,,,,,,,,,,,,,,,,,,,,,,,,,,,,,,,,,,,,,,,,,,,,,,,,,,,,,,,,,,,,,,,,,,,,,,,,,,,,,,,,,,,,,,,,,,,,,,,,,,,,,,,,,,,,,,,,,,,,,,50,44,76,36,86,75,13,28,45,33,77,57,72,70,40,56,58,74,75,57,54,51,36,17,42,60,42,63,29,43,57,55,43,30,68,14,57,19,62,31,75,21,49,35,75,76,50,65,31,44,31,50,18,60,72,65,70,66,55,29,28,24,46,64,54,61,38,44,50,40,66,30,35,29,25,47,69,71,50,37,65,69,70,62,60,56,50,31,74,47,25,45,73,41,32,56,50,62,44,58,66,50,33,63,75,74,60,82,48,52,55,56,53,67,78,29,26,50,77,38,46,49,58,45,76,77,66,70,75,50,51,30,39,31,56,80,57,76,50,78,49,43,41,67,28,16,51,53,48,57,62,34,77,50,57,70,49,40,30,62,69,37,44,64,71,23,78,,,,,,,,,,,,,,,,,,,,,,,,,,,,,,,,,,,,,,,,,,,,,,,,,,,,,,,,,,,,,,,,,,,,,,,,,,,,,,,,,,,,,,,,,,,,,,,,,,,,,,,,,,,,,,,,,,,,,,,,,,,,,,,,,,,,,,,,,,,,,,,,,,,,,,,,,,,,,,,,,,,,,,,,,,,,,,,,,,,,,,,,,,,,,,,,,,,,,,,,,,,,,,,,,,,,,,,,,,,,,,,,,,,,,,,,,,,,,,,,,,,,,,,,,,,,,,,,,,,,,,,,,,,,,,,,,,,,,,,,,,,,,,,,,,,,,,,,,,,,,,,,,,,,,,,,,,,,,,,,,,,,,,,,,,,,,,,,,,,,,,,,,,,,,,,,,,,,,,,,,,,,,,,,,,,,,,,,,,,,,,,,,,,,,,,,,,,,,,,,,,,,,,,,,,,,,,,,,,,,,,,,,,,,,,,,,,,,,,,,,,,,,,,,,,,,,,,,,,,,,,,,,,,,,,,,,,,,,,,,,,,,,,,,,,,,,,,,,,35-44,Female,,Bachelor's degree,,White / Caucasian,,3,0.487191152
R_6uPNLcGIIRtmaJK,Inventory Manager,,,,,,,,,,,,,,,,,,,,,,,,,,,,,,,,,,,,,,,,,,,,,,,,,,,,,,,,,,,,,,,,,,,,,,,,,,,,,,,,,,,,,,,,,,,,,,,,,,,,,,,,,,,,,,,,,,,,,,,,,,,,,,,,,,,,,,,,,,,,,,,,,,,,,,,,,,,,,,,,,,,,,,,,,,,,,,,,,,,,,,,,,,,,,,,,,,,,,,,,,,,,,,,,,,,,,,,,,,,,,,,,,,,,,,,,,,,,,,,,,,,,,,,,,,,,,,,,,,,,,,,,,,,,,,,,,,,,,,,,,,,,,,,,,,,,,,,,,,,,,,,,,,,,,,,,,,,,,,,,,,,,,,,,,,,,,,50,49,50,50,50,50,49,49,48,51,52,49,50,52,52,49,47,47,52,51,52,51,53,49,51,50,50,52,50,52,50,52,50,51,51,48,52,44,50,50,50,49,52,48,57,51,52,53,46,53,52,50,51,52,50,50,50,54,49,52,50,50,50,51,51,50,54,52,49,51,50,52,51,50,50,50,50,53,50,41,48,53,49,53,50,49,49,52,48,51,48,50,53,48,51,52,51,50,47,50,50,51,53,52,50,52,52,49,50,53,50,52,50,53,52,51,51,49,50,51,49,48,46,50,51,52,51,52,49,51,50,52,51,49,50,49,51,50,48,51,53,54,51,50,50,50,52,55,53,49,52,46,49,47,46,50,50,53,50,48,53,48,51,51,51,52,49,,,,,,,,,,,,,,,,,,,,,,,,,,,,,,,,,,,,,,,,,,,,,,,,,,,,,,,,,,,,,,,,,,,,,,,,,,,,,,,,,,,,,,,,,,,,,,,,,,,,,,,,,,,,,,,,,,,,,,,,,,,,,,,,,,,,,,,,,,,,,,,,,,,,,,,,,,,,,,,,,,,,,,,,,,,,,,,,,,,,,,,,,,,,,,,,,,,,,,,,,,,,,,,,,,,,,,,,,,,,,,,,,,,,,,,,,,,,,,,,,,,,,,,,,,,,,,,,,,,,,,,,,,,,,,,,,,,,,,,,,,,,,,,,,,,,,,,,,,,,,,,,,,,,,,,,,,,,,,,,,,,,,,,,,,,,,,,,,,,,,,,,,,,,,,,,,,,,,,,,,,,,,,,,,,,,,,,,,,,,,,,,,,,,,,,,,,,,,,,,,,,,,,,,,,,,,,,,,,,,,,,,,,,,,,,,,,,,,,,,,,,,,,,,,,,,,,,,,,,,,,,,,,,,,,,,,,,,,,,,,,,,,,,,,,,,,,,,,,45-54,Male,,Some college,,White / Caucasian,,3,0.211611341
R_5R9wgGL8IGI8G3G,Risk Analyst,,,,,,,,,,,,,,,,,,,,,,,,,,,,,,,,,,,,,,,,,,,,,,,,,,,,,,,,,,,,,,,,,,,,,,,,,,,,,,,,,,,,,,,,,,,,,,,,,,,,,,,,,,,,,,,,,,,,,,,,,,,,,,,,,,,,,,,,,,,,,,,,,,,,,,,,,,,,,,,,,,,,,,,,,,,,,,,,,,,,,,,,,,,,,,,,,,,,,,,,,,,,,,,,,,,,,,,,,,,,,,,,,,,,,,,,,,,,,,,,,,,,,,,,,,,,,,,,,,,,,,,,,,,,,,,,,,,,,,,,,,,,,,,,,,,,,,,,,,,,,,,,,,,,,,,,,,,,,,,,,,,,,,,,,,,,,,,,,,,,,,,,,,,,,,,,,,,,,,,,,,,,,,,,,,,,,,,,,,,,,,,,,,,,,,,,,,,,,,,,,,,,,,,,,,,,,,,,,,,,,,,,,,,,,,,,,,,,,,,,,,,,,,,,,,,,,,,,,,,,,,,,,,,,,,,,,,,,,,,,,,,,,,,,,,,,,,,,,,,,,,,,,,,,,,,,,,,,,,,,,,,,,,,,,,,,,,,,,,,,,,,,,,,,,,,,,,,,,,,,,,,,,,,,,,,,,,,,,,,,,,,,,,,,,,,,,,,,,,,,,,,,,,,,,,,,,,,,,,,,,,,,,,,,,,,,,,,,,,,,,,,,,,,,,,,,,,,,,,,,,,,,,,,,,,,,,,,,,,,,,,,,,,,,,,,,,,,,,,,,,,,,,,,,,,,,,,,,,,,,,,,,,,,,,,,,,,,,,,,,,,,,,,,,,,,,,,,,,,,,,,,,,,,,,,,,,,,,,,,,,,,,,,,,,,,,,,,,,,,,,,,,,,,,,,,,,,,,,,,,,,,,,,,,,,,,45,32,73,51,38,80,55,83,74,46,49,8,74,41,28,65,49,80,89,45,56,35,58,35,35,40,72,53,62,8,89,46,29,79,23,30,46,60,71,63,66,94,87,76,40,95,11,43,83,80,56,6,63,85,31,60,13,65,81,15,62,51,89,65,62,70,40,71,3,60,13,31,43,41,90,82,39,50,24,71,40,22,15,51,27,21,69,40,12,72,43,29,44,81,25,62,93,64,43,28,54,2,47,14,25,7,55,55,57,72,23,66,46,27,65,45,47,50,50,92,77,61,57,61,42,69,9,64,52,31,55,57,77,20,35,41,34,94,88,51,30,33,74,87,11,84,51,43,7,41,61,76,32,24,55,15,90,24,25,27,68,66,58,57,72,78,18-24,Female,,Bachelor's degree,,Asian,,6,0.69007626
R_7Cye5bEYmvvE4ig,Risk Analyst,,,,,,,,,,,,,,,,,,,,,,,,,,,,,,,,,,,,,,,,,,,,,,,,,,,,,,,,,,,,,,,,,,,,,,,,,,,,,,,,,,,,,,,,,,,,,,,,,,,,,,,,,,,,,,,,,,,,,,,,,,,,,,,,,,,,,,,,,,,,,,,,,,,,,,,,,,,,,,,,,,,,,,,,,,,,,,,,,,,,,,,,,,,,,,,,,,,,,,,,,,,,,,,,,,,,,,,,,,,,,,,,,,,,,,,,,,,,,,,,,,,,,,,,,,,,,,,,,,,,,,,,,,,,,,,,,,,,,,,,,,,,,,,,,,,,,,,,,,,,,,,,,,,,,,,,,,,,,,,,,,,,,,,,,,,,,,13,26,70,20,72,42,25,50,39,18,27,6,68,81,33,54,5,79,13,75,77,60,7,8,9,91,29,13,15,32,73,46,3,44,70,60,20,10,89,27,49,5,92,21,52,17,14,7,82,37,5,72,4,26,67,4,85,17,45,40,28,6,23,71,23,28,10,70,54,10,85,69,22,13,47,4,52,86,43,85,59,42,77,31,34,43,38,53,36,66,58,33,77,40,16,35,48,19,46,20,63,52,12,35,81,59,7,88,70,94,95,80,71,63,63,24,22,91,18,24,20,5,56,53,83,61,31,76,35,35,59,7,24,80,39,35,42,48,5,12,31,5,59,73,9,7,77,39,10,19,15,8,46,71,67,33,7,55,8,37,91,96,58,80,46,0,57,,,,,,,,,,,,,,,,,,,,,,,,,,,,,,,,,,,,,,,,,,,,,,,,,,,,,,,,,,,,,,,,,,,,,,,,,,,,,,,,,,,,,,,,,,,,,,,,,,,,,,,,,,,,,,,,,,,,,,,,,,,,,,,,,,,,,,,,,,,,,,,,,,,,,,,,,,,,,,,,,,,,,,,,,,,,,,,,,,,,,,,,,,,,,,,,,,,,,,,,,,,,,,,,,,,,,,,,,,,,,,,,,,,,,,,,,,,,,,,,,,,,,,,,,,,,,,,,,,,,,,,,,,,,,,,,,,,,,,,,,,,,,,,,,,,,,,,,,,,,,,,,,,,,,,,,,,,,,,,,,,,,,,,,,,,,,,,,,,,,,,,,,,,,,,,,,,,,,,,,,,,,,,,,,,,,,,,,,,,,,,,,,,,,,,,,,,,,,,,,,,,,,,,,,,,,,,,,,,,,,,,,,,,,,,,,,,,,,,,,,,,,,,,,,,,,,,,,,,,,,,,,,,,,,,,,,,,,,,,,,,,,,,,,,,,,,,,,,,18-24,Male,,Some college,,Pacific Islander,Pacific Islander,3,0.65971353
R_740N1qIsxUOFioF,Financial Advisor,,,,,,,,,,,,,,,,,,,,,,,,,,,,,,,,,,,,,,,,,,,,,,,,,,,,,,,,,,,,,,,,,,,,,,,,,,,,,,,,,,,,,,,,,,,,,,,,,,,,,,,,,,,,,,,,,,,,,,,,,,,,,,,,,,,,,,,,,,,,,,,,,,,,,,,,,,,,,,,,,,,,,,,,,,,,,,,,,,,,,,,,,,,,,,,,,,,,,,,,,,,,,,,,,,,,,,,,,,,,,,,,,,,,,,,,,,,,,,,,,,,,,,,,,,,,,,,,,,,,,,,,,,,,,,,,,,,,,,,,,,,,,,,,,,,,,,,,,,,,,,,,,,,,,,,,,,,,,,,,,,,,,,,,,,,,,,52,42,79,76,85,74,53,74,36,48,74,86,85,85,75,59,75,51,68,81,79,75,14,47,82,82,79,77,55,84,76,67,14,76,70,53,73,51,79,44,56,75,44,70,83,70,48,77,16,59,57,74,70,77,57,62,73,80,74,55,27,51,69,73,75,81,64,87,54,81,71,62,24,69,66,80,86,85,82,47,38,76,59,74,70,76,53,71,76,86,54,20,84,48,31,87,68,52,53,66,82,44,60,76,83,83,80,81,50,81,81,52,85,85,84,50,31,77,76,65,68,24,53,74,79,79,79,88,77,33,81,17,63,32,67,76,77,72,76,78,74,76,53,75,60,55,39,83,50,74,47,65,70,76,57,77,55,15,62,82,82,56,69,85,70,17,64,,,,,,,,,,,,,,,,,,,,,,,,,,,,,,,,,,,,,,,,,,,,,,,,,,,,,,,,,,,,,,,,,,,,,,,,,,,,,,,,,,,,,,,,,,,,,,,,,,,,,,,,,,,,,,,,,,,,,,,,,,,,,,,,,,,,,,,,,,,,,,,,,,,,,,,,,,,,,,,,,,,,,,,,,,,,,,,,,,,,,,,,,,,,,,,,,,,,,,,,,,,,,,,,,,,,,,,,,,,,,,,,,,,,,,,,,,,,,,,,,,,,,,,,,,,,,,,,,,,,,,,,,,,,,,,,,,,,,,,,,,,,,,,,,,,,,,,,,,,,,,,,,,,,,,,,,,,,,,,,,,,,,,,,,,,,,,,,,,,,,,,,,,,,,,,,,,,,,,,,,,,,,,,,,,,,,,,,,,,,,,,,,,,,,,,,,,,,,,,,,,,,,,,,,,,,,,,,,,,,,,,,,,,,,,,,,,,,,,,,,,,,,,,,,,,,,,,,,,,,,,,,,,,,,,,,,,,,,,,,,,,,,,,,,,,,,,,,,,35-44,Female,,Bachelor's degree,,White / Caucasian,,3,0.837112972
R_125oS5I8ZsEvzvX,Risk Analyst,,,,,,,,,,,,,,,,,,,,,,,,,,,,,,,,,,,,,,,,,,,,,,,,,,,,,,,,,,,,,,,,,,,,,,,,,,,,,,,,,,,,,,,,,,,,,,,,,,,,,,,,,,,,,,,,,,,,,,,,,,,,,,,,,,,,,,,,,,,,,,,,,,,,,,,,,,,,,,,,,,,,,,,,71,66,62,65,76,75,77,72,71,71,70,78,75,75,75,71,74,71,77,73,79,71,70,76,74,69,70,76,68,68,33,82,69,68,73,75,75,81,71,70,81,66,76,75,66,71,70,70,78,77,75,0,60,69,61,70,66,78,72,72,72,74,73,67,67,78,68,71,72,65,75,69,74,76,69,76,84,73,68,63,56,71,74,69,70,66,66,75,70,76,77,75,75,81,56,67,68,70,64,70,80,78,70,75,71,74,77,66,76,76,70,82,66,69,70,64,76,77,68,67,60,62,73,71,75,72,78,63,77,74,67,72,69,72,71,75,74,80,71,70,77,69,69,74,79,66,84,70,71,71,75,67,76,71,71,71,75,69,71,73,73,68,69,59,63,74,,,,,,,,,,,,,,,,,,,,,,,,,,,,,,,,,,,,,,,,,,,,,,,,,,,,,,,,,,,,,,,,,,,,,,,,,,,,,,,,,,,,,,,,,,,,,,,,,,,,,,,,,,,,,,,,,,,,,,,,,,,,,,,,,,,,,,,,,,,,,,,,,,,,,,,,,,,,,,,,,,,,,,,,,,,,,,,,,,,,,,,,,,,,,,,,,,,,,,,,,,,,,,,,,,,,,,,,,,,,,,,,,,,,,,,,,,,,,,,,,,,,,,,,,,,,,,,,,,,,,,,,,,,,,,,,,,,,,,,,,,,,,,,,,,,,,,,,,,,,,,,,,,,,,,,,,,,,,,,,,,,,,,,,,,,,,,,,,,,,,,,,,,,,,,,,,,,,,,,,,,,,,,,,,,,,,,,,,,,,,,,,,,,,,,,,,,,,,,,,,,,,,,,,,,,,,,,,,,,,,,,,,,,,,,,,,,,,,,,,,,,,,,,,,,,,,,,,,,,,,,,,,,,,,,,,,,,,,,,,,,,,,,,,,,,,,,,,,,,,,,,,,,,,,,,,,,,,,,,,,,,,,,,,,,,,,,,,,,,,,,,,,,,,,,,,,,,,,,,,,,,,,,,,,,,,,,,,,,,,,,,,,,,,,,,,,,,,,,,,,,,,,,,,,,,,,,,,,,,,,,,,,,,,,,,,,,,,,,,,,,,,,,,,,,,,,,,,,,,,,,,,,25-34,Male,,Bachelor's degree,,White / Caucasian,,2,0.4346435
R_5Mii7SZk9Opv8Ai,Retail Sales Associate,,,,,,,,,,,,,,,,,,,,,,,,,,,,,,,,,,,,,,,,,,,,,,,,,,,,,,,,,,,,,,,,,,,,,,,,,,,,,,,,,,,,,,,,,,,,,,,,,,,,,,,,,,,,,,,,,,,,,,,,,,,,,,,,,,,,,,,,,,,,,,,,,,,,,,,,,,,,,,,,,,,,,,,,,,,,,,,,,,,,,,,,,,,,,,,,,,,,,,,,,,,,,,,,,,,,,,,,,,,,,,,,,,,,,,,,,,,,,,,,,,,,,,,,,,,,,,,,,,,,,,,,,,,,,,,,,,,,,,,,,,,,,,,,,,,,,,,,,,,,,,,,,,,,,,,,,,,,,,,,,,,,,,,,,,,,,,,,,,,,,,,,,,,,,,,,,,,,,,,,,,,,,,,,,,,,,,,,,,,,,,,,,,,,,,,,,,,,,,,,,,,,,,,,,,,,,,,,,,,,,,,,,,,,,,,,,,,,,,,,,,,,,,,,,,,,,,,,,,,,,,,,,,,,,,,,,,,,,,,,,,,,,,,,,,,,,,,,,,,,,,,,,,,,,,,,,,,,,,,,,,,,,,,,,,,,,,,,,,,,,,,,,,,,,,,,,,,,,,,,,,,,,,,,,,,,,,,,,,,,,,,,,,,,,,,,,,,,,,,,,,,,,,,,,,,,,,,,,,,,,,,,,,,,,,,,,,,,,,,,,,,,,,,,,,,,,,,,,,,,,,,,,,,,62,86,75,0,5,3,90,11,26,100,43,45,1,13,59,100,87,9,40,100,88,74,0,5,0,55,8,5,49,10,32,6,2,65,75,1,55,98,11,72,100,5,10,73,3,5,8,54,3,50,18,88,4,47,75,42,94,19,15,40,6,94,84,44,3,54,12,55,100,3,3,11,50,1,15,2,100,40,33,82,41,0,60,8,15,100,7,10,30,3,6,27,21,4,91,43,45,92,75,3,35,8,6,9,93,21,89,99,21,99,83,2,7,100,0,15,70,99,68,69,94,78,0,78,87,4,95,3,19,66,41,76,100,78,100,100,91,6,20,5,4,100,5,80,100,28,87,4,41,7,100,9,0,92,53,10,2,100,0,3,89,83,80,8,,,,,,,,,,,,,,,,,,,,,,,,,,,,,,,,,,,,,,,,,,,,,,,,,,,,,,,,,,,,,,,,,,,,,,,,,,,,,,,,,,,,,,,,,,,,,,,,,,,,,,,,,,,,,,,,,,,,,,,,,,,,,,,,,,,,,,,,,,,,,,,,,,,,,,,,,,,,,,,,,,,,,,,25-34,Male,,Bachelor's degree,,White / Caucasian,,5,0.717202304
R_3mscz7AjdBcABgk,Financial Advisor,,,,,,,,,,,,,,,,,,,,,,,,,,,,,,,,,,,,,,,,,,,,,,,,,,,,,,,,,,,,,,,,,,,,,,,,,,,,,,,,,,,,,,,,,,,,,,,,,,,,,,,,,,,,,,,,,,,,,,,,,,,,,,,,,,,,,,,,,,,,,,,,,,,,,,,,,,,,,,,,,,,,,,,,44,29,49,57,52,34,59,32,60,66,13,54,30,27,32,22,38,62,27,61,23,60,41,62,54,6,43,64,64,18,15,42,43,30,38,49,37,58,63,34,47,18,61,65,30,35,19,28,35,44,73,2,28,64,36,24,75,51,44,38,28,49,53,52,33,38,32,46,57,36,28,50,43,43,30,49,40,55,34,90,24,60,41,76,37,56,21,31,52,36,51,13,46,39,32,35,53,26,25,26,34,50,46,32,36,21,29,58,62,69,34,43,41,52,38,1,65,62,38,42,25,28,43,29,36,72,32,9,62,76,48,29,34,26,47,62,16,34,67,58,8,28,26,44,38,24,62,40,34,50,63,41,17,34,47,52,39,26,42,31,59,65,53,11,41,26,,,,,,,,,,,,,,,,,,,,,,,,,,,,,,,,,,,,,,,,,,,,,,,,,,,,,,,,,,,,,,,,,,,,,,,,,,,,,,,,,,,,,,,,,,,,,,,,,,,,,,,,,,,,,,,,,,,,,,,,,,,,,,,,,,,,,,,,,,,,,,,,,,,,,,,,,,,,,,,,,,,,,,,,,,,,,,,,,,,,,,,,,,,,,,,,,,,,,,,,,,,,,,,,,,,,,,,,,,,,,,,,,,,,,,,,,,,,,,,,,,,,,,,,,,,,,,,,,,,,,,,,,,,,,,,,,,,,,,,,,,,,,,,,,,,,,,,,,,,,,,,,,,,,,,,,,,,,,,,,,,,,,,,,,,,,,,,,,,,,,,,,,,,,,,,,,,,,,,,,,,,,,,,,,,,,,,,,,,,,,,,,,,,,,,,,,,,,,,,,,,,,,,,,,,,,,,,,,,,,,,,,,,,,,,,,,,,,,,,,,,,,,,,,,,,,,,,,,,,,,,,,,,,,,,,,,,,,,,,,,,,,,,,,,,,,,,,,,,,,,,,,,,,,,,,,,,,,,,,,,,,,,,,,,,,,,,,,,,,,,,,,,,,,,,,,,,,,,,,,,,,,,,,,,,,,,,,,,,,,,,,,,,,,,,,,,,,,,,,,,,,,,,,,,,,,,,,,,,,,,,,,,,,,,,,,,,,,,,,,,,,,,,,,,,,,,,,,,,,,,,,,,45-54,Female,,Bachelor's degree,,White / Caucasian,,2,0.711736932
R_7YAtpDXpEDplmbx,Financial Advisor,82,80,83,100,65,60,71,100,57,69,48,77,69,85,67,55,69,50,58,50,52,50,70,50,61,50,50,64,50,50,50,84,50,100,69,50,76,50,58,46,38,50,50,100,50,67,80,50,56,59,50,82,50,50,50,68,80,100,69,95,50,50,77,50,63,50,56,50,52,81,78,100,50,50,91,100,73,50,65,81,50,54,50,67,50,81,80,77,65,50,60,40,55,50,100,80,73,50,50,60,48,74,52,58,74,61,50,50,100,50,65,50,48,72,50,50,50,77,50,71,77,50,55,99,80,69,63,50,60,50,55,50,100,57,81,86,60,50,72,50,100,75,63,50,100,84,50,50,50,50,66,100,100,50,91,50,50,32,50,50,50,68,51,50,100,50,50,,,,,,,,,,,,,,,,,,,,,,,,,,,,,,,,,,,,,,,,,,,,,,,,,,,,,,,,,,,,,,,,,,,,,,,,,,,,,,,,,,,,,,,,,,,,,,,,,,,,,,,,,,,,,,,,,,,,,,,,,,,,,,,,,,,,,,,,,,,,,,,,,,,,,,,,,,,,,,,,,,,,,,,,,,,,,,,,,,,,,,,,,,,,,,,,,,,,,,,,,,,,,,,,,,,,,,,,,,,,,,,,,,,,,,,,,,,,,,,,,,,,,,,,,,,,,,,,,,,,,,,,,,,,,,,,,,,,,,,,,,,,,,,,,,,,,,,,,,,,,,,,,,,,,,,,,,,,,,,,,,,,,,,,,,,,,,,,,,,,,,,,,,,,,,,,,,,,,,,,,,,,,,,,,,,,,,,,,,,,,,,,,,,,,,,,,,,,,,,,,,,,,,,,,,,,,,,,,,,,,,,,,,,,,,,,,,,,,,,,,,,,,,,,,,,,,,,,,,,,,,,,,,,,,,,,,,,,,,,,,,,,,,,,,,,,,,,,,,,,,,,,,,,,,,,,,,,,,,,,,,,,,,,,,,,,,,,,,,,,,,,,,,,,,,,,,,,,,,,,,,,,,,,,,,,,,,,,,,,,,,,,,,,,,,,,,,,,,,,,,,,,,,,,,,,,,,,,,,,,,,,,,,,,,,,,,,,,,,,,,,,,,,,,,,,,,,,,,,,,,,,,,,,,,,,,,,,,,,,,,,,,,,,,,,,,,,,,,,,,,,,,,,,,,,,,,,,,,,,,,,,,,,,,,,,,,,,,,,,,,,,,,,,,,,,,,,,,,,,,,,,,,,,,,,,,,,,,,,,,,,,,,,,,,,,,,,,,,,,,,,,,,,,,,,,,,,,,,,,,,,,,,,,,,,,18-24,Male,,Bachelor's degree,,Asian,,1,0.206091074
R_5MmlCjPyYg64NdL,Financial Advisor,,,,,,,,,,,,,,,,,,,,,,,,,,,,,,,,,,,,,,,,,,,,,,,,,,,,,,,,,,,,,,,,,,,,,,,,,,,,,,,,,,,,,,,,,,,,,,,,,,,,,,,,,,,,,,,,,,,,,,,,,,,,,,,,,,,,,,,,,,,,,,,,,,,,,,,,,,,,,,,,,,,,,,,,,,,,,,,,,,,,,,,,,,,,,,,,,,,,,,,,,,,,,,,,,,,,,,,,,,,,,,,,,,,,,,,,,,,,,,,,,,,,,,,,,,,,,,,,,,,,,,,,,,,,,,,,,,,,,,,,,,,,,,,,,,,,,,,,,,,,,,,,,,,,,,,,,,,,,,,,,,,,,,,,,,,,,,,,,,,,,,,,,,,,,,,,,,,,,,,,,,,,,,,,,,,,,,,,,,,,,,,,,,,,,,,,,,,,,,,,,,,,,,,,,,,,,,,,,,,,,,,,,,,,,,,,,,,,,,,,,,,,,,,,,,,,,,,,,,,,,,,,,,,,,,,,,,,,,,,,,,,,,,,,,,,,,,,,,,,,,,,,,,,,,,,,,,,,,,,,,,,,,,,,,,,,,,,,,,,,,,,,,,,,,,,,,,,,,,,,,,,,,,,,,,,,,,,,,,,,,,,,,,,,,,,,,,,,,,,,,,,,,,,,,,,,,,,,,,,,,,,,,,,,,,,,,,,,,,,,,,,,,,,,,,,,,,,,,,,,,,,,,,,,,,,,,,,,,,,,,,,,,,,,,,,,,,,,,,,,,,,,,,,,,,,,,,,,,,,,,,,,,,,,,,,,,,,,,,,,,,,,,,,,,,,,,,,,,,,,,,,,,,,,,,,,,,,,,,,,,,,,,,,,,,,,,,,,,,,,,,,,,,,,,,,,,,,,,,,,,,,,,,,,,,,,56,49,39,49,54,62,60,41,62,57,43,43,55,68,69,65,67,65,69,56,60,59,52,54,61,69,65,63,69,67,40,48,67,62,66,56,59,57,64,68,56,65,55,65,66,58,64,67,53,57,55,35,60,65,43,65,48,61,65,43,65,62,61,65,48,66,63,49,54,55,40,65,43,53,47,65,36,61,42,46,60,64,60,48,57,55,68,43,38,65,39,65,40,55,61,53,67,65,52,68,65,42,62,64,61,43,60,43,60,50,41,48,68,52,63,60,61,34,65,61,60,64,61,53,50,66,54,57,65,45,46,65,65,46,64,49,57,65,57,65,58,65,46,67,48,59,66,65,67,37,62,71,65,55,55,66,45,46,65,55,58,61,46,64,55,61,25-34,Non-binary / Third gender,,Bachelor's degree,,American Indian or Alaskan Native,,6,0.267557047
R_51guiPVQKw7EsQB,Financial Advisor,,,,,,,,,,,,,,,,,,,,,,,,,,,,,,,,,,,,,,,,,,,,,,,,,,,,,,,,,,,,,,,,,,,,,,,,,,,,,,,,,,,,,,,,,,,,,,,,,,,,,,,,,,,,,,,,,,,,,,,,,,,,,,,,,,,,,,,,,,,,,,,,,,,,,,,,,,,,,,,,,,,,,,,,34,27,83,35,51,50,62,72,81,64,63,72,46,66,63,74,65,74,71,73,71,75,73,61,84,66,24,69,51,78,6,62,84,80,77,67,82,88,67,39,74,59,77,44,64,81,73,36,74,97,80,0,49,76,89,72,76,81,81,51,56,67,48,23,38,78,75,70,50,76,56,49,86,46,52,36,41,60,44,43,76,13,68,70,56,74,67,77,36,76,61,52,68,63,43,51,19,60,73,48,61,57,76,16,65,87,75,53,82,67,25,51,14,80,63,50,72,79,54,68,56,25,72,26,54,59,41,57,73,41,80,70,58,6,57,83,27,50,73,69,43,72,72,87,84,76,78,73,52,71,62,41,49,70,61,51,24,53,20,77,69,86,58,0,42,71,,,,,,,,,,,,,,,,,,,,,,,,,,,,,,,,,,,,,,,,,,,,,,,,,,,,,,,,,,,,,,,,,,,,,,,,,,,,,,,,,,,,,,,,,,,,,,,,,,,,,,,,,,,,,,,,,,,,,,,,,,,,,,,,,,,,,,,,,,,,,,,,,,,,,,,,,,,,,,,,,,,,,,,,,,,,,,,,,,,,,,,,,,,,,,,,,,,,,,,,,,,,,,,,,,,,,,,,,,,,,,,,,,,,,,,,,,,,,,,,,,,,,,,,,,,,,,,,,,,,,,,,,,,,,,,,,,,,,,,,,,,,,,,,,,,,,,,,,,,,,,,,,,,,,,,,,,,,,,,,,,,,,,,,,,,,,,,,,,,,,,,,,,,,,,,,,,,,,,,,,,,,,,,,,,,,,,,,,,,,,,,,,,,,,,,,,,,,,,,,,,,,,,,,,,,,,,,,,,,,,,,,,,,,,,,,,,,,,,,,,,,,,,,,,,,,,,,,,,,,,,,,,,,,,,,,,,,,,,,,,,,,,,,,,,,,,,,,,,,,,,,,,,,,,,,,,,,,,,,,,,,,,,,,,,,,,,,,,,,,,,,,,,,,,,,,,,,,,,,,,,,,,,,,,,,,,,,,,,,,,,,,,,,,,,,,,,,,,,,,,,,,,,,,,,,,,,,,,,,,,,,,,,,,,,,,,,,,,,,,,,,,,,,,,,,,,,,,,,,,,,,,,35-44,Male,,Some college,,Multiple ethnicity,bi racial,2,0.800795516
R_5dfJnEyAqE27sYy,Risk Analyst,,,,,,,,,,,,,,,,,,,,,,,,,,,,,,,,,,,,,,,,,,,,,,,,,,,,,,,,,,,,,,,,,,,,,,,,,,,,,,,,,,,,,,,,,,,,,,,,,,,,,,,,,,,,,,,,,,,,,,,,,,,,,,,,,,,,,,,,,,,,,,,,,,,,,,,,,,,,,,,,,,,,,,,,,,,,,,,,,,,,,,,,,,,,,,,,,,,,,,,,,,,,,,,,,,,,,,,,,,,,,,,,,,,,,,,,,,,,,,,,,,,,,,,,,,,,,,,,,,,,,,,,,,,,,,,,,,,,,,,,,,,,,,,,,,,,,,,,,,,,,,,,,,,,,,,,,,,,,,,,,,,,,,,,,,,,,,17,12,49,8,43,46,12,12,11,23,35,62,30,48,30,57,24,25,4,48,77,24,6,7,13,62,6,31,6,31,56,30,27,11,14,16,5,8,67,34,7,9,3,31,21,33,49,33,9,38,24,51,3,45,15,13,72,20,36,22,57,7,22,11,19,25,7,36,6,17,53,4,2,9,40,7,37,44,36,7,15,3,22,56,30,7,47,24,47,49,11,8,18,12,7,11,5,45,38,23,18,5,26,66,54,50,9,68,11,65,46,10,59,16,33,9,11,14,6,16,10,20,15,32,64,32,54,46,43,10,26,7,4,33,49,18,52,14,9,40,48,8,31,12,12,10,10,9,46,56,14,43,70,9,21,26,62,6,29,74,53,7,4,33,38,5,15,,,,,,,,,,,,,,,,,,,,,,,,,,,,,,,,,,,,,,,,,,,,,,,,,,,,,,,,,,,,,,,,,,,,,,,,,,,,,,,,,,,,,,,,,,,,,,,,,,,,,,,,,,,,,,,,,,,,,,,,,,,,,,,,,,,,,,,,,,,,,,,,,,,,,,,,,,,,,,,,,,,,,,,,,,,,,,,,,,,,,,,,,,,,,,,,,,,,,,,,,,,,,,,,,,,,,,,,,,,,,,,,,,,,,,,,,,,,,,,,,,,,,,,,,,,,,,,,,,,,,,,,,,,,,,,,,,,,,,,,,,,,,,,,,,,,,,,,,,,,,,,,,,,,,,,,,,,,,,,,,,,,,,,,,,,,,,,,,,,,,,,,,,,,,,,,,,,,,,,,,,,,,,,,,,,,,,,,,,,,,,,,,,,,,,,,,,,,,,,,,,,,,,,,,,,,,,,,,,,,,,,,,,,,,,,,,,,,,,,,,,,,,,,,,,,,,,,,,,,,,,,,,,,,,,,,,,,,,,,,,,,,,,,,,,,,,,,,,,35-44,Female,,Some college,,Black or African American,,3,0.735375378
R_31zlHyCTMJEq2lC,Risk Analyst,,,,,,,,,,,,,,,,,,,,,,,,,,,,,,,,,,,,,,,,,,,,,,,,,,,,,,,,,,,,,,,,,,,,,,,,,,,,,,,,,,,,,,,,,,,,,,,,,,,,,,,,,,,,,,,,,,,,,,,,,,,,,,,,,,,,,,,,,,,,,,,,,,,,,,,,,,,,,,,,,,,,,,,,,,,,,,,,,,,,,,,,,,,,,,,,,,,,,,,,,,,,,,,,,,,,,,,,,,,,,,,,,,,,,,,,,,,,,,,,,,,,,,,,,,,,,,,,,,,,,,,,,,,,,,,,,,,,,,,,,,,,,,,,,,,,,,,,,,,,,,,,,,,,,,,,,,,,,,,,,,,,,,,,,,,,,,16,16,90,22,29,62,17,39,30,22,8,87,34,65,76,60,38,70,30,88,96,77,11,14,14,86,15,60,8,31,86,10,77,40,84,40,28,15,88,20,10,13,13,79,34,8,87,27,4,29,53,16,6,72,93,11,75,68,80,14,83,13,18,39,37,34,37,65,70,40,71,9,13,36,87,39,30,59,17,6,19,7,40,83,40,68,81,22,40,70,15,23,89,53,25,20,20,79,52,20,40,15,90,71,87,91,26,88,31,84,86,8,87,72,70,68,88,15,40,70,31,82,12,31,34,93,25,75,45,26,34,25,35,67,30,30,87,21,20,22,91,74,70,33,16,9,30,18,91,22,8,6,31,79,70,18,70,24,21,86,75,25,29,86,74,19,23,,,,,,,,,,,,,,,,,,,,,,,,,,,,,,,,,,,,,,,,,,,,,,,,,,,,,,,,,,,,,,,,,,,,,,,,,,,,,,,,,,,,,,,,,,,,,,,,,,,,,,,,,,,,,,,,,,,,,,,,,,,,,,,,,,,,,,,,,,,,,,,,,,,,,,,,,,,,,,,,,,,,,,,,,,,,,,,,,,,,,,,,,,,,,,,,,,,,,,,,,,,,,,,,,,,,,,,,,,,,,,,,,,,,,,,,,,,,,,,,,,,,,,,,,,,,,,,,,,,,,,,,,,,,,,,,,,,,,,,,,,,,,,,,,,,,,,,,,,,,,,,,,,,,,,,,,,,,,,,,,,,,,,,,,,,,,,,,,,,,,,,,,,,,,,,,,,,,,,,,,,,,,,,,,,,,,,,,,,,,,,,,,,,,,,,,,,,,,,,,,,,,,,,,,,,,,,,,,,,,,,,,,,,,,,,,,,,,,,,,,,,,,,,,,,,,,,,,,,,,,,,,,,,,,,,,,,,,,,,,,,,,,,,,,,,,,,,,,,25-34,Male,,Bachelor's degree,,Asian,,3,0.795762605
R_5QYXu9Ffou2MG8D,Retail Sales Associate,,,,,,,,,,,,,,,,,,,,,,,,,,,,,,,,,,,,,,,,,,,,,,,,,,,,,,,,,,,,,,,,,,,,,,,,,,,,,,,,,,,,,,,,,,,,,,,,,,,,,,,,,,,,,,,,,,,,,,,,,,,,,,,,,,,,,,,,,,,,,,,,,,,,,,,,,,,,,,,,,,,,,,,,,,,,,,,,,,,,,,,,,,,,,,,,,,,,,,,,,,,,,,,,,,,,,,,,,,,,,,,,,,,,,,,,,,,,,,,,,,,,,,,,,,,,,,,,,,,,,,,,,,,,,,,,,,,,,,,,,,,,,,,,,,,,,,,,,,,,,,,,,,,,,,,,,,,,,,,,,,,,,,,,,,,,,,,,,,,,,,,,,,,,,,,,,,,,,,,,,,,,,,,,,,,,,,,,,,,,,,,,,,,,,,,,,,,,,,,,,,,,,,,,,,,,,,,,,,,,,,,,,,,,,,,,,,,,,,,,,,,,,,,,,,,,,,,,,,,,,,,,,,,,,,,,,,,,,,,,,,,,,,,,,,,,,,,,,,,,,,,,,,,,,,,,,,,,,,,,,,,,,,,,,,,,,,,,,,,,,,,,,,,,,,,,,,,,,,,,,,,,,,,,,,,,,,,,,,,,,,,,,,,,,,,,,,,,,,,,,,,,,,,,,,,,,,,,,,,,,,,,,,,,,,,,,,,,,,,,,,,,,,,,,,,,,,,,,,,,,,,,,,,,92,93,93,93,89,95,88,90,89,87,93,93,92,93,95,93,87,92,90,26,90,94,82,92,94,85,18,93,63,94,92,92,95,93,96,85,92,93,95,94,99,84,91,96,94,93,92,94,40,94,86,92,77,91,93,93,93,50,92,87,91,96,90,85,93,86,52,88,94,90,91,86,92,89,93,4,92,93,91,92,92,93,92,95,88,90,90,90,93,93,92,88,92,93,83,94,96,92,93,91,80,94,95,91,86,91,53,91,99,92,94,78,95,91,67,90,91,91,54,91,94,92,94,95,95,53,89,89,90,92,92,91,86,94,95,96,94,93,7,93,89,92,99,92,91,91,89,92,92,92,87,91,93,94,94,91,88,89,66,96,90,93,90,93,,,,,,,,,,,,,,,,,,,,,,,,,,,,,,,,,,,,,,,,,,,,,,,,,,,,,,,,,,,,,,,,,,,,,,,,,,,,,,,,,,,,,,,,,,,,,,,,,,,,,,,,,,,,,,,,,,,,,,,,,,,,,,,,,,,,,,,,,,,,,,,,,,,,,,,,,,,,,,,,,,,,,,,18-24,Female,,Some college,,White / Caucasian,,5,0.792338185
R_74TVtBNheai4mD7,Financial Advisor,,,,,,,,,,,,,,,,,,,,,,,,,,,,,,,,,,,,,,,,,,,,,,,,,,,,,,,,,,,,,,,,,,,,,,,,,,,,,,,,,,,,,,,,,,,,,,,,,,,,,,,,,,,,,,,,,,,,,,,,,,,,,,,,,,,,,,,,,,,,,,,,,,,,,,,,,,,,,,,,,,,,,,,,,,,,,,,,,,,,,,,,,,,,,,,,,,,,,,,,,,,,,,,,,,,,,,,,,,,,,,,,,,,,,,,,,,,,,,,,,,,,,,,,,,,,,,,,,,,,,,,,,,,,,,,,,,,,,,,,,,,,,,,,,,,,,,,,,,,,,,,,,,,,,,,,,,,,,,,,,,,,,,,,,,,,,,,,,,,,,,,,,,,,,,,,,,,,,,,,,,,,,,,,,,,,,,,,,,,,,,,,,,,,,,,,,,,,,,,,,,,,,,,,,,,,,,,,,,,,,,,,,,,,,,,,,,,,,,,,,,,,,,,,,,,,,,,,,,,,,,,,,,,,,,,,,,,,,,,,,,,,,,,,,,,,,,,,,,,,,47,66,41,65,70,69,55,60,60,46,55,54,59,45,49,21,44,48,51,59,55,69,63,50,27,45,36,55,70,62,21,62,64,57,62,61,51,50,52,43,55,60,19,52,50,51,61,45,52,63,28,47,54,54,57,52,56,32,74,36,55,46,65,60,50,63,35,55,67,64,56,61,43,46,75,50,51,61,55,72,63,60,35,54,15,58,58,70,51,43,52,62,68,57,54,31,54,43,21,70,34,70,57,64,55,65,31,48,48,73,58,61,31,47,49,59,55,46,20,54,61,60,55,68,67,60,62,31,46,62,73,53,27,58,50,48,49,36,71,62,56,51,23,61,61,58,24,55,59,63,71,52,34,69,39,65,50,60,21,48,61,70,55,43,45,58,54,,,,,,,,,,,,,,,,,,,,,,,,,,,,,,,,,,,,,,,,,,,,,,,,,,,,,,,,,,,,,,,,,,,,,,,,,,,,,,,,,,,,,,,,,,,,,,,,,,,,,,,,,,,,,,,,,,,,,,,,,,,,,,,,,,,,,,,,,,,,,,,,,,,,,,,,,,,,,,,,,,,,,,,,,,,,,,,,,,,,,,,,,,,,,,,,,,,,,,,,,,,,,,,,,,,,,,,,,,,,,,,,,,,,,,,,,,,,,,,,,,,,,,,,,,,,,,,,,,,,,,,,,,,,,,,,,,,,,,,,,,,,,,,,,,,,,,,,,,,,,,,,,,,,,,,,,,,,,,,,,,,,,,,,,,,45-54,Female,,Bachelor's degree,,Asian,,4,0.862073392
R_1l3K2BYzUUyyv7D,Inventory Manager,,,,,,,,,,,,,,,,,,,,,,,,,,,,,,,,,,,,,,,,,,,,,,,,,,,,,,,,,,,,,,,,,,,,,,,,,,,,,,,,,,,,,,,,,,,,,,,,,,,,,,,,,,,,,,,,,,,,,,,,,,,,,,,,,,,,,,,,,,,,,,,,,,,,,,,,,,,,,,,,,,,,,,,,72,39,100,57,65,74,100,62,48,71,8,48,35,26,89,87,13,100,97,74,87,43,45,68,100,24,64,100,100,15,10,100,32,61,80,59,32,100,68,50,55,10,98,80,19,86,89,28,65,65,58,0,81,77,30,25,50,100,39,77,77,82,53,47,58,70,19,65,78,28,82,100,57,76,56,82,82,26,75,100,19,17,69,58,32,99,30,100,57,33,40,0,78,99,100,52,93,47,11,29,31,100,81,39,47,24,62,82,94,83,31,82,16,45,61,0,100,100,37,86,19,42,100,57,73,96,60,39,100,100,74,78,100,25,64,57,88,27,100,40,52,13,19,100,100,39,77,64,47,57,59,76,48,44,55,54,67,40,43,24,100,46,64,0,89,47,,,,,,,,,,,,,,,,,,,,,,,,,,,,,,,,,,,,,,,,,,,,,,,,,,,,,,,,,,,,,,,,,,,,,,,,,,,,,,,,,,,,,,,,,,,,,,,,,,,,,,,,,,,,,,,,,,,,,,,,,,,,,,,,,,,,,,,,,,,,,,,,,,,,,,,,,,,,,,,,,,,,,,,,,,,,,,,,,,,,,,,,,,,,,,,,,,,,,,,,,,,,,,,,,,,,,,,,,,,,,,,,,,,,,,,,,,,,,,,,,,,,,,,,,,,,,,,,,,,,,,,,,,,,,,,,,,,,,,,,,,,,,,,,,,,,,,,,,,,,,,,,,,,,,,,,,,,,,,,,,,,,,,,,,,,,,,,,,,,,,,,,,,,,,,,,,,,,,,,,,,,,,,,,,,,,,,,,,,,,,,,,,,,,,,,,,,,,,,,,,,,,,,,,,,,,,,,,,,,,,,,,,,,,,,,,,,,,,,,,,,,,,,,,,,,,,,,,,,,,,,,,,,,,,,,,,,,,,,,,,,,,,,,,,,,,,,,,,,,,,,,,,,,,,,,,,,,,,,,,,,,,,,,,,,,,,,,,,,,,,,,,,,,,,,,,,,,,,,,,,,,,,,,,,,,,,,,,,,,,,,,,,,,,,,,,,,,,,,,,,,,,,,,,,,,,,,,,,,,,,,,,,,,,,,,,,,,,,,,,,,,,,,,,,,,,,,,,,,,,,,,,,25-34,Female,,Some college,,Black or African American,,2,0.665065364
R_5RJbrrzkhdJA6xH,Inventory Manager,,,,,,,,,,,,,,,,,,,,,,,,,,,,,,,,,,,,,,,,,,,,,,,,,,,,,,,,,,,,,,,,,,,,,,,,,,,,,,,,,,,,,,,,,,,,,,,,,,,,,,,,,,,,,,,,,,,,,,,,,,,,,,,,,,,,,,,,,,,,,,,,,,,,,,,,,,,,,,,,,,,,,,,,,,,,,,,,,,,,,,,,,,,,,,,,,,,,,,,,,,,,,,,,,,,,,,,,,,,,,,,,,,,,,,,,,,,,,,,,,,,,,,,,,,,,,,,,,,,,,,,,,,,,,,,,,,,,,,,,,,,,,,,,,,,,,,,,,,,,,,,,,,,,,,,,,,,,,,,,,,,,,,,,,,,,,,,,,,,,,,,,,,,,,,,,,,,,,,,,,,,,,,,,,,,,,,,,,,,,,,,,,,,,,,,,,,,,,,,,,,,,,,,,,,,,,,,,,,,,,,,,,,,,,,,,,,,,,,,,,,,,,,,,,,,,,,,,,,,,,,,,,,,,,,,,,,,,,,,,,,,,,,,,,,,,,,,,,,,,,67,92,3,81,77,86,70,89,75,76,33,75,67,53,24,42,82,62,79,57,49,86,80,73,47,53,44,65,69,77,22,66,15,76,60,62,67,35,73,21,87,72,57,78,23,64,69,42,60,67,58,69,77,73,74,54,69,68,85,76,71,78,69,75,55,74,16,69,53,68,69,81,35,57,79,87,71,75,68,72,74,80,49,89,41,59,69,79,42,59,66,73,69,85,67,75,67,65,43,71,31,71,85,77,40,91,40,65,72,62,75,74,51,56,55,48,73,74,40,63,78,70,72,81,64,67,79,53,77,69,15,65,22,81,64,57,67,70,74,85,92,37,44,73,66,55,44,88,81,73,75,77,73,78,62,72,62,75,41,47,68,85,72,72,76,75,59,,,,,,,,,,,,,,,,,,,,,,,,,,,,,,,,,,,,,,,,,,,,,,,,,,,,,,,,,,,,,,,,,,,,,,,,,,,,,,,,,,,,,,,,,,,,,,,,,,,,,,,,,,,,,,,,,,,,,,,,,,,,,,,,,,,,,,,,,,,,,,,,,,,,,,,,,,,,,,,,,,,,,,,,,,,,,,,,,,,,,,,,,,,,,,,,,,,,,,,,,,,,,,,,,,,,,,,,,,,,,,,,,,,,,,,,,,,,,,,,,,,,,,,,,,,,,,,,,,,,,,,,,,,,,,,,,,,,,,,,,,,,,,,,,,,,,,,,,,,,,,,,,,,,,,,,,,,,,,,,,,,,,,,,,,,35-44,Male,,Bachelor's degree,,Asian,,4,0.549582033
R_63wcgeB4kcfQq5z,Risk Analyst,,,,,,,,,,,,,,,,,,,,,,,,,,,,,,,,,,,,,,,,,,,,,,,,,,,,,,,,,,,,,,,,,,,,,,,,,,,,,,,,,,,,,,,,,,,,,,,,,,,,,,,,,,,,,,,,,,,,,,,,,,,,,,,,,,,,,,,,,,,,,,,,,,,,,,,,,,,,,,,,,,,,,,,,,,,,,,,,,,,,,,,,,,,,,,,,,,,,,,,,,,,,,,,,,,,,,,,,,,,,,,,,,,,,,,,,,,,,,,,,,,,,,,,,,,,,,,,,,,,,,,,,,,,,,,,,,,,,,,,,,,,,,,,,,,,,,,,,,,,,,,,,,,,,,,,,,,,,,,,,,,,,,,,,,,,,,,,,,,,,,,,,,,,,,,,,,,,,,,,,,,,,,,,,,,,,,,,,,,,,,,,,,,,,,,,,,,,,,,,,,,,,,,,,,,,,,,,,,,,,,,,,,,,,,,,,,,,,,,,,,,,,,,,,,,,,,,,,,,,,,,,,,,,,,,,,,,,,,,,,,,,,,,,,,,,,,,,,,,,,,,,,,,,,,,,,,,,,,,,,,,,,,,,,,,,,,,,,,,,,,,,,,,,,,,,,,,,,,,,,,,,,,,,,,,,,,,,,,,,,,,,,,,,,,,,,,,,,,,,,,,,,,,,,,,,,,,,,,,,,,,,,,,,,,,,,,,,,,,,,,,,,,,,,,,,,,,,,,,,,,,,,,,,,13,4,50,3,48,37,86,76,6,5,45,8,12,72,55,44,30,65,62,25,47,33,49,7,2,10,43,82,5,53,85,72,28,50,50,75,7,46,51,12,4,70,5,41,82,54,87,50,12,100,76,50,69,8,40,50,50,85,68,67,84,13,3,3,48,86,60,25,6,50,80,5,78,83,2,4,49,53,45,43,10,48,74,100,77,55,87,85,70,42,17,3,54,78,85,93,49,74,3,4,100,81,19,47,6,6,70,80,54,52,6,88,89,80,85,48,6,4,4,44,47,4,37,57,4,43,69,61,69,6,50,70,6,48,3,50,4,83,44,86,73,45,83,46,2,4,5,80,59,52,60,84,81,32,6,75,6,7,53,46,5,15,3,7,,,,,,,,,,,,,,,,,,,,,,,,,,,,,,,,,,,,,,,,,,,,,,,,,,,,,,,,,,,,,,,,,,,,,,,,,,,,,,,,,,,,,,,,,,,,,,,,,,,,,,,,,,,,,,,,,,,,,,,,,,,,,,,,,,,,,,,,,,,,,,,,,,,,,,,,,,,,,,,,,,,,,,,45-54,Female,,Bachelor's degree,,White / Caucasian,,5,0.796208724
R_6kIntCA1QyRCrMT,Retail Sales Associate,,,,,,,,,,,,,,,,,,,,,,,,,,,,,,,,,,,,,,,,,,,,,,,,,,,,,,,,,,,,,,,,,,,,,,,,,,,,,,,,,,,,,,,,,,,,,,,,,,,,,,,,,,,,,,,,,,,,,,,,,,,,,,,,,,,,,,,,,,,,,,,,,,,,,,,,,,,,,,,,,,,,,,,,,,,,,,,,,,,,,,,,,,,,,,,,,,,,,,,,,,,,,,,,,,,,,,,,,,,,,,,,,,,,,,,,,,,,,,,,,,,,,,,,,,,,,,,,,,,,,,,,,,,,,,,,,,,,,,,,,,,,,,,,,,,,,,,,,,,,,,,,,,,,,,,,,,,,,,,,,,,,,,,,,,,,,,,,,,,,,,,,,,,,,,,,,,,,,,,,,,,,,,,,,,,,,,,,,,,,,,,,,,,,,,,,,,,,,,,,,,,,,,,,,,,,,,,,,,,,,,,,,,,,,,,,,,,,,,,,,,,,,,,,,,,,,,,,,,,,,,,,,,,,,,,,,,,,,,,,,,,,,,,,,,,,,,,,,,,,,96,63,65,86,97,39,94,96,97,92,84,50,88,95,87,60,52,87,91,52,61,91,85,94,89,74,92,51,54,95,92,75,97,49,71,28,97,68,94,97,88,81,61,61,90,72,95,99,48,62,71,35,69,59,97,76,51,96,74,96,91,96,89,62,87,89,79,46,43,66,64,87,94,94,93,65,90,85,71,84,45,64,40,95,89,97,74,43,95,75,66,95,79,95,94,91,95,61,67,61,98,43,90,80,88,93,95,67,93,53,95,93,86,67,96,95,44,91,87,39,45,89,94,97,59,91,58,63,87,44,61,62,99,54,90,87,93,94,44,94,72,72,87,89,85,96,70,91,93,85,91,97,65,95,93,89,74,96,42,64,54,97,78,90,88,90,95,,,,,,,,,,,,,,,,,,,,,,,,,,,,,,,,,,,,,,,,,,,,,,,,,,,,,,,,,,,,,,,,,,,,,,,,,,,,,,,,,,,,,,,,,,,,,,,,,,,,,,,,,,,,,,,,,,,,,,,,,,,,,,,,,,,,,,,,,,,,,,,,,,,,,,,,,,,,,,,,,,,,,,,,,,,,,,,,,,,,,,,,,,,,,,,,,,,,,,,,,,,,,,,,,,,,,,,,,,,,,,,,,,,,,,,,,,,,,,,,,,,,,,,,,,,,,,,,,,,,,,,,,,,,,,,,,,,,,,,,,,,,,,,,,,,,,,,,,,,,,,,,,,,,,,,,,,,,,,,,,,,,,,,,,,,25-34,Female,,Some college,,White / Caucasian,,4,0.496089299
R_5MRRTasrZtMlUlk,Risk Analyst,,,,,,,,,,,,,,,,,,,,,,,,,,,,,,,,,,,,,,,,,,,,,,,,,,,,,,,,,,,,,,,,,,,,,,,,,,,,,,,,,,,,,,,,,,,,,,,,,,,,,,,,,,,,,,,,,,,,,,,,,,,,,,,,,,,,,,,,,,,,,,,,,,,,,,,,,,,,,,,,,,,,,,,,,,,,,,,,,,,,,,,,,,,,,,,,,,,,,,,,,,,,,,,,,,,,,,,,,,,,,,,,,,,,,,,,,,,,,,,,,,,,,,,,,,,,,,,,,,,,,,,,,,,,,,,,,,,,,,,,,,,,,,,,,,,,,,,,,,,,,,,,,,,,,,,,,,,,,,,,,,,,,,,,,,,,,,,,,,,,,,,,,,,,,,,,,,,,,,,,,,,,,,,,,,,,,,,,,,,,,,,,,,,,,,,,,,,,,,,,,,,,,,,,,,,,,,,,,,,,,,,,,,,,,,,,,,,,,,,,,,,,,,,,,,,,,,,,,,,,,,,,,,,,,,,,,,,,,,,,,,,,,,,,,,,,,,,,,,,,,,,,,,,,,,,,,,,,,,,,,,,,,,,,,,,,,,,,,,,,,,,,,,,,,,,,,,,,,,,,,,,,,,,,,,,,,,,,,,,,,,,,,,,,,,,,,,,,,,,,,,,,,,,,,,,,,,,,,,,,,,,,,,,,,,,,,,,,,,,,,,,,,,,,,,,,,,,,,,,,,,,,,,,,24,54,52,2,51,52,73,53,20,33,51,30,40,39,46,17,48,60,61,57,28,34,87,54,4,32,65,63,12,79,47,89,34,30,49,53,31,29,36,37,32,49,28,34,57,44,83,36,19,84,52,40,91,43,16,61,52,57,61,74,80,26,22,33,66,53,54,50,17,83,78,30,64,93,23,0,11,71,38,31,38,49,47,81,80,44,66,63,82,58,64,25,47,77,66,63,67,22,10,36,76,87,40,57,29,24,72,61,69,26,29,92,65,50,93,57,7,35,30,17,56,50,53,51,20,70,83,67,68,40,61,41,13,28,34,50,30,71,60,73,82,31,90,30,17,29,32,78,63,13,17,86,84,54,31,60,35,24,52,61,34,26,25,53,,,,,,,,,,,,,,,,,,,,,,,,,,,,,,,,,,,,,,,,,,,,,,,,,,,,,,,,,,,,,,,,,,,,,,,,,,,,,,,,,,,,,,,,,,,,,,,,,,,,,,,,,,,,,,,,,,,,,,,,,,,,,,,,,,,,,,,,,,,,,,,,,,,,,,,,,,,,,,,,,,,,,,,35-44,Male,,Some college,,White / Caucasian,,5,0.944503073
R_1oENCv5P9IHjM66,Inventory Manager,,,,,,,,,,,,,,,,,,,,,,,,,,,,,,,,,,,,,,,,,,,,,,,,,,,,,,,,,,,,,,,,,,,,,,,,,,,,,,,,,,,,,,,,,,,,,,,,,,,,,,,,,,,,,,,,,,,,,,,,,,,,,,,,,,,,,,,,,,,,,,,,,,,,,,,,,,,,,,,,,,,,,,,,,,,,,,,,,,,,,,,,,,,,,,,,,,,,,,,,,,,,,,,,,,,,,,,,,,,,,,,,,,,,,,,,,,,,,,,,,,,,,,,,,,,,,,,,,,,,,,,,,,,,,,,,,,,,,,,,,,,,,,,,,,,,,,,,,,,,,,,,,,,,,,,,,,,,,,,,,,,,,,,,,,,,,,51,22,89,31,81,84,64,65,88,67,79,64,80,73,76,29,68,86,83,83,78,52,20,63,27,62,74,61,92,86,75,75,86,46,81,47,85,52,79,78,82,55,52,93,64,66,87,81,80,57,67,56,40,86,82,59,70,64,67,66,13,69,83,84,70,95,75,66,70,83,88,74,66,79,58,64,41,83,64,76,65,74,89,20,69,71,82,86,82,85,71,87,81,53,85,70,81,86,97,52,67,84,81,67,87,65,85,68,77,66,89,60,88,80,83,35,85,65,87,67,80,81,55,72,69,62,59,82,80,89,66,85,79,78,45,77,62,19,73,77,87,56,77,70,55,65,91,69,74,89,39,59,71,91,95,92,81,69,56,62,73,57,48,83,62,88,83,,,,,,,,,,,,,,,,,,,,,,,,,,,,,,,,,,,,,,,,,,,,,,,,,,,,,,,,,,,,,,,,,,,,,,,,,,,,,,,,,,,,,,,,,,,,,,,,,,,,,,,,,,,,,,,,,,,,,,,,,,,,,,,,,,,,,,,,,,,,,,,,,,,,,,,,,,,,,,,,,,,,,,,,,,,,,,,,,,,,,,,,,,,,,,,,,,,,,,,,,,,,,,,,,,,,,,,,,,,,,,,,,,,,,,,,,,,,,,,,,,,,,,,,,,,,,,,,,,,,,,,,,,,,,,,,,,,,,,,,,,,,,,,,,,,,,,,,,,,,,,,,,,,,,,,,,,,,,,,,,,,,,,,,,,,,,,,,,,,,,,,,,,,,,,,,,,,,,,,,,,,,,,,,,,,,,,,,,,,,,,,,,,,,,,,,,,,,,,,,,,,,,,,,,,,,,,,,,,,,,,,,,,,,,,,,,,,,,,,,,,,,,,,,,,,,,,,,,,,,,,,,,,,,,,,,,,,,,,,,,,,,,,,,,,,,,,,,,,55-64,Male,,Some college,,White / Caucasian,,3,0.591780689
R_393Rla0U2JlmZOQ,Retail Sales Associate,21,39,72,25,77,81,66,4,12,53,57,70,11,11,46,54,9,57,6,29,70,36,69,24,62,69,11,23,83,80,39,53,4,76,11,36,10,8,40,21,30,68,57,69,4,36,4,70,68,5,73,9,78,61,74,76,5,72,59,31,6,6,43,86,70,69,82,51,18,59,30,69,79,17,80,24,6,6,29,1,16,3,77,6,41,37,21,7,27,58,8,61,36,43,19,58,79,80,19,78,2,8,25,71,72,50,75,47,14,5,9,12,38,23,71,46,6,5,5,30,7,81,21,33,22,71,77,59,28,67,27,9,58,60,23,34,86,26,38,77,56,70,34,56,31,48,6,65,3,69,5,65,26,4,84,12,39,78,81,75,48,80,24,5,25,80,73,,,,,,,,,,,,,,,,,,,,,,,,,,,,,,,,,,,,,,,,,,,,,,,,,,,,,,,,,,,,,,,,,,,,,,,,,,,,,,,,,,,,,,,,,,,,,,,,,,,,,,,,,,,,,,,,,,,,,,,,,,,,,,,,,,,,,,,,,,,,,,,,,,,,,,,,,,,,,,,,,,,,,,,,,,,,,,,,,,,,,,,,,,,,,,,,,,,,,,,,,,,,,,,,,,,,,,,,,,,,,,,,,,,,,,,,,,,,,,,,,,,,,,,,,,,,,,,,,,,,,,,,,,,,,,,,,,,,,,,,,,,,,,,,,,,,,,,,,,,,,,,,,,,,,,,,,,,,,,,,,,,,,,,,,,,,,,,,,,,,,,,,,,,,,,,,,,,,,,,,,,,,,,,,,,,,,,,,,,,,,,,,,,,,,,,,,,,,,,,,,,,,,,,,,,,,,,,,,,,,,,,,,,,,,,,,,,,,,,,,,,,,,,,,,,,,,,,,,,,,,,,,,,,,,,,,,,,,,,,,,,,,,,,,,,,,,,,,,,,,,,,,,,,,,,,,,,,,,,,,,,,,,,,,,,,,,,,,,,,,,,,,,,,,,,,,,,,,,,,,,,,,,,,,,,,,,,,,,,,,,,,,,,,,,,,,,,,,,,,,,,,,,,,,,,,,,,,,,,,,,,,,,,,,,,,,,,,,,,,,,,,,,,,,,,,,,,,,,,,,,,,,,,,,,,,,,,,,,,,,,,,,,,,,,,,,,,,,,,,,,,,,,,,,,,,,,,,,,,,,,,,,,,,,,,,,,,,,,,,,,,,,,,,,,,,,,,,,,,,,,,,,,,,,,,,,,,,,,,,,,,,,,,,,,,,,,,,,,,,,,,,,,,,,,,,,,,,,,,,,,,,,,,,,,,,25-34,Male,,Bachelor's degree,,Black or African American,,1,0.715841897
R_5zr26azHZ5LUnen,Risk Analyst,62,60,71,69,76,74,60,57,67,73,57,62,65,64,66,60,61,68,50,63,71,74,67,67,71,77,69,73,67,68,74,69,55,69,74,65,63,53,75,67,56,73,76,67,61,65,66,56,73,62,72,72,73,71,70,69,70,64,67,61,60,62,76,75,63,62,73,65,73,75,75,70,69,56,73,60,67,62,68,58,68,61,78,62,64,70,60,62,59,72,58,60,75,67,68,69,75,72,63,75,65,61,69,69,72,75,75,56,54,72,65,64,54,44,64,72,64,62,60,64,71,65,70,62,76,65,71,72,75,73,54,62,58,73,70,75,69,63,64,74,76,63,69,65,75,69,61,73,52,66,70,70,61,61,60,49,66,66,62,71,72,68,56,56,63,75,70,,,,,,,,,,,,,,,,,,,,,,,,,,,,,,,,,,,,,,,,,,,,,,,,,,,,,,,,,,,,,,,,,,,,,,,,,,,,,,,,,,,,,,,,,,,,,,,,,,,,,,,,,,,,,,,,,,,,,,,,,,,,,,,,,,,,,,,,,,,,,,,,,,,,,,,,,,,,,,,,,,,,,,,,,,,,,,,,,,,,,,,,,,,,,,,,,,,,,,,,,,,,,,,,,,,,,,,,,,,,,,,,,,,,,,,,,,,,,,,,,,,,,,,,,,,,,,,,,,,,,,,,,,,,,,,,,,,,,,,,,,,,,,,,,,,,,,,,,,,,,,,,,,,,,,,,,,,,,,,,,,,,,,,,,,,,,,,,,,,,,,,,,,,,,,,,,,,,,,,,,,,,,,,,,,,,,,,,,,,,,,,,,,,,,,,,,,,,,,,,,,,,,,,,,,,,,,,,,,,,,,,,,,,,,,,,,,,,,,,,,,,,,,,,,,,,,,,,,,,,,,,,,,,,,,,,,,,,,,,,,,,,,,,,,,,,,,,,,,,,,,,,,,,,,,,,,,,,,,,,,,,,,,,,,,,,,,,,,,,,,,,,,,,,,,,,,,,,,,,,,,,,,,,,,,,,,,,,,,,,,,,,,,,,,,,,,,,,,,,,,,,,,,,,,,,,,,,,,,,,,,,,,,,,,,,,,,,,,,,,,,,,,,,,,,,,,,,,,,,,,,,,,,,,,,,,,,,,,,,,,,,,,,,,,,,,,,,,,,,,,,,,,,,,,,,,,,,,,,,,,,,,,,,,,,,,,,,,,,,,,,,,,,,,,,,,,,,,,,,,,,,,,,,,,,,,,,,,,,,,,,,,,,,,,,,,,,,,,,,,,,,,,,,,,,,,,,,,,,,,,,,,,,,,,,,45-54,Male,,Some college,,White / Caucasian,,1,0.516531085
R_7NSaUzHz3Ttuush,Risk Analyst,,,,,,,,,,,,,,,,,,,,,,,,,,,,,,,,,,,,,,,,,,,,,,,,,,,,,,,,,,,,,,,,,,,,,,,,,,,,,,,,,,,,,,,,,,,,,,,,,,,,,,,,,,,,,,,,,,,,,,,,,,,,,,,,,,,,,,,,,,,,,,,,,,,,,,,,,,,,,,,,,,,,,,,,,,,,,,,,,,,,,,,,,,,,,,,,,,,,,,,,,,,,,,,,,,,,,,,,,,,,,,,,,,,,,,,,,,,,,,,,,,,,,,,,,,,,,,,,,,,,,,,,,,,,,,,,,,,,,,,,,,,,,,,,,,,,,,,,,,,,,,,,,,,,,,,,,,,,,,,,,,,,,,,,,,,,,,,,,,,,,,,,,,,,,,,,,,,,,,,,,,,,,,,,,,,,,,,,,,,,,,,,,,,,,,,,,,,,,,,,,,,,,,,,,,,,,,,,,,,,,,,,,,,,,,,,,,,,,,,,,,,,,,,,,,,,,,,,,,,,,,,,,,,,,,,,,,,,,,,,,,,,,,,,,,,,,,,,,,,,,,,,,,,,,,,,,,,,,,,,,,,,,,,,,,,,,,,,,,,,,,,,,,,,,,,,,,,,,,,,,,,,,,,,,,,,,,,,,,,,,,,,,,,,,,,,,,,,,,,,,,,,,,,,,,,,,,,,,,,,,,,,,,,,,,,,,,,,,,,,,,,,,,,,,,,,,,,,,,,,,,,,,,,,,,,,,,,,,,,,,,,,,,,,,,,,,,,,,,,,,,,,,,,,,,,,,,,,,,,,,,,,,,,,,,,,,,,,,,,,,,,,,,,,,,,,,,,,,,,,,,,,,,,,,,,,,,,,,,,,,,,,,,,,,,,,,,,,,,,,,,,,,,,,,,,,,,,,,,,,,,,,,,,,,,,,59,83,85,76,62,92,75,94,88,78,68,44,85,59,48,80,59,92,80,22,80,86,85,70,66,67,90,80,95,82,75,61,86,52,25,86,74,73,75,85,40,97,80,48,67,95,30,68,88,80,43,42,93,80,38,80,47,88,39,54,76,35,92,45,49,62,81,76,18,75,42,63,67,79,64,93,76,87,70,90,64,88,76,89,73,51,77,47,64,88,96,38,90,88,49,59,96,26,34,49,88,79,25,57,66,84,76,90,91,90,55,86,71,77,72,84,51,71,73,94,85,52,73,84,79,90,11,67,72,84,69,92,85,79,90,74,61,95,97,71,85,80,86,96,60,39,76,24,89,65,68,96,80,60,93,54,90,25,77,70,89,78,71,90,75,87,35-44,Female,,Some college,,White / Caucasian,,6,0.871170965
R_1Cew3pBOopv514w,Financial Advisor,,,,,,,,,,,,,,,,,,,,,,,,,,,,,,,,,,,,,,,,,,,,,,,,,,,,,,,,,,,,,,,,,,,,,,,,,,,,,,,,,,,,,,,,,,,,,,,,,,,,,,,,,,,,,,,,,,,,,,,,,,,,,,,,,,,,,,,,,,,,,,,,,,,,,,,,,,,,,,,,,,,,,,,,,,,,,,,,,,,,,,,,,,,,,,,,,,,,,,,,,,,,,,,,,,,,,,,,,,,,,,,,,,,,,,,,,,,,,,,,,,,,,,,,,,,,,,,,,,,,,,,,,,,,,,,,,,,,,,,,,,,,,,,,,,,,,,,,,,,,,,,,,,,,,,,,,,,,,,,,,,,,,,,,,,,,,,,,,,,,,,,,,,,,,,,,,,,,,,,,,,,,,,,,,,,,,,,,,,,,,,,,,,,,,,,,,,,,,,,,,,,,,,,,,,,,,,,,,,,,,,,,,,,,,,,,,,,,,,,,,,,,,,,,,,,,,,,,,,,,,,,,,,,,,,,,,,,,,,,,,,,,,,,,,,,,,,,,,,,,,,,,,,,,,,,,,,,,,,,,,,,,,,,,,,,,,,,,,,,,,,,,,,,,,,,,,,,,,,,,,,,,,,,,,,,,,,,,,,,,,,,,,,,,,,,,,,,,,,,,,,,,,,,,,,,,,,,,,,,,,,,,,,,,,,,,,,,,,,,,,,,,,,,,,,,,,,,,,,,,,,,,,,,,55,55,57,54,53,58,58,56,54,53,56,57,58,56,58,57,54,60,57,56,56,56,57,56,54,54,59,58,53,59,55,58,57,56,56,58,55,55,57,58,58,53,54,58,57,58,56,55,57,60,56,56,58,56,55,57,56,56,54,57,57,53,55,56,59,56,58,53,57,58,62,56,56,58,55,56,58,58,57,58,57,58,57,56,57,57,57,57,60,57,59,48,55,60,59,57,55,59,56,56,58,58,57,58,53,58,56,59,57,57,54,59,58,56,60,56,54,55,56,53,59,56,60,54,56,56,54,59,57,58,56,57,55,57,55,55,53,60,55,59,58,57,59,57,54,55,58,58,58,58,58,56,61,55,55,58,56,53,55,58,55,56,55,53,,,,,,,,,,,,,,,,,,,,,,,,,,,,,,,,,,,,,,,,,,,,,,,,,,,,,,,,,,,,,,,,,,,,,,,,,,,,,,,,,,,,,,,,,,,,,,,,,,,,,,,,,,,,,,,,,,,,,,,,,,,,,,,,,,,,,,,,,,,,,,,,,,,,,,,,,,,,,,,,,,,,,,,65 or above,Male,,Bachelor's degree,,White / Caucasian,,5,0.525609496
R_5C2WDq9MulgAa9O,Financial Advisor,,,,,,,,,,,,,,,,,,,,,,,,,,,,,,,,,,,,,,,,,,,,,,,,,,,,,,,,,,,,,,,,,,,,,,,,,,,,,,,,,,,,,,,,,,,,,,,,,,,,,,,,,,,,,,,,,,,,,,,,,,,,,,,,,,,,,,,,,,,,,,,,,,,,,,,,,,,,,,,,,,,,,,,,,,,,,,,,,,,,,,,,,,,,,,,,,,,,,,,,,,,,,,,,,,,,,,,,,,,,,,,,,,,,,,,,,,,,,,,,,,,,,,,,,,,,,,,,,,,,,,,,,,,,,,,,,,,,,,,,,,,,,,,,,,,,,,,,,,,,,,,,,,,,,,,,,,,,,,,,,,,,,,,,,,,,,,,,,,,,,,,,,,,,,,,,,,,,,,,,,,,,,,,,,,,,,,,,,,,,,,,,,,,,,,,,,,,,,,,,,,,,,,,,,,,,,,,,,,,,,,,,,,,,,,,,,,,,,,,,,,,,,,,,,,,,,,,,,,,,,,,,,,,,,,,,,,,,,,,,,,,,,,,,,,,,,,,,,,,,,44,70,14,73,50,58,47,70,38,33,29,69,56,36,27,28,47,43,53,86,24,56,60,31,40,37,74,66,73,56,22,61,59,71,55,86,36,37,52,51,53,88,27,65,34,50,53,28,62,62,39,24,32,41,58,30,70,50,59,57,54,29,70,70,43,66,21,37,86,49,47,64,27,67,63,40,28,37,35,53,59,66,33,62,23,60,60,77,31,22,67,57,45,63,50,27,52,27,24,53,40,87,60,71,26,57,26,60,59,66,57,54,22,48,53,33,65,60,42,37,79,56,48,45,39,44,68,56,51,63,55,72,19,69,35,66,65,51,71,62,52,42,30,57,46,53,24,48,56,44,67,44,63,67,42,59,58,57,21,53,84,61,65,44,56,62,39,,,,,,,,,,,,,,,,,,,,,,,,,,,,,,,,,,,,,,,,,,,,,,,,,,,,,,,,,,,,,,,,,,,,,,,,,,,,,,,,,,,,,,,,,,,,,,,,,,,,,,,,,,,,,,,,,,,,,,,,,,,,,,,,,,,,,,,,,,,,,,,,,,,,,,,,,,,,,,,,,,,,,,,,,,,,,,,,,,,,,,,,,,,,,,,,,,,,,,,,,,,,,,,,,,,,,,,,,,,,,,,,,,,,,,,,,,,,,,,,,,,,,,,,,,,,,,,,,,,,,,,,,,,,,,,,,,,,,,,,,,,,,,,,,,,,,,,,,,,,,,,,,,,,,,,,,,,,,,,,,,,,,,,,,,,25-34,Male,,Graduate degree,,White / Caucasian,,4,0.864664195
R_6M0cOHdaBN1BISh,Risk Analyst,,,,,,,,,,,,,,,,,,,,,,,,,,,,,,,,,,,,,,,,,,,,,,,,,,,,,,,,,,,,,,,,,,,,,,,,,,,,,,,,,,,,,,,,,,,,,,,,,,,,,,,,,,,,,,,,,,,,,,,,,,,,,,,,,,,,,,,,,,,,,,,,,,,,,,,,,,,,,,,,,,,,,,,,,,,,,,,,,,,,,,,,,,,,,,,,,,,,,,,,,,,,,,,,,,,,,,,,,,,,,,,,,,,,,,,,,,,,,,,,,,,,,,,,,,,,,,,,,,,,,,,,,,,,,,,,,,,,,,,,,,,,,,,,,,,,,,,,,,,,,,,,,,,,,,,,,,,,,,,,,,,,,,,,,,,,,,48,51,54,49,52,50,46,50,51,50,52,52,50,48,50,52,44,51,50,51,50,51,49,47,48,51,49,50,48,50,52,47,52,50,45,50,50,48,52,50,44,48,42,52,53,47,49,51,48,50,49,49,48,53,51,48,51,48,52,49,50,50,49,48,49,50,49,52,52,49,53,52,45,49,52,48,50,50,49,48,45,48,45,52,50,49,54,50,53,50,47,44,47,46,46,50,48,50,43,55,47,46,50,52,52,50,50,53,46,55,47,47,53,55,49,50,49,45,48,49,49,46,48,46,47,53,55,50,50,50,51,50,48,48,52,48,52,50,49,52,54,49,50,50,50,47,42,52,54,47,48,49,52,48,45,49,51,46,50,54,53,46,46,49,52,50,47,,,,,,,,,,,,,,,,,,,,,,,,,,,,,,,,,,,,,,,,,,,,,,,,,,,,,,,,,,,,,,,,,,,,,,,,,,,,,,,,,,,,,,,,,,,,,,,,,,,,,,,,,,,,,,,,,,,,,,,,,,,,,,,,,,,,,,,,,,,,,,,,,,,,,,,,,,,,,,,,,,,,,,,,,,,,,,,,,,,,,,,,,,,,,,,,,,,,,,,,,,,,,,,,,,,,,,,,,,,,,,,,,,,,,,,,,,,,,,,,,,,,,,,,,,,,,,,,,,,,,,,,,,,,,,,,,,,,,,,,,,,,,,,,,,,,,,,,,,,,,,,,,,,,,,,,,,,,,,,,,,,,,,,,,,,,,,,,,,,,,,,,,,,,,,,,,,,,,,,,,,,,,,,,,,,,,,,,,,,,,,,,,,,,,,,,,,,,,,,,,,,,,,,,,,,,,,,,,,,,,,,,,,,,,,,,,,,,,,,,,,,,,,,,,,,,,,,,,,,,,,,,,,,,,,,,,,,,,,,,,,,,,,,,,,,,,,,,,,25-34,Female,,Bachelor's degree,,White / Caucasian,,3,0.692418863
R_79hysAiNIO5qUa2,Risk Analyst,,,,,,,,,,,,,,,,,,,,,,,,,,,,,,,,,,,,,,,,,,,,,,,,,,,,,,,,,,,,,,,,,,,,,,,,,,,,,,,,,,,,,,,,,,,,,,,,,,,,,,,,,,,,,,,,,,,,,,,,,,,,,,,,,,,,,,,,,,,,,,,,,,,,,,,,,,,,,,,,,,,,,,,,45,100,65,30,40,100,100,100,100,40,100,100,100,90,65,100,100,25,100,100,45,70,100,20,70,90,100,100,35,80,100,80,100,100,100,100,85,60,100,100,100,70,40,40,100,100,100,20,100,100,100,0,100,100,100,95,100,45,75,100,85,40,100,15,80,50,60,40,90,55,55,100,85,100,100,45,100,40,100,100,65,100,100,100,100,100,70,100,100,35,30,100,100,100,85,100,100,50,45,100,100,80,100,100,100,100,60,10,45,35,60,75,100,55,100,100,100,45,100,35,30,50,100,100,100,100,45,65,40,35,100,100,95,100,55,100,100,100,80,100,100,55,100,100,100,100,40,45,100,100,65,65,100,40,100,100,80,50,100,100,50,80,100,80,45,100,,,,,,,,,,,,,,,,,,,,,,,,,,,,,,,,,,,,,,,,,,,,,,,,,,,,,,,,,,,,,,,,,,,,,,,,,,,,,,,,,,,,,,,,,,,,,,,,,,,,,,,,,,,,,,,,,,,,,,,,,,,,,,,,,,,,,,,,,,,,,,,,,,,,,,,,,,,,,,,,,,,,,,,,,,,,,,,,,,,,,,,,,,,,,,,,,,,,,,,,,,,,,,,,,,,,,,,,,,,,,,,,,,,,,,,,,,,,,,,,,,,,,,,,,,,,,,,,,,,,,,,,,,,,,,,,,,,,,,,,,,,,,,,,,,,,,,,,,,,,,,,,,,,,,,,,,,,,,,,,,,,,,,,,,,,,,,,,,,,,,,,,,,,,,,,,,,,,,,,,,,,,,,,,,,,,,,,,,,,,,,,,,,,,,,,,,,,,,,,,,,,,,,,,,,,,,,,,,,,,,,,,,,,,,,,,,,,,,,,,,,,,,,,,,,,,,,,,,,,,,,,,,,,,,,,,,,,,,,,,,,,,,,,,,,,,,,,,,,,,,,,,,,,,,,,,,,,,,,,,,,,,,,,,,,,,,,,,,,,,,,,,,,,,,,,,,,,,,,,,,,,,,,,,,,,,,,,,,,,,,,,,,,,,,,,,,,,,,,,,,,,,,,,,,,,,,,,,,,,,,,,,,,,,,,,,,,,,,,,,,,,,,,,,,,,,,,,,,,,,,,,,,65 or above,Female,,Bachelor's degree,,White / Caucasian,,2,0.498454801
R_33uljsbCozbLLVL,Retail Sales Associate,,,,,,,,,,,,,,,,,,,,,,,,,,,,,,,,,,,,,,,,,,,,,,,,,,,,,,,,,,,,,,,,,,,,,,,,,,,,,,,,,,,,,,,,,,,,,,,,,,,,,,,,,,,,,,,,,,,,,,,,,,,,,,,,,,,,,,,,,,,,,,,,,,,,,,,,,,,,,,,,,,,,,,,,,,,,,,,,,,,,,,,,,,,,,,,,,,,,,,,,,,,,,,,,,,,,,,,,,,,,,,,,,,,,,,,,,,,,,,,,,,,,,,,,,,,,,,,,,,,,,,,,,,,,,,,,,,,,,,,,,,,,,,,,,,,,,,,,,,,,,,,,,,,,,,,,,,,,,,,,,,,,,,,,,,,,,,,,,,,,,,,,,,,,,,,,,,,,,,,,,,,,,,,,,,,,,,,,,,,,,,,,,,,,,,,,,,,,,,,,,,,,,,,,,,,,,,,,,,,,,,,,,,,,,,,,,,,,,,,,,,,,,,,,,,,,,,,,,,,,,,,,,,,,,,,,,,,,,,,,,,,,,,,,,,,,,,,,,,,,,,,,,,,,,,,,,,,,,,,,,,,,,,,,,,,,,,,,,,,,,,,,,,,,,,,,,,,,,,,,,,,,,,,,,,,,,,,,,,,,,,,,,,,,,,,,,,,,,,,,,,,,,,,,,,,,,,,,,,,,,,,,,,,,,,,,,,,,,,,,,,,,,,,,,,,,,,,,,,,,,,,,,,,,,,,,,,,,,,,,,,,,,,,,,,,,,,,,,,,,,,,,,,,,,,,,,,,,,,,,,,,,,,,,,,,,,,,,,,,,,,,,,,,,,,,,,,,,,,,,,,,,,,,,,,,,,,,,,,,,,,,,,,,,,,,,,,,,,,,,,,,,,,,,,,,,,,,,,,,,,,,,,,,,,,,,80,50,75,50,80,50,75,50,75,53,75,55,50,80,80,50,50,80,60,75,85,86,80,75,50,85,75,80,50,50,65,50,85,75,75,55,55,75,80,50,75,75,80,75,50,75,75,75,75,85,75,50,50,80,50,50,70,75,85,75,75,80,50,80,50,80,50,75,55,65,50,80,80,75,75,65,80,65,75,50,60,70,75,80,85,70,50,50,50,80,50,85,60,75,75,75,75,80,85,50,50,50,50,50,50,75,50,75,80,80,75,75,50,80,75,75,80,50,85,50,85,80,83,80,80,79,50,80,80,50,80,50,75,50,50,85,85,50,50,75,75,75,55,80,49,80,80,75,80,50,50,50,80,50,95,80,50,48,50,80,50,75,80,50,75,50,35-44,Female,,Graduate degree,,White / Caucasian,,6,0.796851063
R_3Ld0FEZgn4t2zIk,Inventory Manager,,,,,,,,,,,,,,,,,,,,,,,,,,,,,,,,,,,,,,,,,,,,,,,,,,,,,,,,,,,,,,,,,,,,,,,,,,,,,,,,,,,,,,,,,,,,,,,,,,,,,,,,,,,,,,,,,,,,,,,,,,,,,,,,,,,,,,,,,,,,,,,,,,,,,,,,,,,,,,,,,,,,,,,,,,,,,,,,,,,,,,,,,,,,,,,,,,,,,,,,,,,,,,,,,,,,,,,,,,,,,,,,,,,,,,,,,,,,,,,,,,,,,,,,,,,,,,,,,,,,,,,,,,,,,,,,,,,,,,,,,,,,,,,,,,,,,,,,,,,,,,,,,,,,,,,,,,,,,,,,,,,,,,,,,,,,,,,,,,,,,,,,,,,,,,,,,,,,,,,,,,,,,,,,,,,,,,,,,,,,,,,,,,,,,,,,,,,,,,,,,,,,,,,,,,,,,,,,,,,,,,,,,,,,,,,,,,,,,,,,,,,,,,,,,,,,,,,,,,,,,,,,,,,,,,,,,,,,,,,,,,,,,,,,,,,,,,,,,,,,,,,,,,,,,,,,,,,,,,,,,,,,,,,,,,,,,,,,,,,,,,,,,,,,,,,,,,,,,,,,,,,,,,,,,,,,,,,,,,,,,,,,,,,,,,,,,,,,,,,,,,,,,,,,,,,,,,,,,,,,,,,,,,,,,,,,,,,,,,,,,,,,,,,,,,,,,,,,,,,,,,,,,,,,37,23,32,0,57,58,74,18,40,45,45,56,48,59,49,40,21,76,51,65,16,56,84,41,16,46,28,53,20,51,55,51,32,20,53,45,13,37,38,37,64,27,63,62,33,15,63,31,34,57,71,32,61,31,35,34,58,63,29,35,69,5,57,39,43,37,53,37,61,64,46,27,56,75,24,0,29,53,35,36,21,57,58,51,63,54,26,32,72,28,37,39,39,55,66,56,64,19,51,17,74,64,25,35,51,46,68,43,64,14,54,57,45,55,35,48,23,37,26,15,68,21,56,27,53,28,43,51,57,32,47,24,62,69,36,33,17,39,56,34,36,38,76,47,19,27,25,65,26,49,56,40,54,37,39,58,4,51,66,47,28,22,33,50,,,,,,,,,,,,,,,,,,,,,,,,,,,,,,,,,,,,,,,,,,,,,,,,,,,,,,,,,,,,,,,,,,,,,,,,,,,,,,,,,,,,,,,,,,,,,,,,,,,,,,,,,,,,,,,,,,,,,,,,,,,,,,,,,,,,,,,,,,,,,,,,,,,,,,,,,,,,,,,,,,,,,,,18-24,Male,,High school graduate,,Asian,,5,0.416581535
R_5xIXoDpmLkszDYz,Inventory Manager,,,,,,,,,,,,,,,,,,,,,,,,,,,,,,,,,,,,,,,,,,,,,,,,,,,,,,,,,,,,,,,,,,,,,,,,,,,,,,,,,,,,,,,,,,,,,,,,,,,,,,,,,,,,,,,,,,,,,,,,,,,,,,,,,,,,,,,,,,,,,,,,,,,,,,,,,,,,,,,,,,,,,,,,,,,,,,,,,,,,,,,,,,,,,,,,,,,,,,,,,,,,,,,,,,,,,,,,,,,,,,,,,,,,,,,,,,,,,,,,,,,,,,,,,,,,,,,,,,,,,,,,,,,,,,,,,,,,,,,,,,,,,,,,,,,,,,,,,,,,,,,,,,,,,,,,,,,,,,,,,,,,,,,,,,,,,,,,,,,,,,,,,,,,,,,,,,,,,,,,,,,,,,,,,,,,,,,,,,,,,,,,,,,,,,,,,,,,,,,,,,,,,,,,,,,,,,,,,,,,,,,,,,,,,,,,,,,,,,,,,,,,,,,,,,,,,,,,,,,,,,,,,,,,,,,,,,,,,,,,,,,,,,,,,,,,,,,,,,,,,52,55,51,53,54,52,53,53,52,52,52,55,54,51,50,52,53,50,55,53,53,54,53,53,52,49,51,51,54,50,49,54,56,55,51,51,46,48,50,55,53,57,52,54,49,53,54,50,54,49,53,54,52,57,54,51,54,53,55,54,54,50,52,53,53,52,51,53,56,54,57,53,52,52,55,50,48,54,54,54,54,54,51,55,49,54,53,54,50,51,53,51,55,53,49,51,53,53,53,54,51,55,53,55,52,49,50,55,52,54,52,54,52,53,53,52,55,54,50,51,54,54,53,50,52,55,53,53,51,51,54,56,51,53,53,54,51,46,55,54,53,51,52,53,52,50,53,57,54,53,53,52,52,56,50,54,54,52,53,53,59,49,57,52,52,52,52,,,,,,,,,,,,,,,,,,,,,,,,,,,,,,,,,,,,,,,,,,,,,,,,,,,,,,,,,,,,,,,,,,,,,,,,,,,,,,,,,,,,,,,,,,,,,,,,,,,,,,,,,,,,,,,,,,,,,,,,,,,,,,,,,,,,,,,,,,,,,,,,,,,,,,,,,,,,,,,,,,,,,,,,,,,,,,,,,,,,,,,,,,,,,,,,,,,,,,,,,,,,,,,,,,,,,,,,,,,,,,,,,,,,,,,,,,,,,,,,,,,,,,,,,,,,,,,,,,,,,,,,,,,,,,,,,,,,,,,,,,,,,,,,,,,,,,,,,,,,,,,,,,,,,,,,,,,,,,,,,,,,,,,,,,,18-24,Male,,High school graduate,,White / Caucasian,,4,0.707476329
R_1sb3gVj1RD4gFiZ,Risk Analyst,,,,,,,,,,,,,,,,,,,,,,,,,,,,,,,,,,,,,,,,,,,,,,,,,,,,,,,,,,,,,,,,,,,,,,,,,,,,,,,,,,,,,,,,,,,,,,,,,,,,,,,,,,,,,,,,,,,,,,,,,,,,,,,,,,,,,,,,,,,,,,,,,,,,,,,,,,,,,,,,,,,,,,,,,,,,,,,,,,,,,,,,,,,,,,,,,,,,,,,,,,,,,,,,,,,,,,,,,,,,,,,,,,,,,,,,,,,,,,,,,,,,,,,,,,,,,,,,,,,,,,,,,,,,,,,,,,,,,,,,,,,,,,,,,,,,,,,,,,,,,,,,,,,,,,,,,,,,,,,,,,,,,,,,,,,,,,,,,,,,,,,,,,,,,,,,,,,,,,,,,,,,,,,,,,,,,,,,,,,,,,,,,,,,,,,,,,,,,,,,,,,,,,,,,,,,,,,,,,,,,,,,,,,,,,,,,,,,,,,,,,,,,,,,,,,,,,,,,,,,,,,,,,,,,,,,,,,,,,,,,,,,,,,,,,,,,,,,,,,,,,,,,,,,,,,,,,,,,,,,,,,,,,,,,,,,,,,,,,,,,,,,,,,,,,,,,,,,,,,,,,,,,,,,,,,,,,,,,,,,,,,,,,,,,,,,,,,,,,,,,,,,,,,,,,,,,,,,,,,,,,,,,,,,,,,,,,,,,,,,,,,,,,,,,,,,,,,,,,,,,,,,,,,,,,,,,,,,,,,,,,,,,,,,,,,,,,,,,,,,,,,,,,,,,,,,,,,,,,,,,,,,,,,,,,,,,,,,,,,,,,,,,,,,,,,,,,,,,,,,,,,,,,,,,,,,,,,,,,,,,,,,,,,,,,,,,,,,,,,,,,,,,,,,,,,,,,,,,,,,,,,,,,,,,,,,58,76,78,70,51,86,53,78,70,68,70,76,83,75,51,52,62,55,77,58,62,68,55,45,64,67,65,59,82,51,58,75,62,71,52,68,69,76,68,84,70,72,77,47,66,66,54,60,77,64,62,62,76,50,60,72,64,67,77,45,62,74,66,73,54,70,65,65,49,70,40,45,57,64,59,74,60,66,67,49,62,74,55,52,65,49,47,48,77,73,49,38,77,68,56,64,71,58,66,64,79,56,51,75,71,79,64,53,65,71,60,68,63,60,51,55,42,67,70,53,68,66,61,67,66,67,74,60,73,74,64,71,83,64,83,48,53,83,82,63,77,70,80,69,65,70,57,72,79,63,70,65,54,49,75,59,67,46,63,55,73,71,63,61,80,83,18-24,Female,,High school graduate,,Asian,,6,0.772392275
R_1pXLWpkVKT5ffO9,Risk Analyst,16,71,23,22,24,17,82,37,57,11,29,24,19,33,20,25,20,47,24,92,6,22,40,29,10,24,23,14,8,23,19,83,14,17,18,41,60,32,16,21,38,22,60,74,9,24,25,28,83,5,32,21,23,18,48,21,29,19,28,22,78,21,37,26,65,35,19,14,26,20,25,21,25,23,11,23,20,21,18,22,12,37,34,34,73,15,42,20,38,79,15,3,24,22,29,25,21,12,22,24,24,23,24,23,24,29,21,70,28,35,55,90,45,81,32,26,29,22,15,80,6,33,19,13,24,16,32,34,23,23,28,79,84,67,23,28,9,33,95,15,16,43,23,23,15,21,15,39,29,20,28,39,24,73,54,27,28,20,87,25,31,24,75,70,20,27,16,,,,,,,,,,,,,,,,,,,,,,,,,,,,,,,,,,,,,,,,,,,,,,,,,,,,,,,,,,,,,,,,,,,,,,,,,,,,,,,,,,,,,,,,,,,,,,,,,,,,,,,,,,,,,,,,,,,,,,,,,,,,,,,,,,,,,,,,,,,,,,,,,,,,,,,,,,,,,,,,,,,,,,,,,,,,,,,,,,,,,,,,,,,,,,,,,,,,,,,,,,,,,,,,,,,,,,,,,,,,,,,,,,,,,,,,,,,,,,,,,,,,,,,,,,,,,,,,,,,,,,,,,,,,,,,,,,,,,,,,,,,,,,,,,,,,,,,,,,,,,,,,,,,,,,,,,,,,,,,,,,,,,,,,,,,,,,,,,,,,,,,,,,,,,,,,,,,,,,,,,,,,,,,,,,,,,,,,,,,,,,,,,,,,,,,,,,,,,,,,,,,,,,,,,,,,,,,,,,,,,,,,,,,,,,,,,,,,,,,,,,,,,,,,,,,,,,,,,,,,,,,,,,,,,,,,,,,,,,,,,,,,,,,,,,,,,,,,,,,,,,,,,,,,,,,,,,,,,,,,,,,,,,,,,,,,,,,,,,,,,,,,,,,,,,,,,,,,,,,,,,,,,,,,,,,,,,,,,,,,,,,,,,,,,,,,,,,,,,,,,,,,,,,,,,,,,,,,,,,,,,,,,,,,,,,,,,,,,,,,,,,,,,,,,,,,,,,,,,,,,,,,,,,,,,,,,,,,,,,,,,,,,,,,,,,,,,,,,,,,,,,,,,,,,,,,,,,,,,,,,,,,,,,,,,,,,,,,,,,,,,,,,,,,,,,,,,,,,,,,,,,,,,,,,,,,,,,,,,,,,,,,,,,,,,,,,,,,,,,,,,,,,,,,,,,,,,,,,,,,,,,,,,,,,,,35-44,Male,,High school graduate,,Hispanic or Latino,,1,0.732790533
R_6yawiGNoACaQWRW,Retail Sales Associate,,,,,,,,,,,,,,,,,,,,,,,,,,,,,,,,,,,,,,,,,,,,,,,,,,,,,,,,,,,,,,,,,,,,,,,,,,,,,,,,,,,,,,,,,,,,,,,,,,,,,,,,,,,,,,,,,,,,,,,,,,,,,,,,,,,,,,,,,,,,,,,,,,,,,,,,,,,,,,,,,,,,,,,,,,,,,,,,,,,,,,,,,,,,,,,,,,,,,,,,,,,,,,,,,,,,,,,,,,,,,,,,,,,,,,,,,,,,,,,,,,,,,,,,,,,,,,,,,,,,,,,,,,,,,,,,,,,,,,,,,,,,,,,,,,,,,,,,,,,,,,,,,,,,,,,,,,,,,,,,,,,,,,,,,,,,,,,,,,,,,,,,,,,,,,,,,,,,,,,,,,,,,,,,,,,,,,,,,,,,,,,,,,,,,,,,,,,,,,,,,,,,,,,,,,,,,,,,,,,,,,,,,,,,,,,,,,,,,,,,,,,,,,,,,,,,,,,,,,,,,,,,,,,,,,,,,,,,,,,,,,,,,,,,,,,,,,,,,,,,,,,,,,,,,,,,,,,,,,,,,,,,,,,,,,,,,,,,,,,,,,,,,,,,,,,,,,,,,,,,,,,,,,,,,,,,,,,,,,,,,,,,,,,,,,,,,,,,,,,,,,,,,,,,,,,,,,,,,,,,,,,,,,,,,,,,,,,,,,,,,,,,,,,,,,,,,,,,,,,,,,,,,,,,,,,,,,,,,,,,,,,,,,,,,,,,,,,,,,,,,,,,,,,,,,,,,,,,,,,,,,,,,,,,,,,,,,,,,,,,,,,,,,,,,,,,,,,,,,,,,,,,,,,,,,,,,,,,,,,,,,,,,,,,,,,,,,,,,,,,,,,,,,,,,,,,,,,,,,,,,,,,,,,,,,,,86,83,84,73,88,89,73,78,90,89,90,89,69,86,82,72,92,85,91,80,89,90,91,89,90,88,88,91,89,87,86,79,89,90,90,84,87,89,88,90,81,91,92,90,81,89,76,87,82,86,88,83,87,91,68,88,85,90,91,90,88,83,87,86,61,93,74,88,75,90,77,92,87,84,85,82,92,85,85,84,91,80,87,87,89,86,76,63,85,86,84,84,89,84,88,93,89,86,87,91,67,89,85,81,88,94,85,80,88,87,85,88,84,85,85,89,89,73,85,67,92,92,89,87,89,88,85,86,88,88,89,88,85,82,85,87,88,87,80,88,85,75,92,91,85,88,88,88,89,74,61,87,86,88,88,89,89,71,77,86,87,87,89,87,88,88,35-44,Female,,Some college,,White / Caucasian,,6,0.087655234
R_3v9fuvFeXprULcB,Retail Sales Associate,,,,,,,,,,,,,,,,,,,,,,,,,,,,,,,,,,,,,,,,,,,,,,,,,,,,,,,,,,,,,,,,,,,,,,,,,,,,,,,,,,,,,,,,,,,,,,,,,,,,,,,,,,,,,,,,,,,,,,,,,,,,,,,,,,,,,,,,,,,,,,,,,,,,,,,,,,,,,,,,,,,,,,,,,,,,,,,,,,,,,,,,,,,,,,,,,,,,,,,,,,,,,,,,,,,,,,,,,,,,,,,,,,,,,,,,,,,,,,,,,,,,,,,,,,,,,,,,,,,,,,,,,,,,,,,,,,,,,,,,,,,,,,,,,,,,,,,,,,,,,,,,,,,,,,,,,,,,,,,,,,,,,,,,,,,,,,63,62,54,79,70,61,57,76,63,50,59,64,66,69,65,64,66,56,55,55,49,58,66,72,67,70,55,53,66,64,61,61,54,65,65,55,51,65,78,67,62,76,60,48,68,46,52,47,58,60,70,59,76,72,44,52,74,67,52,69,52,44,48,61,59,73,70,70,61,70,57,78,23,63,51,77,79,73,48,69,49,58,66,37,54,73,60,56,64,56,75,48,66,63,57,55,72,58,45,61,69,58,46,69,65,53,70,71,32,39,78,66,58,70,66,61,50,84,71,84,59,62,55,65,64,63,73,57,55,62,73,43,63,48,56,60,50,68,80,58,54,65,69,61,52,73,65,61,63,50,75,75,63,69,56,69,72,37,61,50,59,72,58,66,74,56,70,,,,,,,,,,,,,,,,,,,,,,,,,,,,,,,,,,,,,,,,,,,,,,,,,,,,,,,,,,,,,,,,,,,,,,,,,,,,,,,,,,,,,,,,,,,,,,,,,,,,,,,,,,,,,,,,,,,,,,,,,,,,,,,,,,,,,,,,,,,,,,,,,,,,,,,,,,,,,,,,,,,,,,,,,,,,,,,,,,,,,,,,,,,,,,,,,,,,,,,,,,,,,,,,,,,,,,,,,,,,,,,,,,,,,,,,,,,,,,,,,,,,,,,,,,,,,,,,,,,,,,,,,,,,,,,,,,,,,,,,,,,,,,,,,,,,,,,,,,,,,,,,,,,,,,,,,,,,,,,,,,,,,,,,,,,,,,,,,,,,,,,,,,,,,,,,,,,,,,,,,,,,,,,,,,,,,,,,,,,,,,,,,,,,,,,,,,,,,,,,,,,,,,,,,,,,,,,,,,,,,,,,,,,,,,,,,,,,,,,,,,,,,,,,,,,,,,,,,,,,,,,,,,,,,,,,,,,,,,,,,,,,,,,,,,,,,,,,,,18-24,Male,,High school graduate,,White / Caucasian,,3,0.701189555
R_7bRJhsEVLVV1YFb,Inventory Manager,,,,,,,,,,,,,,,,,,,,,,,,,,,,,,,,,,,,,,,,,,,,,,,,,,,,,,,,,,,,,,,,,,,,,,,,,,,,,,,,,,,,,,,,,,,,,,,,,,,,,,,,,,,,,,,,,,,,,,,,,,,,,,,,,,,,,,,,,,,,,,,,,,,,,,,,,,,,,,,,,,,,,,,,,,,,,,,,,,,,,,,,,,,,,,,,,,,,,,,,,,,,,,,,,,,,,,,,,,,,,,,,,,,,,,,,,,,,,,,,,,,,,,,,,,,,,,,,,,,,,,,,,,,,,,,,,,,,,,,,,,,,,,,,,,,,,,,,,,,,,,,,,,,,,,,,,,,,,,,,,,,,,,,,,,,,,,93,80,100,93,100,100,90,100,88,100,100,99,100,100,100,90,100,90,100,100,100,85,80,88,94,100,82,100,87,86,96,100,84,100,100,100,100,83,100,92,83,93,85,90,100,94,84,100,85,96,100,100,85,100,98,95,88,100,100,81,85,85,100,100,95,100,90,100,90,98,100,82,77,88,96,100,100,100,100,85,88,90,100,97,96,100,95,88,100,100,87,79,100,79,75,100,81,88,82,97,100,88,95,95,95,100,85,100,89,100,100,79,98,100,100,88,90,86,100,88,92,88,100,83,100,100,90,100,100,100,100,80,100,93,97,100,97,89,91,100,96,81,95,94,88,93,76,100,85,99,90,83,100,100,89,100,88,79,98,99,97,100,83,100,83,91,94,,,,,,,,,,,,,,,,,,,,,,,,,,,,,,,,,,,,,,,,,,,,,,,,,,,,,,,,,,,,,,,,,,,,,,,,,,,,,,,,,,,,,,,,,,,,,,,,,,,,,,,,,,,,,,,,,,,,,,,,,,,,,,,,,,,,,,,,,,,,,,,,,,,,,,,,,,,,,,,,,,,,,,,,,,,,,,,,,,,,,,,,,,,,,,,,,,,,,,,,,,,,,,,,,,,,,,,,,,,,,,,,,,,,,,,,,,,,,,,,,,,,,,,,,,,,,,,,,,,,,,,,,,,,,,,,,,,,,,,,,,,,,,,,,,,,,,,,,,,,,,,,,,,,,,,,,,,,,,,,,,,,,,,,,,,,,,,,,,,,,,,,,,,,,,,,,,,,,,,,,,,,,,,,,,,,,,,,,,,,,,,,,,,,,,,,,,,,,,,,,,,,,,,,,,,,,,,,,,,,,,,,,,,,,,,,,,,,,,,,,,,,,,,,,,,,,,,,,,,,,,,,,,,,,,,,,,,,,,,,,,,,,,,,,,,,,,,,,,45-54,Female,,Some college,,White / Caucasian,,3,0.658736814
R_5f9zsV5BvrxCLkl,Risk Analyst,60,60,50,59,60,50,50,60,50,50,50,60,50,60,50,50,50,50,50,60,50,50,60,50,50,50,50,50,50,60,50,50,60,50,60,50,60,60,50,60,60,50,50,60,60,60,60,60,60,60,60,60,50,50,50,60,60,50,50,50,60,50,50,50,60,50,50,50,60,50,50,50,50,60,50,60,50,60,50,60,50,60,59,60,60,50,50,50,50,50,60,50,60,50,60,50,60,50,50,50,60,50,50,50,50,60,50,50,50,50,60,50,50,60,50,60,50,60,60,60,60,50,60,60,50,60,50,50,60,50,60,50,50,50,60,50,50,60,60,60,50,50,50,50,50,50,61,50,60,60,60,50,50,60,50,50,60,50,50,50,60,50,50,60,60,50,50,,,,,,,,,,,,,,,,,,,,,,,,,,,,,,,,,,,,,,,,,,,,,,,,,,,,,,,,,,,,,,,,,,,,,,,,,,,,,,,,,,,,,,,,,,,,,,,,,,,,,,,,,,,,,,,,,,,,,,,,,,,,,,,,,,,,,,,,,,,,,,,,,,,,,,,,,,,,,,,,,,,,,,,,,,,,,,,,,,,,,,,,,,,,,,,,,,,,,,,,,,,,,,,,,,,,,,,,,,,,,,,,,,,,,,,,,,,,,,,,,,,,,,,,,,,,,,,,,,,,,,,,,,,,,,,,,,,,,,,,,,,,,,,,,,,,,,,,,,,,,,,,,,,,,,,,,,,,,,,,,,,,,,,,,,,,,,,,,,,,,,,,,,,,,,,,,,,,,,,,,,,,,,,,,,,,,,,,,,,,,,,,,,,,,,,,,,,,,,,,,,,,,,,,,,,,,,,,,,,,,,,,,,,,,,,,,,,,,,,,,,,,,,,,,,,,,,,,,,,,,,,,,,,,,,,,,,,,,,,,,,,,,,,,,,,,,,,,,,,,,,,,,,,,,,,,,,,,,,,,,,,,,,,,,,,,,,,,,,,,,,,,,,,,,,,,,,,,,,,,,,,,,,,,,,,,,,,,,,,,,,,,,,,,,,,,,,,,,,,,,,,,,,,,,,,,,,,,,,,,,,,,,,,,,,,,,,,,,,,,,,,,,,,,,,,,,,,,,,,,,,,,,,,,,,,,,,,,,,,,,,,,,,,,,,,,,,,,,,,,,,,,,,,,,,,,,,,,,,,,,,,,,,,,,,,,,,,,,,,,,,,,,,,,,,,,,,,,,,,,,,,,,,,,,,,,,,,,,,,,,,,,,,,,,,,,,,,,,,,,,,,,,,,,,,,,,,,,,,,,,,,,,,,,,,,45-54,Female,,Some college,,White / Caucasian,,1,0.933115525
R_7bUrjhqkOa2gQg1,Inventory Manager,55,55,45,50,55,50,50,55,50,65,50,45,50,70,60,50,50,50,45,55,50,44,50,45,45,45,50,50,45,45,45,50,40,50,50,55,50,60,50,55,60,50,50,50,55,50,45,65,55,40,60,55,45,45,50,50,60,50,40,50,60,45,65,70,60,50,55,50,45,45,45,55,50,50,50,50,50,65,50,55,45,45,50,65,55,55,55,50,45,55,65,45,40,50,45,45,50,55,45,50,55,50,50,50,50,60,45,50,50,45,65,45,65,55,55,60,45,55,55,50,45,45,45,50,50,65,55,45,50,60,45,50,65,50,50,50,50,60,55,50,50,50,50,50,45,45,40,50,45,50,45,50,50,60,55,50,45,50,55,45,50,50,55,50,45,60,50,,,,,,,,,,,,,,,,,,,,,,,,,,,,,,,,,,,,,,,,,,,,,,,,,,,,,,,,,,,,,,,,,,,,,,,,,,,,,,,,,,,,,,,,,,,,,,,,,,,,,,,,,,,,,,,,,,,,,,,,,,,,,,,,,,,,,,,,,,,,,,,,,,,,,,,,,,,,,,,,,,,,,,,,,,,,,,,,,,,,,,,,,,,,,,,,,,,,,,,,,,,,,,,,,,,,,,,,,,,,,,,,,,,,,,,,,,,,,,,,,,,,,,,,,,,,,,,,,,,,,,,,,,,,,,,,,,,,,,,,,,,,,,,,,,,,,,,,,,,,,,,,,,,,,,,,,,,,,,,,,,,,,,,,,,,,,,,,,,,,,,,,,,,,,,,,,,,,,,,,,,,,,,,,,,,,,,,,,,,,,,,,,,,,,,,,,,,,,,,,,,,,,,,,,,,,,,,,,,,,,,,,,,,,,,,,,,,,,,,,,,,,,,,,,,,,,,,,,,,,,,,,,,,,,,,,,,,,,,,,,,,,,,,,,,,,,,,,,,,,,,,,,,,,,,,,,,,,,,,,,,,,,,,,,,,,,,,,,,,,,,,,,,,,,,,,,,,,,,,,,,,,,,,,,,,,,,,,,,,,,,,,,,,,,,,,,,,,,,,,,,,,,,,,,,,,,,,,,,,,,,,,,,,,,,,,,,,,,,,,,,,,,,,,,,,,,,,,,,,,,,,,,,,,,,,,,,,,,,,,,,,,,,,,,,,,,,,,,,,,,,,,,,,,,,,,,,,,,,,,,,,,,,,,,,,,,,,,,,,,,,,,,,,,,,,,,,,,,,,,,,,,,,,,,,,,,,,,,,,,,,,,,,,,,,,,,,,,,,,,,,,,,,,,,,,,,,,,,,,,,,,,,,,,,,,18-24,Male,,High school graduate,,Hispanic or Latino,,1,0.510016823
R_13xQV8DQqMkiZI0,Financial Advisor,,,,,,,,,,,,,,,,,,,,,,,,,,,,,,,,,,,,,,,,,,,,,,,,,,,,,,,,,,,,,,,,,,,,,,,,,,,,,,,,,,,,,,,,,,,,,,,,,,,,,,,,,,,,,,,,,,,,,,,,,,,,,,,,,,,,,,,,,,,,,,,,,,,,,,,,,,,,,,,,,,,,,,,,,,,,,,,,,,,,,,,,,,,,,,,,,,,,,,,,,,,,,,,,,,,,,,,,,,,,,,,,,,,,,,,,,,,,,,,,,,,,,,,,,,,,,,,,,,,,,,,,,,,,,,,,,,,,,,,,,,,,,,,,,,,,,,,,,,,,,,,,,,,,,,,,,,,,,,,,,,,,,,,,,,,,,,,,,,,,,,,,,,,,,,,,,,,,,,,,,,,,,,,,,,,,,,,,,,,,,,,,,,,,,,,,,,,,,,,,,,,,,,,,,,,,,,,,,,,,,,,,,,,,,,,,,,,,,,,,,,,,,,,,,,,,,,,,,,,,,,,,,,,,,,,,,,,,,,,,,,,,,,,,,,,,,,,,,,,,,100,83,86,29,89,100,74,60,100,88,100,93,100,44,13,0,42,92,100,100,100,100,70,83,99,62,100,59,100,91,100,100,12,100,100,44,93,52,100,79,94,100,0,100,100,89,90,100,100,92,81,100,100,100,100,100,100,100,85,52,35,100,100,100,100,100,100,100,91,92,89,100,99,43,47,80,100,89,100,68,100,63,7,100,86,100,100,95,98,12,77,100,100,100,100,98,54,67,21,100,100,100,96,100,25,84,100,100,84,93,100,100,100,91,100,100,33,100,80,100,78,100,100,100,100,100,92,35,28,99,22,50,100,84,96,100,100,98,100,83,78,87,15,100,100,41,79,99,100,94,94,44,100,31,92,100,85,99,35,100,96,100,100,100,100,100,100,,,,,,,,,,,,,,,,,,,,,,,,,,,,,,,,,,,,,,,,,,,,,,,,,,,,,,,,,,,,,,,,,,,,,,,,,,,,,,,,,,,,,,,,,,,,,,,,,,,,,,,,,,,,,,,,,,,,,,,,,,,,,,,,,,,,,,,,,,,,,,,,,,,,,,,,,,,,,,,,,,,,,,,,,,,,,,,,,,,,,,,,,,,,,,,,,,,,,,,,,,,,,,,,,,,,,,,,,,,,,,,,,,,,,,,,,,,,,,,,,,,,,,,,,,,,,,,,,,,,,,,,,,,,,,,,,,,,,,,,,,,,,,,,,,,,,,,,,,,,,,,,,,,,,,,,,,,,,,,,,,,,,,,,,,,25-34,Male,,High school graduate,,American Indian or Alaskan Native,,4,0.606365635
R_39ssa6vAzVeKgSJ,Retail Sales Associate,,,,,,,,,,,,,,,,,,,,,,,,,,,,,,,,,,,,,,,,,,,,,,,,,,,,,,,,,,,,,,,,,,,,,,,,,,,,,,,,,,,,,,,,,,,,,,,,,,,,,,,,,,,,,,,,,,,,,,,,,,,,,,,,,,,,,,,,,,,,,,,,,,,,,,,,,,,,,,,,,,,,,,,,,,,,,,,,,,,,,,,,,,,,,,,,,,,,,,,,,,,,,,,,,,,,,,,,,,,,,,,,,,,,,,,,,,,,,,,,,,,,,,,,,,,,,,,,,,,,,,,,,,,,,,,,,,,,,,,,,,,,,,,,,,,,,,,,,,,,,,,,,,,,,,,,,,,,,,,,,,,,,,,,,,,,,,100,100,100,100,100,95,100,100,95,100,100,100,100,100,100,100,100,100,100,100,100,100,100,100,100,100,100,100,100,100,90,100,95,100,100,100,100,100,100,100,95,100,95,100,100,100,100,95,100,100,100,100,100,95,95,100,100,95,100,100,100,100,100,100,100,100,100,100,100,100,100,100,95,100,100,100,100,100,100,100,85,95,100,100,100,100,100,100,100,100,100,95,100,100,100,100,95,95,95,100,95,100,95,100,100,95,100,100,95,100,100,100,100,100,100,100,95,100,95,100,100,95,100,95,100,100,100,100,95,95,100,100,100,95,100,95,95,100,100,100,100,100,100,100,100,100,95,100,100,95,100,100,100,100,95,100,100,95,100,95,100,100,95,100,100,95,95,,,,,,,,,,,,,,,,,,,,,,,,,,,,,,,,,,,,,,,,,,,,,,,,,,,,,,,,,,,,,,,,,,,,,,,,,,,,,,,,,,,,,,,,,,,,,,,,,,,,,,,,,,,,,,,,,,,,,,,,,,,,,,,,,,,,,,,,,,,,,,,,,,,,,,,,,,,,,,,,,,,,,,,,,,,,,,,,,,,,,,,,,,,,,,,,,,,,,,,,,,,,,,,,,,,,,,,,,,,,,,,,,,,,,,,,,,,,,,,,,,,,,,,,,,,,,,,,,,,,,,,,,,,,,,,,,,,,,,,,,,,,,,,,,,,,,,,,,,,,,,,,,,,,,,,,,,,,,,,,,,,,,,,,,,,,,,,,,,,,,,,,,,,,,,,,,,,,,,,,,,,,,,,,,,,,,,,,,,,,,,,,,,,,,,,,,,,,,,,,,,,,,,,,,,,,,,,,,,,,,,,,,,,,,,,,,,,,,,,,,,,,,,,,,,,,,,,,,,,,,,,,,,,,,,,,,,,,,,,,,,,,,,,,,,,,,,,,,,25-34,Female,,Graduate degree,,White / Caucasian,,3,0.776954655
R_5MUQL9xAjEEqNTb,Financial Advisor,,,,,,,,,,,,,,,,,,,,,,,,,,,,,,,,,,,,,,,,,,,,,,,,,,,,,,,,,,,,,,,,,,,,,,,,,,,,,,,,,,,,,,,,,,,,,,,,,,,,,,,,,,,,,,,,,,,,,,,,,,,,,,,,,,,,,,,,,,,,,,,,,,,,,,,,,,,,,,,,,,,,,,,,,,,,,,,,,,,,,,,,,,,,,,,,,,,,,,,,,,,,,,,,,,,,,,,,,,,,,,,,,,,,,,,,,,,,,,,,,,,,,,,,,,,,,,,,,,,,,,,,,,,,,,,,,,,,,,,,,,,,,,,,,,,,,,,,,,,,,,,,,,,,,,,,,,,,,,,,,,,,,,,,,,,,,,,,,,,,,,,,,,,,,,,,,,,,,,,,,,,,,,,,,,,,,,,,,,,,,,,,,,,,,,,,,,,,,,,,,,,,,,,,,,,,,,,,,,,,,,,,,,,,,,,,,,,,,,,,,,,,,,,,,,,,,,,,,,,,,,,,,,,,,,,,,,,,,,,,,,,,,,,,,,,,,,,,,,,,,,,,,,,,,,,,,,,,,,,,,,,,,,,,,,,,,,,,,,,,,,,,,,,,,,,,,,,,,,,,,,,,,,,,,,,,,,,,,,,,,,,,,,,,,,,,,,,,,,,,,,,,,,,,,,,,,,,,,,,,,,,,,,,,,,,,,,,,,,,,,,,,,,,,,,,,,,,,,,,,,,,,,,,,93,85,91,54,89,93,93,91,95,88,94,92,82,90,90,91,91,94,88,89,94,91,94,92,79,91,87,92,87,92,87,95,88,91,92,85,90,89,91,93,93,83,93,86,89,90,94,80,92,90,93,91,94,90,84,93,92,91,80,92,93,89,94,92,88,90,87,86,85,87,92,90,92,93,93,6,94,95,91,92,92,90,89,90,92,90,91,92,90,94,94,82,92,93,91,93,95,91,90,86,93,91,91,90,92,90,89,94,89,92,91,91,92,82,95,90,92,94,91,91,92,92,90,86,91,6,92,87,89,92,91,91,14,69,92,93,89,92,83,91,93,93,94,92,89,84,93,90,86,95,89,94,91,95,53,90,88,93,90,94,94,89,89,7,,,,,,,,,,,,,,,,,,,,,,,,,,,,,,,,,,,,,,,,,,,,,,,,,,,,,,,,,,,,,,,,,,,,,,,,,,,,,,,,,,,,,,,,,,,,,,,,,,,,,,,,,,,,,,,,,,,,,,,,,,,,,,,,,,,,,,,,,,,,,,,,,,,,,,,,,,,,,,,,,,,,,,,18-24,Male,,Some college,,Black or African American,,5,0.937709725
R_7J9v7Y1MMnptr1w,Risk Analyst,,,,,,,,,,,,,,,,,,,,,,,,,,,,,,,,,,,,,,,,,,,,,,,,,,,,,,,,,,,,,,,,,,,,,,,,,,,,,,,,,,,,,,,,,,,,,,,,,,,,,,,,,,,,,,,,,,,,,,,,,,,,,,,,,,,,,,,,,,,,,,,,,,,,,,,,,,,,,,,,,,,,,,,,,,,,,,,,,,,,,,,,,,,,,,,,,,,,,,,,,,,,,,,,,,,,,,,,,,,,,,,,,,,,,,,,,,,,,,,,,,,,,,,,,,,,,,,,,,,,,,,,,,,,,,,,,,,,,,,,,,,,,,,,,,,,,,,,,,,,,,,,,,,,,,,,,,,,,,,,,,,,,,,,,,,,,,,,,,,,,,,,,,,,,,,,,,,,,,,,,,,,,,,,,,,,,,,,,,,,,,,,,,,,,,,,,,,,,,,,,,,,,,,,,,,,,,,,,,,,,,,,,,,,,,,,,,,,,,,,,,,,,,,,,,,,,,,,,,,,,,,,,,,,,,,,,,,,,,,,,,,,,,,,,,,,,,,,,,,,,,,,,,,,,,,,,,,,,,,,,,,,,,,,,,,,,,,,,,,,,,,,,,,,,,,,,,,,,,,,,,,,,,,,,,,,,,,,,,,,,,,,,,,,,,,,,,,,,,,,,,,,,,,,,,,,,,,,,,,,,,,,,,,,,,,,,,,,,,,,,,,,,,,,,,,,,,,,,,,,,,,,,,,,30,39,45,0,41,7,50,21,75,19,45,33,0,16,44,30,35,42,42,30,20,50,40,15,0,35,0,54,15,25,41,35,10,27,40,19,30,23,15,20,20,40,35,64,38,35,17,5,15,30,28,40,49,5,16,50,35,30,15,26,50,5,6,1,50,26,15,43,15,40,30,30,70,38,19,25,26,59,20,36,10,39,30,50,51,43,50,40,30,34,38,0,50,9,45,20,24,20,35,0,35,58,11,60,19,25,54,50,35,40,21,70,19,27,7,25,9,40,15,48,75,30,24,51,15,15,35,25,30,50,50,30,16,40,23,30,10,25,0,49,56,46,42,30,15,4,32,50,40,40,43,50,33,50,15,40,0,30,32,30,18,7,30,2,,,,,,,,,,,,,,,,,,,,,,,,,,,,,,,,,,,,,,,,,,,,,,,,,,,,,,,,,,,,,,,,,,,,,,,,,,,,,,,,,,,,,,,,,,,,,,,,,,,,,,,,,,,,,,,,,,,,,,,,,,,,,,,,,,,,,,,,,,,,,,,,,,,,,,,,,,,,,,,,,,,,,,,18-24,Male,,High school graduate,,Multiple ethnicity,White/Asian,5,0.590079085
R_1E0tmHLYceIZl3P,Risk Analyst,,,,,,,,,,,,,,,,,,,,,,,,,,,,,,,,,,,,,,,,,,,,,,,,,,,,,,,,,,,,,,,,,,,,,,,,,,,,,,,,,,,,,,,,,,,,,,,,,,,,,,,,,,,,,,,,,,,,,,,,,,,,,,,,,,,,,,,,,,,,,,,,,,,,,,,,,,,,,,,,,,,,,,,,,,,,,,,,,,,,,,,,,,,,,,,,,,,,,,,,,,,,,,,,,,,,,,,,,,,,,,,,,,,,,,,,,,,,,,,,,,,,,,,,,,,,,,,,,,,,,,,,,,,,,,,,,,,,,,,,,,,,,,,,,,,,,,,,,,,,,,,,,,,,,,,,,,,,,,,,,,,,,,,,,,,,,,,,,,,,,,,,,,,,,,,,,,,,,,,,,,,,,,,,,,,,,,,,,,,,,,,,,,,,,,,,,,,,,,,,,,,,,,,,,,,,,,,,,,,,,,,,,,,,,,,,,,,,,,,,,,,,,,,,,,,,,,,,,,,,,,,,,,,,,,,,,,,,,,,,,,,,,,,,,,,,,,,,,,,,,,,,,,,,,,,,,,,,,,,,,,,,,,,,,,,,,,,,,,,,,,,,,,,,,,,,,,,,,,,,,,,,,,,,,,,,,,,,,,,,,,,,,,,,,,,,,,,,,,,,,,,,,,,,,,,,,,,,,,,,,,,,,,,,,,,,,,,,,,,,,,,,,,,,,,,,,,,,,,,,,,,,,,,,,,,,,,,,,,,,,,,,,,,,,,,,,,,,,,,,,,,,,,,,,,,,,,,,,,,,,,,,,,,,,,,,,,,,,,,,,,,,,,,,,,,,,,,,,,,,,,,,,,,,,,,,,,,,,,,,,,,,,,,,,,,,,,,,,,,,,,,,,,,,,,,,,,,,,,,,,,,,,,,,,,,,15,65,70,60,55,100,70,70,90,85,40,72,90,30,25,60,70,50,85,35,55,75,20,50,25,20,55,65,85,55,25,63,45,70,70,85,90,65,90,40,30,95,60,30,50,90,70,60,65,30,45,25,70,90,15,55,50,70,82,40,45,35,70,75,75,35,52,45,20,80,40,15,75,50,75,100,65,70,55,100,40,65,45,55,80,0,85,65,40,90,95,55,45,78,25,85,100,10,62,10,85,80,58,65,33,22,65,35,85,90,30,75,80,30,55,70,57,55,75,85,70,75,65,70,85,35,70,45,70,65,45,95,75,55,85,50,50,100,95,75,75,85,67,90,45,55,45,25,55,80,85,100,40,75,90,45,90,58,65,40,100,80,50,95,75,85,25-34,Male,,Bachelor's degree,,White / Caucasian,,6,0.827747972
R_6oySs3GrilS5a3n,Inventory Manager,,,,,,,,,,,,,,,,,,,,,,,,,,,,,,,,,,,,,,,,,,,,,,,,,,,,,,,,,,,,,,,,,,,,,,,,,,,,,,,,,,,,,,,,,,,,,,,,,,,,,,,,,,,,,,,,,,,,,,,,,,,,,,,,,,,,,,,,,,,,,,,,,,,,,,,,,,,,,,,,,,,,,,,,,,,,,,,,,,,,,,,,,,,,,,,,,,,,,,,,,,,,,,,,,,,,,,,,,,,,,,,,,,,,,,,,,,,,,,,,,,,,,,,,,,,,,,,,,,,,,,,,,,,,,,,,,,,,,,,,,,,,,,,,,,,,,,,,,,,,,,,,,,,,,,,,,,,,,,,,,,,,,,,,,,,,,,75,79,76,70,79,67,76,81,71,82,78,79,80,75,78,74,80,79,83,64,40,80,74,78,84,78,80,84,75,80,78,77,76,80,83,77,76,78,75,75,40,76,79,82,80,83,75,81,70,74,79,79,77,73,77,77,80,20,77,76,81,75,75,81,67,78,76,70,76,78,75,61,17,79,79,83,82,76,82,45,80,74,84,76,76,81,77,84,80,71,75,76,84,83,75,73,80,81,82,83,75,76,77,81,78,79,73,72,69,80,72,73,78,80,80,76,82,78,80,80,79,47,75,52,70,77,77,86,70,80,82,59,65,81,79,74,80,80,83,77,84,77,78,82,82,85,82,81,83,82,76,81,81,75,79,81,75,83,75,79,78,74,80,81,80,51,84,,,,,,,,,,,,,,,,,,,,,,,,,,,,,,,,,,,,,,,,,,,,,,,,,,,,,,,,,,,,,,,,,,,,,,,,,,,,,,,,,,,,,,,,,,,,,,,,,,,,,,,,,,,,,,,,,,,,,,,,,,,,,,,,,,,,,,,,,,,,,,,,,,,,,,,,,,,,,,,,,,,,,,,,,,,,,,,,,,,,,,,,,,,,,,,,,,,,,,,,,,,,,,,,,,,,,,,,,,,,,,,,,,,,,,,,,,,,,,,,,,,,,,,,,,,,,,,,,,,,,,,,,,,,,,,,,,,,,,,,,,,,,,,,,,,,,,,,,,,,,,,,,,,,,,,,,,,,,,,,,,,,,,,,,,,,,,,,,,,,,,,,,,,,,,,,,,,,,,,,,,,,,,,,,,,,,,,,,,,,,,,,,,,,,,,,,,,,,,,,,,,,,,,,,,,,,,,,,,,,,,,,,,,,,,,,,,,,,,,,,,,,,,,,,,,,,,,,,,,,,,,,,,,,,,,,,,,,,,,,,,,,,,,,,,,,,,,,,,18-24,Female,,Some college,,White / Caucasian,,3,0.406188145
R_62WUk2i6FazD1G7,Inventory Manager,,,,,,,,,,,,,,,,,,,,,,,,,,,,,,,,,,,,,,,,,,,,,,,,,,,,,,,,,,,,,,,,,,,,,,,,,,,,,,,,,,,,,,,,,,,,,,,,,,,,,,,,,,,,,,,,,,,,,,,,,,,,,,,,,,,,,,,,,,,,,,,,,,,,,,,,,,,,,,,,,,,,,,,,,,,,,,,,,,,,,,,,,,,,,,,,,,,,,,,,,,,,,,,,,,,,,,,,,,,,,,,,,,,,,,,,,,,,,,,,,,,,,,,,,,,,,,,,,,,,,,,,,,,,,,,,,,,,,,,,,,,,,,,,,,,,,,,,,,,,,,,,,,,,,,,,,,,,,,,,,,,,,,,,,,,,,,,,,,,,,,,,,,,,,,,,,,,,,,,,,,,,,,,,,,,,,,,,,,,,,,,,,,,,,,,,,,,,,,,,,,,,,,,,,,,,,,,,,,,,,,,,,,,,,,,,,,,,,,,,,,,,,,,,,,,,,,,,,,,,,,,,,,,,,,,,,,,,,,,,,,,,,,,,,,,,,,,,,,,,,,,,,,,,,,,,,,,,,,,,,,,,,,,,,,,,,,,,,,,,,,,,,,,,,,,,,,,,,,,,,,,,,,,,,,,,,,,,,,,,,,,,,,,,,,,,,,,,,,,,,,,,,,,,,,,,,,,,,,,,,,,,,,,,,,,,,,,,,,,,,,,,,,,,,,,,,,,,,,,,,,,,,,,,100,100,100,81,100,100,100,100,100,100,100,100,100,100,100,100,100,100,100,100,100,100,100,100,100,100,100,100,91,100,100,100,100,100,100,100,100,100,100,100,100,100,100,100,100,100,100,100,100,100,100,100,100,100,100,100,100,100,80,100,100,100,100,100,100,100,100,100,100,100,100,100,100,100,100,53,100,100,100,100,100,100,100,100,100,100,100,100,100,100,100,100,100,100,100,100,100,100,100,100,100,100,100,100,100,100,100,100,100,100,100,100,100,100,100,100,100,100,100,100,100,100,100,100,100,80,100,100,100,100,100,100,65,100,100,100,100,100,100,100,100,100,100,100,100,100,100,100,100,100,100,100,100,100,100,100,100,100,100,100,100,100,100,80,,,,,,,,,,,,,,,,,,,,,,,,,,,,,,,,,,,,,,,,,,,,,,,,,,,,,,,,,,,,,,,,,,,,,,,,,,,,,,,,,,,,,,,,,,,,,,,,,,,,,,,,,,,,,,,,,,,,,,,,,,,,,,,,,,,,,,,,,,,,,,,,,,,,,,,,,,,,,,,,,,,,,,,25-34,Female,,Graduate degree,,White / Caucasian,,5,1
R_1PmoZJM3KrWcg5X,Financial Advisor,,,,,,,,,,,,,,,,,,,,,,,,,,,,,,,,,,,,,,,,,,,,,,,,,,,,,,,,,,,,,,,,,,,,,,,,,,,,,,,,,,,,,,,,,,,,,,,,,,,,,,,,,,,,,,,,,,,,,,,,,,,,,,,,,,,,,,,,,,,,,,,,,,,,,,,,,,,,,,,,,,,,,,,,,,,,,,,,,,,,,,,,,,,,,,,,,,,,,,,,,,,,,,,,,,,,,,,,,,,,,,,,,,,,,,,,,,,,,,,,,,,,,,,,,,,,,,,,,,,,,,,,,,,,,,,,,,,,,,,,,,,,,,,,,,,,,,,,,,,,,,,,,,,,,,,,,,,,,,,,,,,,,,,,,,,,,,,,,,,,,,,,,,,,,,,,,,,,,,,,,,,,,,,,,,,,,,,,,,,,,,,,,,,,,,,,,,,,,,,,,,,,,,,,,,,,,,,,,,,,,,,,,,,,,,,,,,,,,,,,,,,,,,,,,,,,,,,,,,,,,,,,,,,,,,,,,,,,,,,,,,,,,,,,,,,,,,,,,,,,,,,,,,,,,,,,,,,,,,,,,,,,,,,,,,,,,,,,,,,,,,,,,,,,,,,,,,,,,,,,,,,,,,,,,,,,,,,,,,,,,,,,,,,,,,,,,,,,,,,,,,,,,,,,,,,,,,,,,,,,,,,,,,,,,,,,,,,,,,,,,,,,,,,,,,,,,,,,,,,,,,,,,,,,74,23,68,11,61,47,77,65,74,29,82,71,48,51,66,78,75,68,80,72,53,85,65,90,17,55,59,93,41,56,45,72,59,70,85,51,61,52,75,57,52,69,61,59,93,63,70,71,50,70,60,62,70,57,42,59,93,55,20,76,67,40,91,54,70,52,53,50,45,77,81,60,57,72,41,51,49,75,75,56,30,45,52,82,67,68,78,72,57,54,87,17,81,73,90,73,67,45,62,53,61,79,68,68,56,90,65,65,62,45,44,76,58,43,81,50,61,50,91,86,80,49,62,17,60,87,51,66,76,64,84,30,85,41,56,50,36,69,53,68,64,59,72,58,35,43,43,75,54,94,59,65,67,84,21,55,38,48,39,73,62,64,58,49,,,,,,,,,,,,,,,,,,,,,,,,,,,,,,,,,,,,,,,,,,,,,,,,,,,,,,,,,,,,,,,,,,,,,,,,,,,,,,,,,,,,,,,,,,,,,,,,,,,,,,,,,,,,,,,,,,,,,,,,,,,,,,,,,,,,,,,,,,,,,,,,,,,,,,,,,,,,,,,,,,,,,,,25-34,Female,,Some college,,Asian,,5,0.415558414
R_5CBLA7A676NlHb6,Financial Advisor,73,73,28,15,39,44,38,42,34,40,85,67,15,59,17,12,28,46,37,22,4,36,42,11,17,22,17,20,43,18,44,12,26,37,18,56,24,77,36,9,55,44,20,53,9,18,16,45,10,13,28,86,55,38,21,25,70,54,32,39,66,35,27,49,53,36,18,8,14,40,21,37,17,34,37,22,50,58,52,99,55,70,16,84,57,67,41,20,32,51,68,20,42,46,21,83,33,35,26,35,52,63,13,61,40,21,31,41,21,41,94,29,62,34,81,42,7,59,81,87,66,37,34,26,44,48,53,42,28,7,68,44,47,73,79,35,43,56,65,37,33,84,30,63,14,46,27,33,10,44,68,19,64,34,48,59,52,38,65,31,35,56,38,37,31,64,32,,,,,,,,,,,,,,,,,,,,,,,,,,,,,,,,,,,,,,,,,,,,,,,,,,,,,,,,,,,,,,,,,,,,,,,,,,,,,,,,,,,,,,,,,,,,,,,,,,,,,,,,,,,,,,,,,,,,,,,,,,,,,,,,,,,,,,,,,,,,,,,,,,,,,,,,,,,,,,,,,,,,,,,,,,,,,,,,,,,,,,,,,,,,,,,,,,,,,,,,,,,,,,,,,,,,,,,,,,,,,,,,,,,,,,,,,,,,,,,,,,,,,,,,,,,,,,,,,,,,,,,,,,,,,,,,,,,,,,,,,,,,,,,,,,,,,,,,,,,,,,,,,,,,,,,,,,,,,,,,,,,,,,,,,,,,,,,,,,,,,,,,,,,,,,,,,,,,,,,,,,,,,,,,,,,,,,,,,,,,,,,,,,,,,,,,,,,,,,,,,,,,,,,,,,,,,,,,,,,,,,,,,,,,,,,,,,,,,,,,,,,,,,,,,,,,,,,,,,,,,,,,,,,,,,,,,,,,,,,,,,,,,,,,,,,,,,,,,,,,,,,,,,,,,,,,,,,,,,,,,,,,,,,,,,,,,,,,,,,,,,,,,,,,,,,,,,,,,,,,,,,,,,,,,,,,,,,,,,,,,,,,,,,,,,,,,,,,,,,,,,,,,,,,,,,,,,,,,,,,,,,,,,,,,,,,,,,,,,,,,,,,,,,,,,,,,,,,,,,,,,,,,,,,,,,,,,,,,,,,,,,,,,,,,,,,,,,,,,,,,,,,,,,,,,,,,,,,,,,,,,,,,,,,,,,,,,,,,,,,,,,,,,,,,,,,,,,,,,,,,,,,,,,,,,,,,,,,,,,,,,,,,,,,,,,,,,,,,,,,,,,,,,,,,,,,,,,,,,,,,,,,,,,,,,,18-24,Male,,Bachelor's degree,,White / Caucasian,,1,0.742950624
R_5gN8TMZy6dIFK3H,Retail Sales Associate,,,,,,,,,,,,,,,,,,,,,,,,,,,,,,,,,,,,,,,,,,,,,,,,,,,,,,,,,,,,,,,,,,,,,,,,,,,,,,,,,,,,,,,,,,,,,,,,,,,,,,,,,,,,,,,,,,,,,,,,,,,,,,,,,,,,,,,,,,,,,,,,,,,,,,,,,,,,,,,,,,,,,,,,,,,,,,,,,,,,,,,,,,,,,,,,,,,,,,,,,,,,,,,,,,,,,,,,,,,,,,,,,,,,,,,,,,,,,,,,,,,,,,,,,,,,,,,,,,,,,,,,,,,,,,,,,,,,,,,,,,,,,,,,,,,,,,,,,,,,,,,,,,,,,,,,,,,,,,,,,,,,,,,,,,,,,,,,,,,,,,,,,,,,,,,,,,,,,,,,,,,,,,,,,,,,,,,,,,,,,,,,,,,,,,,,,,,,,,,,,,,,,,,,,,,,,,,,,,,,,,,,,,,,,,,,,,,,,,,,,,,,,,,,,,,,,,,,,,,,,,,,,,,,,,,,,,,,,,,,,,,,,,,,,,,,,,,,,,,,,100,100,100,100,100,100,100,100,100,100,100,100,49,100,100,100,100,100,100,100,100,100,100,100,100,100,100,100,100,100,25,100,100,100,100,100,100,100,100,100,100,100,100,100,100,100,100,100,100,100,100,70,100,100,100,100,100,100,100,21,100,100,100,100,100,100,100,100,100,100,100,100,100,100,100,100,50,100,100,100,100,100,100,100,100,100,79,100,100,85,100,100,100,100,100,100,100,100,100,86,100,100,100,100,100,100,50,100,100,100,100,100,51,100,100,100,100,100,47,100,100,100,100,100,100,100,100,100,100,100,100,100,4,100,100,100,100,100,100,100,100,100,100,100,100,100,100,100,100,100,80,78,100,100,100,100,100,100,100,40,100,100,100,100,100,100,100,,,,,,,,,,,,,,,,,,,,,,,,,,,,,,,,,,,,,,,,,,,,,,,,,,,,,,,,,,,,,,,,,,,,,,,,,,,,,,,,,,,,,,,,,,,,,,,,,,,,,,,,,,,,,,,,,,,,,,,,,,,,,,,,,,,,,,,,,,,,,,,,,,,,,,,,,,,,,,,,,,,,,,,,,,,,,,,,,,,,,,,,,,,,,,,,,,,,,,,,,,,,,,,,,,,,,,,,,,,,,,,,,,,,,,,,,,,,,,,,,,,,,,,,,,,,,,,,,,,,,,,,,,,,,,,,,,,,,,,,,,,,,,,,,,,,,,,,,,,,,,,,,,,,,,,,,,,,,,,,,,,,,,,,,,,18-24,Male,,High school graduate,,White / Caucasian,,4,0.89500364
R_5fl2WacAxhozEi6,Risk Analyst,,,,,,,,,,,,,,,,,,,,,,,,,,,,,,,,,,,,,,,,,,,,,,,,,,,,,,,,,,,,,,,,,,,,,,,,,,,,,,,,,,,,,,,,,,,,,,,,,,,,,,,,,,,,,,,,,,,,,,,,,,,,,,,,,,,,,,,,,,,,,,,,,,,,,,,,,,,,,,,,,,,,,,,,,,,,,,,,,,,,,,,,,,,,,,,,,,,,,,,,,,,,,,,,,,,,,,,,,,,,,,,,,,,,,,,,,,,,,,,,,,,,,,,,,,,,,,,,,,,,,,,,,,,,,,,,,,,,,,,,,,,,,,,,,,,,,,,,,,,,,,,,,,,,,,,,,,,,,,,,,,,,,,,,,,,,,,,,,,,,,,,,,,,,,,,,,,,,,,,,,,,,,,,,,,,,,,,,,,,,,,,,,,,,,,,,,,,,,,,,,,,,,,,,,,,,,,,,,,,,,,,,,,,,,,,,,,,,,,,,,,,,,,,,,,,,,,,,,,,,,,,,,,,,,,,,,,,,,,,,,,,,,,,,,,,,,,,,,,,,,,,,,,,,,,,,,,,,,,,,,,,,,,,,,,,,,,,,,,,,,,,,,,,,,,,,,,,,,,,,,,,,,,,,,,,,,,,,,,,,,,,,,,,,,,,,,,,,,,,,,,,,,,,,,,,,,,,,,,,,,,,,,,,,,,,,,,,,,,,,,,,,,,,,,,,,,,,,,,,,,,,,,,,,50,33,48,6,42,46,66,60,43,41,54,38,54,28,43,24,57,65,55,54,36,44,63,32,24,57,45,55,29,54,49,68,59,49,55,39,41,41,56,51,50,51,35,41,72,45,56,41,33,70,60,47,61,37,35,40,56,41,32,64,66,44,50,27,66,50,43,48,47,70,70,48,49,67,46,29,41,71,42,41,36,51,52,56,53,52,62,65,63,41,61,38,50,67,52,43,50,36,42,33,43,69,48,58,36,61,46,55,56,42,38,78,64,43,73,49,30,45,42,46,54,49,60,39,28,60,39,70,55,38,60,44,34,58,44,53,47,61,56,56,67,42,55,42,31,40,45,65,50,45,40,57,60,63,38,50,37,31,48,69,42,36,27,59,,,,,,,,,,,,,,,,,,,,,,,,,,,,,,,,,,,,,,,,,,,,,,,,,,,,,,,,,,,,,,,,,,,,,,,,,,,,,,,,,,,,,,,,,,,,,,,,,,,,,,,,,,,,,,,,,,,,,,,,,,,,,,,,,,,,,,,,,,,,,,,,,,,,,,,,,,,,,,,,,,,,,,,25-34,Male,,Bachelor's degree,,White / Caucasian,,5,0.921979446
R_7NCYrDZnEfjxOVj,Retail Sales Associate,,,,,,,,,,,,,,,,,,,,,,,,,,,,,,,,,,,,,,,,,,,,,,,,,,,,,,,,,,,,,,,,,,,,,,,,,,,,,,,,,,,,,,,,,,,,,,,,,,,,,,,,,,,,,,,,,,,,,,,,,,,,,,,,,,,,,,,,,,,,,,,,,,,,,,,,,,,,,,,,,,,,,,,,,,,,,,,,,,,,,,,,,,,,,,,,,,,,,,,,,,,,,,,,,,,,,,,,,,,,,,,,,,,,,,,,,,,,,,,,,,,,,,,,,,,,,,,,,,,,,,,,,,,,,,,,,,,,,,,,,,,,,,,,,,,,,,,,,,,,,,,,,,,,,,,,,,,,,,,,,,,,,,,,,,,,,,,,,,,,,,,,,,,,,,,,,,,,,,,,,,,,,,,,,,,,,,,,,,,,,,,,,,,,,,,,,,,,,,,,,,,,,,,,,,,,,,,,,,,,,,,,,,,,,,,,,,,,,,,,,,,,,,,,,,,,,,,,,,,,,,,,,,,,,,,,,,,,,,,,,,,,,,,,,,,,,,,,,,,,,57,55,14,21,45,22,78,22,78,28,27,33,60,80,24,26,37,68,81,22,22,67,52,72,21,66,42,31,19,50,71,50,66,43,63,19,73,73,50,68,74,53,33,23,72,23,72,90,22,54,29,32,68,56,72,29,26,69,27,24,25,15,47,39,38,23,80,24,29,51,21,29,26,21,63,68,45,26,73,40,35,31,26,23,74,26,84,29,77,51,20,78,21,74,74,77,63,18,29,66,14,23,70,55,75,53,72,68,66,15,79,45,30,20,94,22,23,67,79,44,29,55,60,66,23,31,21,26,67,20,37,20,75,15,78,26,89,67,34,25,81,23,47,61,66,45,16,29,74,29,51,34,27,56,73,64,29,72,17,70,25,69,69,71,54,18,69,,,,,,,,,,,,,,,,,,,,,,,,,,,,,,,,,,,,,,,,,,,,,,,,,,,,,,,,,,,,,,,,,,,,,,,,,,,,,,,,,,,,,,,,,,,,,,,,,,,,,,,,,,,,,,,,,,,,,,,,,,,,,,,,,,,,,,,,,,,,,,,,,,,,,,,,,,,,,,,,,,,,,,,,,,,,,,,,,,,,,,,,,,,,,,,,,,,,,,,,,,,,,,,,,,,,,,,,,,,,,,,,,,,,,,,,,,,,,,,,,,,,,,,,,,,,,,,,,,,,,,,,,,,,,,,,,,,,,,,,,,,,,,,,,,,,,,,,,,,,,,,,,,,,,,,,,,,,,,,,,,,,,,,,,,,18-24,Female,,Bachelor's degree,,Black or African American,,4,0.797070026
R_3qxUPILeFmayQAQ,Financial Advisor,100,80,79,82,85,17,72,96,24,18,61,62,40,94,40,13,35,62,37,84,100,100,72,34,41,25,79,92,14,82,13,10,100,16,21,63,91,97,6,85,95,100,51,78,84,61,27,51,82,58,99,94,49,38,56,76,100,96,74,34,100,75,31,73,95,100,100,18,36,65,67,25,62,28,72,57,43,94,99,91,21,100,80,100,83,70,72,100,16,66,100,55,87,30,76,18,54,100,51,47,98,55,26,51,43,100,100,70,33,56,100,25,26,20,100,47,34,100,92,91,100,44,72,81,11,93,49,42,48,100,100,66,75,64,99,100,38,99,55,100,41,100,68,55,48,21,59,22,24,72,100,100,74,72,51,53,79,78,28,81,74,26,45,100,50,76,100,,,,,,,,,,,,,,,,,,,,,,,,,,,,,,,,,,,,,,,,,,,,,,,,,,,,,,,,,,,,,,,,,,,,,,,,,,,,,,,,,,,,,,,,,,,,,,,,,,,,,,,,,,,,,,,,,,,,,,,,,,,,,,,,,,,,,,,,,,,,,,,,,,,,,,,,,,,,,,,,,,,,,,,,,,,,,,,,,,,,,,,,,,,,,,,,,,,,,,,,,,,,,,,,,,,,,,,,,,,,,,,,,,,,,,,,,,,,,,,,,,,,,,,,,,,,,,,,,,,,,,,,,,,,,,,,,,,,,,,,,,,,,,,,,,,,,,,,,,,,,,,,,,,,,,,,,,,,,,,,,,,,,,,,,,,,,,,,,,,,,,,,,,,,,,,,,,,,,,,,,,,,,,,,,,,,,,,,,,,,,,,,,,,,,,,,,,,,,,,,,,,,,,,,,,,,,,,,,,,,,,,,,,,,,,,,,,,,,,,,,,,,,,,,,,,,,,,,,,,,,,,,,,,,,,,,,,,,,,,,,,,,,,,,,,,,,,,,,,,,,,,,,,,,,,,,,,,,,,,,,,,,,,,,,,,,,,,,,,,,,,,,,,,,,,,,,,,,,,,,,,,,,,,,,,,,,,,,,,,,,,,,,,,,,,,,,,,,,,,,,,,,,,,,,,,,,,,,,,,,,,,,,,,,,,,,,,,,,,,,,,,,,,,,,,,,,,,,,,,,,,,,,,,,,,,,,,,,,,,,,,,,,,,,,,,,,,,,,,,,,,,,,,,,,,,,,,,,,,,,,,,,,,,,,,,,,,,,,,,,,,,,,,,,,,,,,,,,,,,,,,,,,,,,,,,,,,,,,,,,,,,,,,,,,,,,,,,,,,,,,,,,,,,,,,,,,,,,,,,,,,,,,,,,,,,45-54,Female,,Some college,,White / Caucasian,,1,0.541479104
R_2NL2ZMJVgD9wSeB,Financial Advisor,,,,,,,,,,,,,,,,,,,,,,,,,,,,,,,,,,,,,,,,,,,,,,,,,,,,,,,,,,,,,,,,,,,,,,,,,,,,,,,,,,,,,,,,,,,,,,,,,,,,,,,,,,,,,,,,,,,,,,,,,,,,,,,,,,,,,,,,,,,,,,,,,,,,,,,,,,,,,,,,,,,,,,,,54,25,53,61,55,30,56,60,55,47,14,63,37,54,44,52,54,65,60,70,36,32,53,60,55,55,40,45,59,55,55,55,45,55,63,56,54,61,60,46,55,0,67,60,25,66,58,25,45,45,55,0,45,39,55,39,75,60,61,56,56,30,69,56,25,55,58,60,61,40,43,60,55,65,46,45,55,35,45,59,20,56,70,55,60,55,1,56,45,55,32,30,45,70,54,65,45,55,0,44,25,45,61,61,42,45,45,60,55,60,43,51,52,55,45,0,60,57,35,40,30,42,43,40,35,66,55,53,57,60,70,60,45,25,55,70,25,39,59,54,55,27,45,66,39,25,67,45,70,55,38,55,57,70,60,58,33,20,62,56,55,45,42,0,48,45,,,,,,,,,,,,,,,,,,,,,,,,,,,,,,,,,,,,,,,,,,,,,,,,,,,,,,,,,,,,,,,,,,,,,,,,,,,,,,,,,,,,,,,,,,,,,,,,,,,,,,,,,,,,,,,,,,,,,,,,,,,,,,,,,,,,,,,,,,,,,,,,,,,,,,,,,,,,,,,,,,,,,,,,,,,,,,,,,,,,,,,,,,,,,,,,,,,,,,,,,,,,,,,,,,,,,,,,,,,,,,,,,,,,,,,,,,,,,,,,,,,,,,,,,,,,,,,,,,,,,,,,,,,,,,,,,,,,,,,,,,,,,,,,,,,,,,,,,,,,,,,,,,,,,,,,,,,,,,,,,,,,,,,,,,,,,,,,,,,,,,,,,,,,,,,,,,,,,,,,,,,,,,,,,,,,,,,,,,,,,,,,,,,,,,,,,,,,,,,,,,,,,,,,,,,,,,,,,,,,,,,,,,,,,,,,,,,,,,,,,,,,,,,,,,,,,,,,,,,,,,,,,,,,,,,,,,,,,,,,,,,,,,,,,,,,,,,,,,,,,,,,,,,,,,,,,,,,,,,,,,,,,,,,,,,,,,,,,,,,,,,,,,,,,,,,,,,,,,,,,,,,,,,,,,,,,,,,,,,,,,,,,,,,,,,,,,,,,,,,,,,,,,,,,,,,,,,,,,,,,,,,,,,,,,,,,,,,,,,,,,,,,,,,,,,,,,,,,,,,,,,,,25-34,Female,,Bachelor's degree,,White / Caucasian,,2,0.706596867
R_7PjitZlc20O7UCT,Risk Analyst,,,,,,,,,,,,,,,,,,,,,,,,,,,,,,,,,,,,,,,,,,,,,,,,,,,,,,,,,,,,,,,,,,,,,,,,,,,,,,,,,,,,,,,,,,,,,,,,,,,,,,,,,,,,,,,,,,,,,,,,,,,,,,,,,,,,,,,,,,,,,,,,,,,,,,,,,,,,,,,,,,,,,,,,,,,,,,,,,,,,,,,,,,,,,,,,,,,,,,,,,,,,,,,,,,,,,,,,,,,,,,,,,,,,,,,,,,,,,,,,,,,,,,,,,,,,,,,,,,,,,,,,,,,,,,,,,,,,,,,,,,,,,,,,,,,,,,,,,,,,,,,,,,,,,,,,,,,,,,,,,,,,,,,,,,,,,,,,,,,,,,,,,,,,,,,,,,,,,,,,,,,,,,,,,,,,,,,,,,,,,,,,,,,,,,,,,,,,,,,,,,,,,,,,,,,,,,,,,,,,,,,,,,,,,,,,,,,,,,,,,,,,,,,,,,,,,,,,,,,,,,,,,,,,,,,,,,,,,,,,,,,,,,,,,,,,,,,,,,,,,47,67,71,66,61,92,87,78,69,76,65,57,67,60,68,36,75,93,66,58,51,62,75,72,66,73,53,65,81,70,32,39,57,76,66,36,70,31,58,36,70,75,80,62,63,53,64,61,66,66,70,76,26,77,49,63,75,63,71,75,72,57,63,73,60,63,33,63,72,71,72,76,57,68,60,59,73,69,73,89,73,86,88,71,71,41,65,52,58,50,92,63,93,47,66,73,51,53,70,46,74,50,78,74,69,71,68,76,49,71,69,52,64,44,61,61,42,74,75,68,72,70,60,73,49,56,29,86,75,70,20,80,33,62,62,58,48,52,62,59,64,65,71,48,82,79,65,81,62,71,74,84,41,58,68,72,79,63,71,73,89,58,69,68,77,79,63,,,,,,,,,,,,,,,,,,,,,,,,,,,,,,,,,,,,,,,,,,,,,,,,,,,,,,,,,,,,,,,,,,,,,,,,,,,,,,,,,,,,,,,,,,,,,,,,,,,,,,,,,,,,,,,,,,,,,,,,,,,,,,,,,,,,,,,,,,,,,,,,,,,,,,,,,,,,,,,,,,,,,,,,,,,,,,,,,,,,,,,,,,,,,,,,,,,,,,,,,,,,,,,,,,,,,,,,,,,,,,,,,,,,,,,,,,,,,,,,,,,,,,,,,,,,,,,,,,,,,,,,,,,,,,,,,,,,,,,,,,,,,,,,,,,,,,,,,,,,,,,,,,,,,,,,,,,,,,,,,,,,,,,,,,,25-34,Male,,Bachelor's degree,,Black or African American,,4,0.033091731
R_1OrAGJswMD5yNM0,Retail Sales Associate,26,64,84,68,58,79,53,40,28,70,91,25,57,25,39,55,35,86,20,55,58,80,64,27,19,60,54,57,73,48,49,55,25,63,50,40,36,19,84,60,60,79,55,90,38,85,61,70,61,26,76,55,70,72,70,66,43,40,71,45,15,64,66,73,46,79,66,74,45,74,80,70,63,33,65,31,33,49,59,43,58,61,63,59,77,44,57,62,55,64,71,70,75,82,86,41,65,55,51,74,30,40,57,70,84,40,52,70,35,61,52,42,81,32,38,63,62,34,54,35,21,78,24,65,48,61,64,75,61,42,70,47,52,70,34,66,62,45,59,74,64,80,60,75,16,75,17,44,43,72,49,74,57,28,70,53,59,74,64,83,64,76,76,27,30,70,72,,,,,,,,,,,,,,,,,,,,,,,,,,,,,,,,,,,,,,,,,,,,,,,,,,,,,,,,,,,,,,,,,,,,,,,,,,,,,,,,,,,,,,,,,,,,,,,,,,,,,,,,,,,,,,,,,,,,,,,,,,,,,,,,,,,,,,,,,,,,,,,,,,,,,,,,,,,,,,,,,,,,,,,,,,,,,,,,,,,,,,,,,,,,,,,,,,,,,,,,,,,,,,,,,,,,,,,,,,,,,,,,,,,,,,,,,,,,,,,,,,,,,,,,,,,,,,,,,,,,,,,,,,,,,,,,,,,,,,,,,,,,,,,,,,,,,,,,,,,,,,,,,,,,,,,,,,,,,,,,,,,,,,,,,,,,,,,,,,,,,,,,,,,,,,,,,,,,,,,,,,,,,,,,,,,,,,,,,,,,,,,,,,,,,,,,,,,,,,,,,,,,,,,,,,,,,,,,,,,,,,,,,,,,,,,,,,,,,,,,,,,,,,,,,,,,,,,,,,,,,,,,,,,,,,,,,,,,,,,,,,,,,,,,,,,,,,,,,,,,,,,,,,,,,,,,,,,,,,,,,,,,,,,,,,,,,,,,,,,,,,,,,,,,,,,,,,,,,,,,,,,,,,,,,,,,,,,,,,,,,,,,,,,,,,,,,,,,,,,,,,,,,,,,,,,,,,,,,,,,,,,,,,,,,,,,,,,,,,,,,,,,,,,,,,,,,,,,,,,,,,,,,,,,,,,,,,,,,,,,,,,,,,,,,,,,,,,,,,,,,,,,,,,,,,,,,,,,,,,,,,,,,,,,,,,,,,,,,,,,,,,,,,,,,,,,,,,,,,,,,,,,,,,,,,,,,,,,,,,,,,,,,,,,,,,,,,,,,,,,,,,,,,,,,,,,,,,,,,,,,,,,,,,,,,,45-54,Female,,Some college,,Hispanic or Latino,,1,0.828349075
R_6RxqCmgHmRWltSl,Retail Sales Associate,,,,,,,,,,,,,,,,,,,,,,,,,,,,,,,,,,,,,,,,,,,,,,,,,,,,,,,,,,,,,,,,,,,,,,,,,,,,,,,,,,,,,,,,,,,,,,,,,,,,,,,,,,,,,,,,,,,,,,,,,,,,,,,,,,,,,,,,,,,,,,,,,,,,,,,,,,,,,,,,,,,,,,,,,,,,,,,,,,,,,,,,,,,,,,,,,,,,,,,,,,,,,,,,,,,,,,,,,,,,,,,,,,,,,,,,,,,,,,,,,,,,,,,,,,,,,,,,,,,,,,,,,,,,,,,,,,,,,,,,,,,,,,,,,,,,,,,,,,,,,,,,,,,,,,,,,,,,,,,,,,,,,,,,,,,,,,,,,,,,,,,,,,,,,,,,,,,,,,,,,,,,,,,,,,,,,,,,,,,,,,,,,,,,,,,,,,,,,,,,,,,,,,,,,,,,,,,,,,,,,,,,,,,,,,,,,,,,,,,,,,,,,,,,,,,,,,,,,,,,,,,,,,,,,,,,,,,,,,,,,,,,,,,,,,,,,,,,,,,,,,,,,,,,,,,,,,,,,,,,,,,,,,,,,,,,,,,,,,,,,,,,,,,,,,,,,,,,,,,,,,,,,,,,,,,,,,,,,,,,,,,,,,,,,,,,,,,,,,,,,,,,,,,,,,,,,,,,,,,,,,,,,,,,,,,,,,,,,,,,,,,,,,,,,,,,,,,,,,,,,,,,,,,,55,75,55,20,55,20,10,15,70,45,30,40,15,60,45,55,65,10,60,20,45,75,10,55,70,60,10,15,60,26,65,10,15,45,55,15,35,60,40,50,60,10,55,40,10,45,20,55,75,15,40,40,45,45,65,20,40,45,60,45,30,40,70,55,5,65,10,75,55,55,10,30,55,15,70,60,65,50,45,45,50,15,55,55,45,55,10,10,15,10,50,65,30,5,60,30,45,55,65,65,15,15,10,40,65,10,20,10,60,60,70,5,10,45,5,30,75,40,45,55,70,75,55,40,55,60,55,10,30,55,15,55,35,60,70,55,45,30,10,30,10,65,20,65,70,45,70,10,55,65,65,45,25,15,60,40,30,65,100,5,45,15,70,60,,,,,,,,,,,,,,,,,,,,,,,,,,,,,,,,,,,,,,,,,,,,,,,,,,,,,,,,,,,,,,,,,,,,,,,,,,,,,,,,,,,,,,,,,,,,,,,,,,,,,,,,,,,,,,,,,,,,,,,,,,,,,,,,,,,,,,,,,,,,,,,,,,,,,,,,,,,,,,,,,,,,,,,45-54,Female,,Bachelor's degree,,Asian,,5,0.52779657
R_7frTMJnUP2weXEN,Inventory Manager,,,,,,,,,,,,,,,,,,,,,,,,,,,,,,,,,,,,,,,,,,,,,,,,,,,,,,,,,,,,,,,,,,,,,,,,,,,,,,,,,,,,,,,,,,,,,,,,,,,,,,,,,,,,,,,,,,,,,,,,,,,,,,,,,,,,,,,,,,,,,,,,,,,,,,,,,,,,,,,,,,,,,,,,,,,,,,,,,,,,,,,,,,,,,,,,,,,,,,,,,,,,,,,,,,,,,,,,,,,,,,,,,,,,,,,,,,,,,,,,,,,,,,,,,,,,,,,,,,,,,,,,,,,,,,,,,,,,,,,,,,,,,,,,,,,,,,,,,,,,,,,,,,,,,,,,,,,,,,,,,,,,,,,,,,,,,,,,,,,,,,,,,,,,,,,,,,,,,,,,,,,,,,,,,,,,,,,,,,,,,,,,,,,,,,,,,,,,,,,,,,,,,,,,,,,,,,,,,,,,,,,,,,,,,,,,,,,,,,,,,,,,,,,,,,,,,,,,,,,,,,,,,,,,,,,,,,,,,,,,,,,,,,,,,,,,,,,,,,,,,78,18,12,78,56,33,63,24,62,81,61,38,78,44,37,39,48,72,72,27,45,57,85,47,46,24,12,21,32,40,75,49,72,3,43,4,85,71,72,48,80,15,87,32,15,33,53,27,22,78,62,69,77,28,48,34,8,31,34,47,51,75,49,84,85,78,68,40,4,80,28,76,62,48,88,77,68,49,81,47,9,32,70,23,64,72,38,19,78,75,78,46,26,33,69,70,21,50,55,72,73,15,67,17,24,55,72,31,49,61,48,34,76,71,81,31,61,65,49,54,11,37,68,50,85,74,29,63,74,75,20,22,82,39,10,48,65,72,16,21,72,50,83,53,48,64,76,31,39,27,70,63,76,56,47,38,31,16,49,41,5,75,34,48,51,48,28,,,,,,,,,,,,,,,,,,,,,,,,,,,,,,,,,,,,,,,,,,,,,,,,,,,,,,,,,,,,,,,,,,,,,,,,,,,,,,,,,,,,,,,,,,,,,,,,,,,,,,,,,,,,,,,,,,,,,,,,,,,,,,,,,,,,,,,,,,,,,,,,,,,,,,,,,,,,,,,,,,,,,,,,,,,,,,,,,,,,,,,,,,,,,,,,,,,,,,,,,,,,,,,,,,,,,,,,,,,,,,,,,,,,,,,,,,,,,,,,,,,,,,,,,,,,,,,,,,,,,,,,,,,,,,,,,,,,,,,,,,,,,,,,,,,,,,,,,,,,,,,,,,,,,,,,,,,,,,,,,,,,,,,,,,,45-54,Female,,Bachelor's degree,,White / Caucasian,,4,0.50346095
R_7lnk92Z0CMENXK9,Retail Sales Associate,50,50,50,50,50,50,50,50,50,50,50,50,50,50,50,50,50,50,50,50,50,50,50,50,50,50,50,50,50,50,50,50,50,50,50,50,50,50,51,50,50,50,50,50,50,50,50,50,50,50,50,50,50,50,50,50,50,50,50,50,50,50,50,50,50,50,50,50,50,50,50,50,50,50,50,50,50,50,50,50,50,50,50,50,50,50,50,50,50,50,50,50,50,50,50,50,49,50,50,50,50,50,50,50,50,50,50,50,50,50,50,50,50,50,50,50,50,50,50,50,50,50,50,50,50,50,50,50,50,50,50,50,50,50,50,50,50,49,50,51,50,50,50,50,50,50,51,50,50,50,50,50,50,50,50,50,50,50,50,50,50,50,50,50,51,50,50,,,,,,,,,,,,,,,,,,,,,,,,,,,,,,,,,,,,,,,,,,,,,,,,,,,,,,,,,,,,,,,,,,,,,,,,,,,,,,,,,,,,,,,,,,,,,,,,,,,,,,,,,,,,,,,,,,,,,,,,,,,,,,,,,,,,,,,,,,,,,,,,,,,,,,,,,,,,,,,,,,,,,,,,,,,,,,,,,,,,,,,,,,,,,,,,,,,,,,,,,,,,,,,,,,,,,,,,,,,,,,,,,,,,,,,,,,,,,,,,,,,,,,,,,,,,,,,,,,,,,,,,,,,,,,,,,,,,,,,,,,,,,,,,,,,,,,,,,,,,,,,,,,,,,,,,,,,,,,,,,,,,,,,,,,,,,,,,,,,,,,,,,,,,,,,,,,,,,,,,,,,,,,,,,,,,,,,,,,,,,,,,,,,,,,,,,,,,,,,,,,,,,,,,,,,,,,,,,,,,,,,,,,,,,,,,,,,,,,,,,,,,,,,,,,,,,,,,,,,,,,,,,,,,,,,,,,,,,,,,,,,,,,,,,,,,,,,,,,,,,,,,,,,,,,,,,,,,,,,,,,,,,,,,,,,,,,,,,,,,,,,,,,,,,,,,,,,,,,,,,,,,,,,,,,,,,,,,,,,,,,,,,,,,,,,,,,,,,,,,,,,,,,,,,,,,,,,,,,,,,,,,,,,,,,,,,,,,,,,,,,,,,,,,,,,,,,,,,,,,,,,,,,,,,,,,,,,,,,,,,,,,,,,,,,,,,,,,,,,,,,,,,,,,,,,,,,,,,,,,,,,,,,,,,,,,,,,,,,,,,,,,,,,,,,,,,,,,,,,,,,,,,,,,,,,,,,,,,,,,,,,,,,,,,,,,,,,,,,,,,,,,,,,,,,,,,,,,,,,,,,,,,,,,,,,25-34,Female,,High school graduate,,White / Caucasian,,1,0.034482759
R_31GDDAgmPU3BaaR,Inventory Manager,,,,,,,,,,,,,,,,,,,,,,,,,,,,,,,,,,,,,,,,,,,,,,,,,,,,,,,,,,,,,,,,,,,,,,,,,,,,,,,,,,,,,,,,,,,,,,,,,,,,,,,,,,,,,,,,,,,,,,,,,,,,,,,,,,,,,,,,,,,,,,,,,,,,,,,,,,,,,,,,,,,,,,,,51,61,66,76,62,73,68,67,68,51,40,51,67,78,50,69,66,52,49,62,68,69,64,61,64,50,67,61,68,57,50,50,66,70,52,73,58,50,68,70,69,60,72,68,31,69,72,41,71,75,70,0,80,66,45,45,72,50,50,68,80,47,57,60,73,68,71,51,67,41,71,67,68,68,65,73,51,50,69,65,47,0,61,65,73,75,65,50,47,50,50,74,70,65,50,69,72,49,65,66,50,58,74,59,74,58,67,40,50,64,63,62,65,57,72,0,50,64,75,66,45,66,64,47,78,43,50,51,51,64,73,73,61,50,77,64,70,75,72,75,71,67,52,66,74,47,50,49,66,50,68,50,68,61,75,72,67,50,51,67,50,64,73,30,67,41,,,,,,,,,,,,,,,,,,,,,,,,,,,,,,,,,,,,,,,,,,,,,,,,,,,,,,,,,,,,,,,,,,,,,,,,,,,,,,,,,,,,,,,,,,,,,,,,,,,,,,,,,,,,,,,,,,,,,,,,,,,,,,,,,,,,,,,,,,,,,,,,,,,,,,,,,,,,,,,,,,,,,,,,,,,,,,,,,,,,,,,,,,,,,,,,,,,,,,,,,,,,,,,,,,,,,,,,,,,,,,,,,,,,,,,,,,,,,,,,,,,,,,,,,,,,,,,,,,,,,,,,,,,,,,,,,,,,,,,,,,,,,,,,,,,,,,,,,,,,,,,,,,,,,,,,,,,,,,,,,,,,,,,,,,,,,,,,,,,,,,,,,,,,,,,,,,,,,,,,,,,,,,,,,,,,,,,,,,,,,,,,,,,,,,,,,,,,,,,,,,,,,,,,,,,,,,,,,,,,,,,,,,,,,,,,,,,,,,,,,,,,,,,,,,,,,,,,,,,,,,,,,,,,,,,,,,,,,,,,,,,,,,,,,,,,,,,,,,,,,,,,,,,,,,,,,,,,,,,,,,,,,,,,,,,,,,,,,,,,,,,,,,,,,,,,,,,,,,,,,,,,,,,,,,,,,,,,,,,,,,,,,,,,,,,,,,,,,,,,,,,,,,,,,,,,,,,,,,,,,,,,,,,,,,,,,,,,,,,,,,,,,,,,,,,,,,,,,,,,,,,,,55-64,Female,,High school graduate,,Multiple ethnicity,Caucasian / Middle Eastern,2,0.754624103
R_1gXcCAcOWAWCvBj,Retail Sales Associate,,,,,,,,,,,,,,,,,,,,,,,,,,,,,,,,,,,,,,,,,,,,,,,,,,,,,,,,,,,,,,,,,,,,,,,,,,,,,,,,,,,,,,,,,,,,,,,,,,,,,,,,,,,,,,,,,,,,,,,,,,,,,,,,,,,,,,,,,,,,,,,,,,,,,,,,,,,,,,,,,,,,,,,,,,,,,,,,,,,,,,,,,,,,,,,,,,,,,,,,,,,,,,,,,,,,,,,,,,,,,,,,,,,,,,,,,,,,,,,,,,,,,,,,,,,,,,,,,,,,,,,,,,,,,,,,,,,,,,,,,,,,,,,,,,,,,,,,,,,,,,,,,,,,,,,,,,,,,,,,,,,,,,,,,,,,,,,,,,,,,,,,,,,,,,,,,,,,,,,,,,,,,,,,,,,,,,,,,,,,,,,,,,,,,,,,,,,,,,,,,,,,,,,,,,,,,,,,,,,,,,,,,,,,,,,,,,,,,,,,,,,,,,,,,,,,,,,,,,,,,,,,,,,,,,,,,,,,,,,,,,,,,,,,,,,,,,,,,,,,,92,70,72,81,90,76,93,65,93,61,88,76,47,84,78,74,86,100,92,45,65,76,89,100,71,96,71,49,64,85,86,51,56,67,64,45,96,95,55,100,70,82,73,72,83,58,90,89,56,71,65,89,74,77,100,56,71,97,81,56,84,97,70,77,96,65,79,77,54,70,65,65,81,81,86,79,58,68,78,54,59,61,0,58,71,67,82,79,84,79,61,100,72,88,94,45,96,46,65,80,92,59,99,69,100,66,89,97,84,88,100,76,75,60,94,75,84,76,94,61,76,75,87,65,76,73,68,82,82,83,55,44,79,48,90,85,94,100,57,87,100,77,67,95,54,81,65,77,100,77,55,77,86,78,82,57,67,96,65,80,84,60,95,95,100,94,87,,,,,,,,,,,,,,,,,,,,,,,,,,,,,,,,,,,,,,,,,,,,,,,,,,,,,,,,,,,,,,,,,,,,,,,,,,,,,,,,,,,,,,,,,,,,,,,,,,,,,,,,,,,,,,,,,,,,,,,,,,,,,,,,,,,,,,,,,,,,,,,,,,,,,,,,,,,,,,,,,,,,,,,,,,,,,,,,,,,,,,,,,,,,,,,,,,,,,,,,,,,,,,,,,,,,,,,,,,,,,,,,,,,,,,,,,,,,,,,,,,,,,,,,,,,,,,,,,,,,,,,,,,,,,,,,,,,,,,,,,,,,,,,,,,,,,,,,,,,,,,,,,,,,,,,,,,,,,,,,,,,,,,,,,,,35-44,Female,,Bachelor's degree,,White / Caucasian,,4,0.822991954
R_7VPdjxEKGIh1tmK,Financial Advisor,,,,,,,,,,,,,,,,,,,,,,,,,,,,,,,,,,,,,,,,,,,,,,,,,,,,,,,,,,,,,,,,,,,,,,,,,,,,,,,,,,,,,,,,,,,,,,,,,,,,,,,,,,,,,,,,,,,,,,,,,,,,,,,,,,,,,,,,,,,,,,,,,,,,,,,,,,,,,,,,,,,,,,,,,,,,,,,,,,,,,,,,,,,,,,,,,,,,,,,,,,,,,,,,,,,,,,,,,,,,,,,,,,,,,,,,,,,,,,,,,,,,,,,,,,,,,,,,,,,,,,,,,,,,,,,,,,,,,,,,,,,,,,,,,,,,,,,,,,,,,,,,,,,,,,,,,,,,,,,,,,,,,,,,,,,,,,50,50,50,2,50,50,50,50,50,50,50,50,50,50,50,50,50,50,50,49,50,50,50,50,50,50,50,50,50,50,50,50,1,50,50,50,50,50,50,50,50,50,50,50,50,50,50,50,50,50,50,50,50,50,50,50,50,50,50,50,50,50,50,50,50,50,50,50,50,50,50,50,50,50,50,50,51,50,50,50,50,50,50,50,50,50,50,50,50,50,50,50,50,2,50,50,50,50,1,50,50,50,50,50,50,50,50,50,50,50,50,50,50,50,50,50,50,50,50,50,50,50,50,50,50,50,50,50,50,50,50,50,50,50,50,2,1,50,50,50,50,50,50,50,50,50,50,50,49,50,50,50,50,50,50,49,50,50,50,50,50,50,50,50,51,50,1,,,,,,,,,,,,,,,,,,,,,,,,,,,,,,,,,,,,,,,,,,,,,,,,,,,,,,,,,,,,,,,,,,,,,,,,,,,,,,,,,,,,,,,,,,,,,,,,,,,,,,,,,,,,,,,,,,,,,,,,,,,,,,,,,,,,,,,,,,,,,,,,,,,,,,,,,,,,,,,,,,,,,,,,,,,,,,,,,,,,,,,,,,,,,,,,,,,,,,,,,,,,,,,,,,,,,,,,,,,,,,,,,,,,,,,,,,,,,,,,,,,,,,,,,,,,,,,,,,,,,,,,,,,,,,,,,,,,,,,,,,,,,,,,,,,,,,,,,,,,,,,,,,,,,,,,,,,,,,,,,,,,,,,,,,,,,,,,,,,,,,,,,,,,,,,,,,,,,,,,,,,,,,,,,,,,,,,,,,,,,,,,,,,,,,,,,,,,,,,,,,,,,,,,,,,,,,,,,,,,,,,,,,,,,,,,,,,,,,,,,,,,,,,,,,,,,,,,,,,,,,,,,,,,,,,,,,,,,,,,,,,,,,,,,,,,,,,,,,55-64,Female,,Some college,,Black or African American,,3,0.693840337
R_5P6zEEqMJ6LUkgC,Risk Analyst,,,,,,,,,,,,,,,,,,,,,,,,,,,,,,,,,,,,,,,,,,,,,,,,,,,,,,,,,,,,,,,,,,,,,,,,,,,,,,,,,,,,,,,,,,,,,,,,,,,,,,,,,,,,,,,,,,,,,,,,,,,,,,,,,,,,,,,,,,,,,,,,,,,,,,,,,,,,,,,,,,,,,,,,37,45,72,69,82,41,59,56,52,63,23,62,44,39,60,46,66,63,48,60,60,65,54,74,53,37,36,55,62,33,13,55,57,39,44,38,32,62,82,65,60,31,94,49,33,77,51,43,56,66,60,4,47,33,40,50,26,73,56,32,75,40,54,39,28,45,52,41,35,33,61,50,60,21,45,72,59,42,28,55,63,44,50,72,30,61,37,39,42,62,41,21,41,77,52,55,23,39,27,53,66,63,60,31,56,47,55,77,57,71,31,63,65,37,39,10,70,67,59,58,26,46,55,61,49,40,58,60,81,79,39,58,52,32,55,38,55,48,44,55,29,52,28,72,72,40,70,62,50,42,37,48,38,14,42,55,23,51,37,46,64,50,53,2,48,38,,,,,,,,,,,,,,,,,,,,,,,,,,,,,,,,,,,,,,,,,,,,,,,,,,,,,,,,,,,,,,,,,,,,,,,,,,,,,,,,,,,,,,,,,,,,,,,,,,,,,,,,,,,,,,,,,,,,,,,,,,,,,,,,,,,,,,,,,,,,,,,,,,,,,,,,,,,,,,,,,,,,,,,,,,,,,,,,,,,,,,,,,,,,,,,,,,,,,,,,,,,,,,,,,,,,,,,,,,,,,,,,,,,,,,,,,,,,,,,,,,,,,,,,,,,,,,,,,,,,,,,,,,,,,,,,,,,,,,,,,,,,,,,,,,,,,,,,,,,,,,,,,,,,,,,,,,,,,,,,,,,,,,,,,,,,,,,,,,,,,,,,,,,,,,,,,,,,,,,,,,,,,,,,,,,,,,,,,,,,,,,,,,,,,,,,,,,,,,,,,,,,,,,,,,,,,,,,,,,,,,,,,,,,,,,,,,,,,,,,,,,,,,,,,,,,,,,,,,,,,,,,,,,,,,,,,,,,,,,,,,,,,,,,,,,,,,,,,,,,,,,,,,,,,,,,,,,,,,,,,,,,,,,,,,,,,,,,,,,,,,,,,,,,,,,,,,,,,,,,,,,,,,,,,,,,,,,,,,,,,,,,,,,,,,,,,,,,,,,,,,,,,,,,,,,,,,,,,,,,,,,,,,,,,,,,,,,,,,,,,,,,,,,,,,,,,,,,,,,,,,,,,45-54,Male,,Some college,,White / Caucasian,,2,0.722317809
R_7dazMhS8MiaYR6t,Financial Advisor,54,85,43,60,78,42,72,33,10,48,71,82,19,84,49,42,16,55,21,56,40,41,65,41,49,47,49,52,30,74,28,18,10,52,53,46,65,86,43,71,80,39,51,94,83,91,90,77,69,60,73,77,62,46,25,51,80,25,45,8,61,48,51,60,50,89,60,45,30,81,62,73,28,34,40,68,25,70,41,90,6,75,80,96,85,42,62,55,31,25,91,58,81,36,95,50,79,75,60,48,86,24,51,31,54,75,56,41,49,15,87,33,54,22,12,77,14,80,100,51,21,47,26,62,31,100,54,76,5,60,96,75,81,26,97,49,46,59,75,50,41,84,52,63,40,40,7,50,84,70,75,61,31,78,90,10,66,65,40,49,91,56,45,70,23,58,57,,,,,,,,,,,,,,,,,,,,,,,,,,,,,,,,,,,,,,,,,,,,,,,,,,,,,,,,,,,,,,,,,,,,,,,,,,,,,,,,,,,,,,,,,,,,,,,,,,,,,,,,,,,,,,,,,,,,,,,,,,,,,,,,,,,,,,,,,,,,,,,,,,,,,,,,,,,,,,,,,,,,,,,,,,,,,,,,,,,,,,,,,,,,,,,,,,,,,,,,,,,,,,,,,,,,,,,,,,,,,,,,,,,,,,,,,,,,,,,,,,,,,,,,,,,,,,,,,,,,,,,,,,,,,,,,,,,,,,,,,,,,,,,,,,,,,,,,,,,,,,,,,,,,,,,,,,,,,,,,,,,,,,,,,,,,,,,,,,,,,,,,,,,,,,,,,,,,,,,,,,,,,,,,,,,,,,,,,,,,,,,,,,,,,,,,,,,,,,,,,,,,,,,,,,,,,,,,,,,,,,,,,,,,,,,,,,,,,,,,,,,,,,,,,,,,,,,,,,,,,,,,,,,,,,,,,,,,,,,,,,,,,,,,,,,,,,,,,,,,,,,,,,,,,,,,,,,,,,,,,,,,,,,,,,,,,,,,,,,,,,,,,,,,,,,,,,,,,,,,,,,,,,,,,,,,,,,,,,,,,,,,,,,,,,,,,,,,,,,,,,,,,,,,,,,,,,,,,,,,,,,,,,,,,,,,,,,,,,,,,,,,,,,,,,,,,,,,,,,,,,,,,,,,,,,,,,,,,,,,,,,,,,,,,,,,,,,,,,,,,,,,,,,,,,,,,,,,,,,,,,,,,,,,,,,,,,,,,,,,,,,,,,,,,,,,,,,,,,,,,,,,,,,,,,,,,,,,,,,,,,,,,,,,,,,,,,,,,,,,,,,,,,,,,,,,,,,,,,,,,,,,,,,,,,,35-44,Male,,Some college,,White / Caucasian,,1,0.872846219
R_3dzh2ZnChzu1Z1A,Financial Advisor,,,,,,,,,,,,,,,,,,,,,,,,,,,,,,,,,,,,,,,,,,,,,,,,,,,,,,,,,,,,,,,,,,,,,,,,,,,,,,,,,,,,,,,,,,,,,,,,,,,,,,,,,,,,,,,,,,,,,,,,,,,,,,,,,,,,,,,,,,,,,,,,,,,,,,,,,,,,,,,,,,,,,,,,,,,,,,,,,,,,,,,,,,,,,,,,,,,,,,,,,,,,,,,,,,,,,,,,,,,,,,,,,,,,,,,,,,,,,,,,,,,,,,,,,,,,,,,,,,,,,,,,,,,,,,,,,,,,,,,,,,,,,,,,,,,,,,,,,,,,,,,,,,,,,,,,,,,,,,,,,,,,,,,,,,,,,,,,,,,,,,,,,,,,,,,,,,,,,,,,,,,,,,,,,,,,,,,,,,,,,,,,,,,,,,,,,,,,,,,,,,,,,,,,,,,,,,,,,,,,,,,,,,,,,,,,,,,,,,,,,,,,,,,,,,,,,,,,,,,,,,,,,,,,,,,,,,,,,,,,,,,,,,,,,,,,,,,,,,,,,,,,,,,,,,,,,,,,,,,,,,,,,,,,,,,,,,,,,,,,,,,,,,,,,,,,,,,,,,,,,,,,,,,,,,,,,,,,,,,,,,,,,,,,,,,,,,,,,,,,,,,,,,,,,,,,,,,,,,,,,,,,,,,,,,,,,,,,,,,,,,,,,,,,,,,,,,,,,,,,,,,,,,,,20,25,12,5,36,31,69,43,11,14,33,34,51,51,18,23,33,60,35,35,15,22,22,40,10,53,49,53,37,58,72,64,30,37,28,58,27,9,10,17,9,46,32,63,61,55,87,23,9,66,60,16,34,25,9,35,18,50,41,11,69,19,5,17,31,55,33,55,11,44,44,5,52,78,11,15,17,36,14,16,5,73,47,54,78,45,44,51,79,17,25,23,40,62,63,37,39,49,26,11,69,80,30,17,34,40,69,27,60,41,23,62,59,39,69,55,8,30,18,20,62,16,41,35,26,48,37,51,66,24,7,49,8,20,16,18,20,60,51,48,72,14,80,41,15,24,19,61,53,60,22,77,71,27,48,44,15,10,48,53,36,20,20,35,,,,,,,,,,,,,,,,,,,,,,,,,,,,,,,,,,,,,,,,,,,,,,,,,,,,,,,,,,,,,,,,,,,,,,,,,,,,,,,,,,,,,,,,,,,,,,,,,,,,,,,,,,,,,,,,,,,,,,,,,,,,,,,,,,,,,,,,,,,,,,,,,,,,,,,,,,,,,,,,,,,,,,,25-34,Female,,Bachelor's degree,,White / Caucasian,,5,0.816782373
R_3Gr2B2qcvLXtZVD,Inventory Manager,,,,,,,,,,,,,,,,,,,,,,,,,,,,,,,,,,,,,,,,,,,,,,,,,,,,,,,,,,,,,,,,,,,,,,,,,,,,,,,,,,,,,,,,,,,,,,,,,,,,,,,,,,,,,,,,,,,,,,,,,,,,,,,,,,,,,,,,,,,,,,,,,,,,,,,,,,,,,,,,,,,,,,,,,,,,,,,,,,,,,,,,,,,,,,,,,,,,,,,,,,,,,,,,,,,,,,,,,,,,,,,,,,,,,,,,,,,,,,,,,,,,,,,,,,,,,,,,,,,,,,,,,,,,,,,,,,,,,,,,,,,,,,,,,,,,,,,,,,,,,,,,,,,,,,,,,,,,,,,,,,,,,,,,,,,,,,,,,,,,,,,,,,,,,,,,,,,,,,,,,,,,,,,,,,,,,,,,,,,,,,,,,,,,,,,,,,,,,,,,,,,,,,,,,,,,,,,,,,,,,,,,,,,,,,,,,,,,,,,,,,,,,,,,,,,,,,,,,,,,,,,,,,,,,,,,,,,,,,,,,,,,,,,,,,,,,,,,,,,,,,,,,,,,,,,,,,,,,,,,,,,,,,,,,,,,,,,,,,,,,,,,,,,,,,,,,,,,,,,,,,,,,,,,,,,,,,,,,,,,,,,,,,,,,,,,,,,,,,,,,,,,,,,,,,,,,,,,,,,,,,,,,,,,,,,,,,,,,,,,,,,,,,,,,,,,,,,,,,,,,,,,,,,,25,7,31,14,38,74,70,51,42,29,15,20,28,38,25,7,15,58,72,47,33,38,75,23,8,34,41,62,12,54,30,63,42,49,43,51,33,22,48,32,24,52,21,32,58,36,63,31,17,87,65,22,63,16,20,58,28,59,18,55,78,18,33,33,67,40,37,9,25,51,75,40,47,68,25,3,34,58,49,46,12,48,46,65,75,46,56,76,61,38,60,24,41,70,55,33,26,38,28,24,49,64,56,44,28,59,36,79,41,47,36,72,62,50,83,61,14,39,33,18,52,25,45,38,30,27,41,75,56,50,68,12,28,36,25,38,25,64,49,64,62,47,71,26,25,14,29,54,56,23,29,78,58,62,15,43,21,18,32,56,34,29,16,20,,,,,,,,,,,,,,,,,,,,,,,,,,,,,,,,,,,,,,,,,,,,,,,,,,,,,,,,,,,,,,,,,,,,,,,,,,,,,,,,,,,,,,,,,,,,,,,,,,,,,,,,,,,,,,,,,,,,,,,,,,,,,,,,,,,,,,,,,,,,,,,,,,,,,,,,,,,,,,,,,,,,,,,35-44,Male,,Bachelor's degree,,White / Caucasian,,5,0.928193981
R_3U2WAOJvuLLPBJA,Financial Advisor,,,,,,,,,,,,,,,,,,,,,,,,,,,,,,,,,,,,,,,,,,,,,,,,,,,,,,,,,,,,,,,,,,,,,,,,,,,,,,,,,,,,,,,,,,,,,,,,,,,,,,,,,,,,,,,,,,,,,,,,,,,,,,,,,,,,,,,,,,,,,,,,,,,,,,,,,,,,,,,,,,,,,,,,,,,,,,,,,,,,,,,,,,,,,,,,,,,,,,,,,,,,,,,,,,,,,,,,,,,,,,,,,,,,,,,,,,,,,,,,,,,,,,,,,,,,,,,,,,,,,,,,,,,,,,,,,,,,,,,,,,,,,,,,,,,,,,,,,,,,,,,,,,,,,,,,,,,,,,,,,,,,,,,,,,,,,,,,,,,,,,,,,,,,,,,,,,,,,,,,,,,,,,,,,,,,,,,,,,,,,,,,,,,,,,,,,,,,,,,,,,,,,,,,,,,,,,,,,,,,,,,,,,,,,,,,,,,,,,,,,,,,,,,,,,,,,,,,,,,,,,,,,,,,,,,,,,,,,,,,,,,,,,,,,,,,,,,,,,,,,,,,,,,,,,,,,,,,,,,,,,,,,,,,,,,,,,,,,,,,,,,,,,,,,,,,,,,,,,,,,,,,,,,,,,,,,,,,,,,,,,,,,,,,,,,,,,,,,,,,,,,,,,,,,,,,,,,,,,,,,,,,,,,,,,,,,,,,,,,,,,,,,,,,,,,,,,,,,,,,,,,,,,,,,,,,,,,,,,,,,,,,,,,,,,,,,,,,,,,,,,,,,,,,,,,,,,,,,,,,,,,,,,,,,,,,,,,,,,,,,,,,,,,,,,,,,,,,,,,,,,,,,,,,,,,,,,,,,,,,,,,,,,,,,,,,,,,,,,,,,,,,,,,,,,,,,,,,,,,,,,,,,,,,,,,,60,75,56,45,63,78,51,63,48,60,57,55,66,55,35,24,62,62,60,28,68,70,61,36,53,41,70,68,67,32,45,26,50,34,24,58,65,66,60,65,12,70,27,33,44,72,37,71,61,63,26,52,38,53,37,49,22,58,55,15,34,24,74,48,60,55,68,37,18,69,10,39,56,51,64,74,58,56,65,50,45,37,18,49,38,10,54,27,38,63,57,57,52,61,29,63,74,59,54,43,64,53,24,40,45,33,64,62,72,59,3,58,42,10,67,61,39,57,72,63,69,71,58,51,56,72,41,60,77,48,31,76,69,59,59,70,65,60,59,63,69,58,56,71,34,59,45,24,43,40,32,68,34,38,70,51,80,5,60,51,63,60,64,63,48,59,25-34,Female,,Bachelor's degree,,White / Caucasian,,6,0.547110037
R_3HGHr2NJZz4M3WV,Financial Advisor,,,,,,,,,,,,,,,,,,,,,,,,,,,,,,,,,,,,,,,,,,,,,,,,,,,,,,,,,,,,,,,,,,,,,,,,,,,,,,,,,,,,,,,,,,,,,,,,,,,,,,,,,,,,,,,,,,,,,,,,,,,,,,,,,,,,,,,,,,,,,,,,,,,,,,,,,,,,,,,,,,,,,,,,,,,,,,,,,,,,,,,,,,,,,,,,,,,,,,,,,,,,,,,,,,,,,,,,,,,,,,,,,,,,,,,,,,,,,,,,,,,,,,,,,,,,,,,,,,,,,,,,,,,,,,,,,,,,,,,,,,,,,,,,,,,,,,,,,,,,,,,,,,,,,,,,,,,,,,,,,,,,,,,,,,,,,,40,70,81,50,80,80,40,60,60,30,80,70,80,90,70,80,60,75,80,75,60,50,0,50,75,60,40,70,40,55,70,70,80,80,90,66,40,50,90,80,40,50,75,70,70,55,80,75,0,80,80,60,55,40,80,50,80,65,80,70,70,50,80,79,80,100,50,70,90,76,70,20,10,70,50,60,100,75,75,40,60,0,78,40,70,80,75,80,95,85,60,40,70,40,0,80,80,50,65,50,60,60,85,90,80,100,65,70,55,81,100,30,55,100,80,40,70,60,70,55,85,60,60,55,100,75,50,80,80,80,65,60,65,75,80,60,100,40,60,80,70,60,40,80,40,70,50,80,80,60,60,70,100,79,50,60,80,60,80,100,60,40,55,80,65,65,60,,,,,,,,,,,,,,,,,,,,,,,,,,,,,,,,,,,,,,,,,,,,,,,,,,,,,,,,,,,,,,,,,,,,,,,,,,,,,,,,,,,,,,,,,,,,,,,,,,,,,,,,,,,,,,,,,,,,,,,,,,,,,,,,,,,,,,,,,,,,,,,,,,,,,,,,,,,,,,,,,,,,,,,,,,,,,,,,,,,,,,,,,,,,,,,,,,,,,,,,,,,,,,,,,,,,,,,,,,,,,,,,,,,,,,,,,,,,,,,,,,,,,,,,,,,,,,,,,,,,,,,,,,,,,,,,,,,,,,,,,,,,,,,,,,,,,,,,,,,,,,,,,,,,,,,,,,,,,,,,,,,,,,,,,,,,,,,,,,,,,,,,,,,,,,,,,,,,,,,,,,,,,,,,,,,,,,,,,,,,,,,,,,,,,,,,,,,,,,,,,,,,,,,,,,,,,,,,,,,,,,,,,,,,,,,,,,,,,,,,,,,,,,,,,,,,,,,,,,,,,,,,,,,,,,,,,,,,,,,,,,,,,,,,,,,,,,,,,,18-24,Male,,High school graduate,,White / Caucasian,,3,0.585102693
R_5YXIVBUJlIMIfeh,Financial Advisor,,,,,,,,,,,,,,,,,,,,,,,,,,,,,,,,,,,,,,,,,,,,,,,,,,,,,,,,,,,,,,,,,,,,,,,,,,,,,,,,,,,,,,,,,,,,,,,,,,,,,,,,,,,,,,,,,,,,,,,,,,,,,,,,,,,,,,,,,,,,,,,,,,,,,,,,,,,,,,,,,,,,,,,,,,,,,,,,,,,,,,,,,,,,,,,,,,,,,,,,,,,,,,,,,,,,,,,,,,,,,,,,,,,,,,,,,,,,,,,,,,,,,,,,,,,,,,,,,,,,,,,,,,,,,,,,,,,,,,,,,,,,,,,,,,,,,,,,,,,,,,,,,,,,,,,,,,,,,,,,,,,,,,,,,,,,,,,,,,,,,,,,,,,,,,,,,,,,,,,,,,,,,,,,,,,,,,,,,,,,,,,,,,,,,,,,,,,,,,,,,,,,,,,,,,,,,,,,,,,,,,,,,,,,,,,,,,,,,,,,,,,,,,,,,,,,,,,,,,,,,,,,,,,,,,,,,,,,,,,,,,,,,,,,,,,,,,,,,,,,,,,,,,,,,,,,,,,,,,,,,,,,,,,,,,,,,,,,,,,,,,,,,,,,,,,,,,,,,,,,,,,,,,,,,,,,,,,,,,,,,,,,,,,,,,,,,,,,,,,,,,,,,,,,,,,,,,,,,,,,,,,,,,,,,,,,,,,,,,,,,,,,,,,,,,,,,,,,,,,,,,,,,,,,16,20,36,5,26,55,70,39,32,16,52,27,9,69,33,17,8,30,86,32,18,28,63,66,4,8,30,74,9,69,60,64,50,28,51,41,12,35,25,30,16,60,26,27,69,23,64,57,4,78,74,50,74,15,14,29,73,81,17,67,83,18,11,10,20,88,44,35,5,61,73,14,83,82,30,3,11,70,56,26,26,45,65,53,64,38,64,46,70,47,35,40,64,63,79,28,54,10,17,12,77,61,20,48,8,68,85,69,81,36,27,72,30,32,63,34,14,17,19,13,45,6,43,23,6,64,31,89,93,60,32,75,8,8,35,54,17,44,32,74,75,21,63,43,8,17,8,83,44,13,12,79,73,43,10,47,11,8,67,32,36,21,15,26,,,,,,,,,,,,,,,,,,,,,,,,,,,,,,,,,,,,,,,,,,,,,,,,,,,,,,,,,,,,,,,,,,,,,,,,,,,,,,,,,,,,,,,,,,,,,,,,,,,,,,,,,,,,,,,,,,,,,,,,,,,,,,,,,,,,,,,,,,,,,,,,,,,,,,,,,,,,,,,,,,,,,,,25-34,Female,,Bachelor's degree,,White / Caucasian,,5,0.799934088
R_1CTIkmHA3MU4rBf,Financial Advisor,,,,,,,,,,,,,,,,,,,,,,,,,,,,,,,,,,,,,,,,,,,,,,,,,,,,,,,,,,,,,,,,,,,,,,,,,,,,,,,,,,,,,,,,,,,,,,,,,,,,,,,,,,,,,,,,,,,,,,,,,,,,,,,,,,,,,,,,,,,,,,,,,,,,,,,,,,,,,,,,,,,,,,,,,,,,,,,,,,,,,,,,,,,,,,,,,,,,,,,,,,,,,,,,,,,,,,,,,,,,,,,,,,,,,,,,,,,,,,,,,,,,,,,,,,,,,,,,,,,,,,,,,,,,,,,,,,,,,,,,,,,,,,,,,,,,,,,,,,,,,,,,,,,,,,,,,,,,,,,,,,,,,,,,,,,,,,,,,,,,,,,,,,,,,,,,,,,,,,,,,,,,,,,,,,,,,,,,,,,,,,,,,,,,,,,,,,,,,,,,,,,,,,,,,,,,,,,,,,,,,,,,,,,,,,,,,,,,,,,,,,,,,,,,,,,,,,,,,,,,,,,,,,,,,,,,,,,,,,,,,,,,,,,,,,,,,,,,,,,,,49,88,32,78,69,85,71,87,60,54,87,73,81,62,18,51,46,52,67,100,65,76,49,35,25,65,95,89,93,75,40,79,83,94,87,99,54,64,83,42,71,91,32,82,85,24,77,37,98,94,15,73,58,70,70,85,97,37,68,50,75,48,74,80,56,45,63,83,90,86,94,75,26,82,79,55,48,71,48,78,78,26,29,70,37,61,75,97,55,70,90,69,95,64,60,76,75,95,72,88,18,92,64,75,58,76,57,65,32,78,53,19,35,80,76,29,75,45,29,90,93,72,68,61,46,71,82,29,68,75,29,78,24,80,49,85,52,28,82,58,33,43,28,80,66,84,24,71,68,74,72,10,90,90,56,87,38,64,48,77,99,74,65,68,37,90,46,,,,,,,,,,,,,,,,,,,,,,,,,,,,,,,,,,,,,,,,,,,,,,,,,,,,,,,,,,,,,,,,,,,,,,,,,,,,,,,,,,,,,,,,,,,,,,,,,,,,,,,,,,,,,,,,,,,,,,,,,,,,,,,,,,,,,,,,,,,,,,,,,,,,,,,,,,,,,,,,,,,,,,,,,,,,,,,,,,,,,,,,,,,,,,,,,,,,,,,,,,,,,,,,,,,,,,,,,,,,,,,,,,,,,,,,,,,,,,,,,,,,,,,,,,,,,,,,,,,,,,,,,,,,,,,,,,,,,,,,,,,,,,,,,,,,,,,,,,,,,,,,,,,,,,,,,,,,,,,,,,,,,,,,,,,45-54,Non-binary / Third gender,,Some college,,White / Caucasian,,4,0.723014731
R_3Uh7KQo61mDJzmF,Risk Analyst,65,75,35,75,75,35,75,75,50,50,65,35,65,75,75,25,65,25,25,65,65,25,65,35,50,25,75,65,25,65,25,25,25,25,65,75,25,75,50,75,75,25,50,75,25,75,25,65,75,15,65,65,35,50,75,65,65,75,65,15,75,75,50,75,75,65,75,25,25,65,50,50,25,65,25,75,75,75,50,65,35,75,50,75,75,75,65,75,75,50,75,50,50,25,50,50,65,66,50,50,25,65,50,25,25,65,25,74,65,25,75,25,51,75,75,75,25,75,75,75,75,50,50,65,25,75,15,25,65,50,75,75,75,75,75,50,25,75,65,65,50,75,25,25,50,25,25,50,25,65,25,50,65,75,25,65,75,75,75,25,75,25,76,75,50,25,50,,,,,,,,,,,,,,,,,,,,,,,,,,,,,,,,,,,,,,,,,,,,,,,,,,,,,,,,,,,,,,,,,,,,,,,,,,,,,,,,,,,,,,,,,,,,,,,,,,,,,,,,,,,,,,,,,,,,,,,,,,,,,,,,,,,,,,,,,,,,,,,,,,,,,,,,,,,,,,,,,,,,,,,,,,,,,,,,,,,,,,,,,,,,,,,,,,,,,,,,,,,,,,,,,,,,,,,,,,,,,,,,,,,,,,,,,,,,,,,,,,,,,,,,,,,,,,,,,,,,,,,,,,,,,,,,,,,,,,,,,,,,,,,,,,,,,,,,,,,,,,,,,,,,,,,,,,,,,,,,,,,,,,,,,,,,,,,,,,,,,,,,,,,,,,,,,,,,,,,,,,,,,,,,,,,,,,,,,,,,,,,,,,,,,,,,,,,,,,,,,,,,,,,,,,,,,,,,,,,,,,,,,,,,,,,,,,,,,,,,,,,,,,,,,,,,,,,,,,,,,,,,,,,,,,,,,,,,,,,,,,,,,,,,,,,,,,,,,,,,,,,,,,,,,,,,,,,,,,,,,,,,,,,,,,,,,,,,,,,,,,,,,,,,,,,,,,,,,,,,,,,,,,,,,,,,,,,,,,,,,,,,,,,,,,,,,,,,,,,,,,,,,,,,,,,,,,,,,,,,,,,,,,,,,,,,,,,,,,,,,,,,,,,,,,,,,,,,,,,,,,,,,,,,,,,,,,,,,,,,,,,,,,,,,,,,,,,,,,,,,,,,,,,,,,,,,,,,,,,,,,,,,,,,,,,,,,,,,,,,,,,,,,,,,,,,,,,,,,,,,,,,,,,,,,,,,,,,,,,,,,,,,,,,,,,,,,,,,,,,,,,,,,,,,,,,,,,,,,,,,,,,,,,,,,,65 or above,Female,,High school graduate,,White / Caucasian,,1,0.806733196
R_7fMxFb06w6XJHP3,Retail Sales Associate,87,97,72,99,100,73,86,92,76,82,100,87,93,84,95,98,98,88,89,96,100,87,81,91,71,79,97,96,71,98,74,87,89,78,95,81,97,94,80,85,95,97,99,100,92,90,87,97,93,77,100,80,92,88,90,92,78,88,90,92,92,90,73,89,99,95,95,89,99,97,85,95,91,96,99,88,91,89,77,94,99,83,93,82,88,92,74,73,100,87,75,80,92,66,87,89,100,95,99,99,83,88,82,84,94,86,93,95,91,93,92,71,71,90,81,92,67,96,91,94,91,93,70,96,77,92,98,91,83,94,75,100,90,100,86,100,63,91,97,100,89,87,98,94,91,66,91,97,82,100,86,96,91,93,98,88,83,87,82,73,94,92,96,85,98,98,100,,,,,,,,,,,,,,,,,,,,,,,,,,,,,,,,,,,,,,,,,,,,,,,,,,,,,,,,,,,,,,,,,,,,,,,,,,,,,,,,,,,,,,,,,,,,,,,,,,,,,,,,,,,,,,,,,,,,,,,,,,,,,,,,,,,,,,,,,,,,,,,,,,,,,,,,,,,,,,,,,,,,,,,,,,,,,,,,,,,,,,,,,,,,,,,,,,,,,,,,,,,,,,,,,,,,,,,,,,,,,,,,,,,,,,,,,,,,,,,,,,,,,,,,,,,,,,,,,,,,,,,,,,,,,,,,,,,,,,,,,,,,,,,,,,,,,,,,,,,,,,,,,,,,,,,,,,,,,,,,,,,,,,,,,,,,,,,,,,,,,,,,,,,,,,,,,,,,,,,,,,,,,,,,,,,,,,,,,,,,,,,,,,,,,,,,,,,,,,,,,,,,,,,,,,,,,,,,,,,,,,,,,,,,,,,,,,,,,,,,,,,,,,,,,,,,,,,,,,,,,,,,,,,,,,,,,,,,,,,,,,,,,,,,,,,,,,,,,,,,,,,,,,,,,,,,,,,,,,,,,,,,,,,,,,,,,,,,,,,,,,,,,,,,,,,,,,,,,,,,,,,,,,,,,,,,,,,,,,,,,,,,,,,,,,,,,,,,,,,,,,,,,,,,,,,,,,,,,,,,,,,,,,,,,,,,,,,,,,,,,,,,,,,,,,,,,,,,,,,,,,,,,,,,,,,,,,,,,,,,,,,,,,,,,,,,,,,,,,,,,,,,,,,,,,,,,,,,,,,,,,,,,,,,,,,,,,,,,,,,,,,,,,,,,,,,,,,,,,,,,,,,,,,,,,,,,,,,,,,,,,,,,,,,,,,,,,,,,,,,,,,,,,,,,,,,,,,,,,,,,,,,,,,,,,,35-44,Female,,Graduate degree,,White / Caucasian,,1,0.727583474
R_54rucN9YaMBk89j,Risk Analyst,63,70,69,69,79,39,62,60,45,51,46,79,20,32,53,40,49,50,28,43,37,61,62,24,19,55,24,37,37,48,45,29,59,41,30,73,48,48,63,78,74,31,35,69,28,62,70,73,66,27,30,76,23,57,36,29,75,49,38,37,21,57,66,54,42,26,51,38,53,63,49,42,52,73,38,32,49,56,62,68,65,52,52,36,69,62,58,60,68,67,68,29,75,37,71,26,63,49,51,27,62,31,42,41,41,62,39,40,69,38,69,44,63,40,67,66,44,67,56,46,71,40,37,36,30,85,65,60,30,30,76,55,86,28,64,37,30,65,38,67,38,41,20,37,42,36,29,50,71,44,75,69,45,36,85,19,37,50,41,47,76,34,39,41,45,66,64,,,,,,,,,,,,,,,,,,,,,,,,,,,,,,,,,,,,,,,,,,,,,,,,,,,,,,,,,,,,,,,,,,,,,,,,,,,,,,,,,,,,,,,,,,,,,,,,,,,,,,,,,,,,,,,,,,,,,,,,,,,,,,,,,,,,,,,,,,,,,,,,,,,,,,,,,,,,,,,,,,,,,,,,,,,,,,,,,,,,,,,,,,,,,,,,,,,,,,,,,,,,,,,,,,,,,,,,,,,,,,,,,,,,,,,,,,,,,,,,,,,,,,,,,,,,,,,,,,,,,,,,,,,,,,,,,,,,,,,,,,,,,,,,,,,,,,,,,,,,,,,,,,,,,,,,,,,,,,,,,,,,,,,,,,,,,,,,,,,,,,,,,,,,,,,,,,,,,,,,,,,,,,,,,,,,,,,,,,,,,,,,,,,,,,,,,,,,,,,,,,,,,,,,,,,,,,,,,,,,,,,,,,,,,,,,,,,,,,,,,,,,,,,,,,,,,,,,,,,,,,,,,,,,,,,,,,,,,,,,,,,,,,,,,,,,,,,,,,,,,,,,,,,,,,,,,,,,,,,,,,,,,,,,,,,,,,,,,,,,,,,,,,,,,,,,,,,,,,,,,,,,,,,,,,,,,,,,,,,,,,,,,,,,,,,,,,,,,,,,,,,,,,,,,,,,,,,,,,,,,,,,,,,,,,,,,,,,,,,,,,,,,,,,,,,,,,,,,,,,,,,,,,,,,,,,,,,,,,,,,,,,,,,,,,,,,,,,,,,,,,,,,,,,,,,,,,,,,,,,,,,,,,,,,,,,,,,,,,,,,,,,,,,,,,,,,,,,,,,,,,,,,,,,,,,,,,,,,,,,,,,,,,,,,,,,,,,,,,,,,,,,,,,,,,,,,,,,,,,,,,,,,,,,,,,18-24,Female,,Some college,,Black or African American,,1,0.277571267
R_7X6ROn48MhD1v1c,Retail Sales Associate,,,,,,,,,,,,,,,,,,,,,,,,,,,,,,,,,,,,,,,,,,,,,,,,,,,,,,,,,,,,,,,,,,,,,,,,,,,,,,,,,,,,,,,,,,,,,,,,,,,,,,,,,,,,,,,,,,,,,,,,,,,,,,,,,,,,,,,,,,,,,,,,,,,,,,,,,,,,,,,,,,,,,,,,,,,,,,,,,,,,,,,,,,,,,,,,,,,,,,,,,,,,,,,,,,,,,,,,,,,,,,,,,,,,,,,,,,,,,,,,,,,,,,,,,,,,,,,,,,,,,,,,,,,,,,,,,,,,,,,,,,,,,,,,,,,,,,,,,,,,,,,,,,,,,,,,,,,,,,,,,,,,,,,,,,,,,,38,16,11,48,5,3,30,36,19,44,41,8,4,73,22,2,53,4,32,10,5,10,9,31,32,21,29,33,25,28,3,23,15,6,16,49,27,44,8,27,7,36,25,30,59,11,75,2,4,2,31,24,34,30,26,27,26,18,28,27,9,20,42,4,75,36,42,61,21,63,13,25,37,53,37,52,41,7,31,24,9,20,12,39,49,53,25,40,42,18,56,7,13,63,21,45,7,9,7,45,9,8,47,54,4,4,31,31,34,53,7,33,40,4,14,47,24,38,5,44,31,3,11,36,35,39,51,12,13,9,49,17,22,14,14,56,3,57,47,19,14,67,3,35,28,20,6,37,63,31,19,58,55,11,8,4,73,6,49,7,20,42,26,3,34,8,40,,,,,,,,,,,,,,,,,,,,,,,,,,,,,,,,,,,,,,,,,,,,,,,,,,,,,,,,,,,,,,,,,,,,,,,,,,,,,,,,,,,,,,,,,,,,,,,,,,,,,,,,,,,,,,,,,,,,,,,,,,,,,,,,,,,,,,,,,,,,,,,,,,,,,,,,,,,,,,,,,,,,,,,,,,,,,,,,,,,,,,,,,,,,,,,,,,,,,,,,,,,,,,,,,,,,,,,,,,,,,,,,,,,,,,,,,,,,,,,,,,,,,,,,,,,,,,,,,,,,,,,,,,,,,,,,,,,,,,,,,,,,,,,,,,,,,,,,,,,,,,,,,,,,,,,,,,,,,,,,,,,,,,,,,,,,,,,,,,,,,,,,,,,,,,,,,,,,,,,,,,,,,,,,,,,,,,,,,,,,,,,,,,,,,,,,,,,,,,,,,,,,,,,,,,,,,,,,,,,,,,,,,,,,,,,,,,,,,,,,,,,,,,,,,,,,,,,,,,,,,,,,,,,,,,,,,,,,,,,,,,,,,,,,,,,,,,,,,,25-34,Female,,Bachelor's degree,,White / Caucasian,,3,0.617784619
R_53dpqsSaXn37Qki,Retail Sales Associate,,,,,,,,,,,,,,,,,,,,,,,,,,,,,,,,,,,,,,,,,,,,,,,,,,,,,,,,,,,,,,,,,,,,,,,,,,,,,,,,,,,,,,,,,,,,,,,,,,,,,,,,,,,,,,,,,,,,,,,,,,,,,,,,,,,,,,,,,,,,,,,,,,,,,,,,,,,,,,,,,,,,,,,,,,,,,,,,,,,,,,,,,,,,,,,,,,,,,,,,,,,,,,,,,,,,,,,,,,,,,,,,,,,,,,,,,,,,,,,,,,,,,,,,,,,,,,,,,,,,,,,,,,,,,,,,,,,,,,,,,,,,,,,,,,,,,,,,,,,,,,,,,,,,,,,,,,,,,,,,,,,,,,,,,,,,,,,,,,,,,,,,,,,,,,,,,,,,,,,,,,,,,,,,,,,,,,,,,,,,,,,,,,,,,,,,,,,,,,,,,,,,,,,,,,,,,,,,,,,,,,,,,,,,,,,,,,,,,,,,,,,,,,,,,,,,,,,,,,,,,,,,,,,,,,,,,,,,,,,,,,,,,,,,,,,,,,,,,,,,,,,,,,,,,,,,,,,,,,,,,,,,,,,,,,,,,,,,,,,,,,,,,,,,,,,,,,,,,,,,,,,,,,,,,,,,,,,,,,,,,,,,,,,,,,,,,,,,,,,,,,,,,,,,,,,,,,,,,,,,,,,,,,,,,,,,,,,,,,,,,,,,,,,,,,,,,,,,,,,,,,,,,,,,,,,,,,,,,,,,,,,,,,,,,,,,,,,,,,,,,,,,,,,,,,,,,,,,,,,,,,,,,,,,,,,,,,,,,,,,,,,,,,,,,,,,,,,,,,,,,,,,,,,,,,,,,,,,,,,,,,,,,,,,,,,,,,,,,,,,,,,,,,,,,,,,,,,,,,,,,,,,,,,,,,,,77,25,48,24,76,15,68,22,28,18,28,13,9,24,38,33,3,36,13,20,70,73,71,65,4,17,47,77,9,17,15,1,32,5,3,5,71,22,21,34,51,64,8,56,4,46,30,65,42,49,43,11,18,48,4,26,44,58,29,3,40,61,10,52,26,52,16,60,27,37,9,10,77,43,30,37,51,10,51,46,48,14,10,68,8,7,15,6,23,46,17,10,3,60,69,68,37,17,47,3,11,8,3,5,27,50,4,20,4,32,43,23,11,23,70,26,54,38,70,13,80,39,34,39,50,56,5,40,38,19,88,16,48,13,8,72,47,13,21,19,7,39,21,67,52,50,19,19,39,8,29,34,61,5,52,6,6,17,10,18,8,59,27,19,54,23,25-34,Female,,Some college,,White / Caucasian,,6,0.672765903
R_1l6GKNjABtNxvcr,Inventory Manager,,,,,,,,,,,,,,,,,,,,,,,,,,,,,,,,,,,,,,,,,,,,,,,,,,,,,,,,,,,,,,,,,,,,,,,,,,,,,,,,,,,,,,,,,,,,,,,,,,,,,,,,,,,,,,,,,,,,,,,,,,,,,,,,,,,,,,,,,,,,,,,,,,,,,,,,,,,,,,,,,,,,,,,,,,,,,,,,,,,,,,,,,,,,,,,,,,,,,,,,,,,,,,,,,,,,,,,,,,,,,,,,,,,,,,,,,,,,,,,,,,,,,,,,,,,,,,,,,,,,,,,,,,,,,,,,,,,,,,,,,,,,,,,,,,,,,,,,,,,,,,,,,,,,,,,,,,,,,,,,,,,,,,,,,,,,,,,,,,,,,,,,,,,,,,,,,,,,,,,,,,,,,,,,,,,,,,,,,,,,,,,,,,,,,,,,,,,,,,,,,,,,,,,,,,,,,,,,,,,,,,,,,,,,,,,,,,,,,,,,,,,,,,,,,,,,,,,,,,,,,,,,,,,,,,,,,,,,,,,,,,,,,,,,,,,,,,,,,,,,,,,,,,,,,,,,,,,,,,,,,,,,,,,,,,,,,,,,,,,,,,,,,,,,,,,,,,,,,,,,,,,,,,,,,,,,,,,,,,,,,,,,,,,,,,,,,,,,,,,,,,,,,,,,,,,,,,,,,,,,,,,,,,,,,,,,,,,,,,,,,,,,,,,,,,,,,,,,,,,,,,,,,,,,22,17,45,25,8,50,23,46,10,75,100,100,11,19,4,40,61,100,51,57,10,100,100,15,5,36,69,20,19,65,77,100,27,29,76,47,9,46,72,35,18,63,35,38,100,18,43,58,16,40,56,38,42,100,0,25,35,50,23,100,100,19,26,46,45,75,100,33,7,100,83,19,52,90,8,0,6,52,100,100,49,27,45,38,78,41,62,9,92,76,47,34,100,100,35,100,64,57,45,16,100,53,29,50,52,40,36,28,37,28,14,40,43,49,60,37,0,45,14,47,71,35,100,7,100,10,100,48,53,24,64,100,33,40,100,59,27,10,100,23,58,12,8,11,6,54,3,16,33,34,38,21,40,47,11,42,25,48,33,26,100,32,42,7,,,,,,,,,,,,,,,,,,,,,,,,,,,,,,,,,,,,,,,,,,,,,,,,,,,,,,,,,,,,,,,,,,,,,,,,,,,,,,,,,,,,,,,,,,,,,,,,,,,,,,,,,,,,,,,,,,,,,,,,,,,,,,,,,,,,,,,,,,,,,,,,,,,,,,,,,,,,,,,,,,,,,,,25-34,Male,,Bachelor's degree,,White / Caucasian,,5,0.115114871
R_3KC6UjrOEiA7MHk,Retail Sales Associate,,,,,,,,,,,,,,,,,,,,,,,,,,,,,,,,,,,,,,,,,,,,,,,,,,,,,,,,,,,,,,,,,,,,,,,,,,,,,,,,,,,,,,,,,,,,,,,,,,,,,,,,,,,,,,,,,,,,,,,,,,,,,,,,,,,,,,,,,,,,,,,,,,,,,,,,,,,,,,,,,,,,,,,,,,,,,,,,,,,,,,,,,,,,,,,,,,,,,,,,,,,,,,,,,,,,,,,,,,,,,,,,,,,,,,,,,,,,,,,,,,,,,,,,,,,,,,,,,,,,,,,,,,,,,,,,,,,,,,,,,,,,,,,,,,,,,,,,,,,,,,,,,,,,,,,,,,,,,,,,,,,,,,,,,,,,,,,,,,,,,,,,,,,,,,,,,,,,,,,,,,,,,,,,,,,,,,,,,,,,,,,,,,,,,,,,,,,,,,,,,,,,,,,,,,,,,,,,,,,,,,,,,,,,,,,,,,,,,,,,,,,,,,,,,,,,,,,,,,,,,,,,,,,,,,,,,,,,,,,,,,,,,,,,,,,,,,,,,,,,,,,,,,,,,,,,,,,,,,,,,,,,,,,,,,,,,,,,,,,,,,,,,,,,,,,,,,,,,,,,,,,,,,,,,,,,,,,,,,,,,,,,,,,,,,,,,,,,,,,,,,,,,,,,,,,,,,,,,,,,,,,,,,,,,,,,,,,,,,,,,,,,,,,,,,,,,,,,,,,,,,,,,,,,83,16,78,10,7,10,19,78,62,71,75,86,5,11,87,75,73,85,26,13,82,83,13,9,73,84,12,92,86,25,32,21,11,82,75,18,86,81,79,75,100,78,83,84,44,59,17,37,78,9,84,88,14,89,75,94,91,8,10,17,14,51,84,88,81,46,7,57,77,20,3,63,14,15,88,12,81,82,90,85,24,17,21,29,10,72,89,20,9,34,16,68,66,1,14,22,19,82,87,22,43,44,28,21,78,81,16,26,25,86,83,12,61,63,19,9,75,74,79,86,85,77,87,58,90,9,19,5,11,83,33,18,69,74,74,92,76,79,13,86,11,72,22,84,78,30,85,7,13,94,88,22,8,42,86,10,23,84,58,81,64,74,79,8,,,,,,,,,,,,,,,,,,,,,,,,,,,,,,,,,,,,,,,,,,,,,,,,,,,,,,,,,,,,,,,,,,,,,,,,,,,,,,,,,,,,,,,,,,,,,,,,,,,,,,,,,,,,,,,,,,,,,,,,,,,,,,,,,,,,,,,,,,,,,,,,,,,,,,,,,,,,,,,,,,,,,,,35-44,Male,,Bachelor's degree,,Black or African American,,5,0.921046418
R_1fhKXhsfrs9Co8x,Financial Advisor,,,,,,,,,,,,,,,,,,,,,,,,,,,,,,,,,,,,,,,,,,,,,,,,,,,,,,,,,,,,,,,,,,,,,,,,,,,,,,,,,,,,,,,,,,,,,,,,,,,,,,,,,,,,,,,,,,,,,,,,,,,,,,,,,,,,,,,,,,,,,,,,,,,,,,,,,,,,,,,,,,,,,,,,,,,,,,,,,,,,,,,,,,,,,,,,,,,,,,,,,,,,,,,,,,,,,,,,,,,,,,,,,,,,,,,,,,,,,,,,,,,,,,,,,,,,,,,,,,,,,,,,,,,,,,,,,,,,,,,,,,,,,,,,,,,,,,,,,,,,,,,,,,,,,,,,,,,,,,,,,,,,,,,,,,,,,,,,,,,,,,,,,,,,,,,,,,,,,,,,,,,,,,,,,,,,,,,,,,,,,,,,,,,,,,,,,,,,,,,,,,,,,,,,,,,,,,,,,,,,,,,,,,,,,,,,,,,,,,,,,,,,,,,,,,,,,,,,,,,,,,,,,,,,,,,,,,,,,,,,,,,,,,,,,,,,,,,,,,,,,,,,,,,,,,,,,,,,,,,,,,,,,,,,,,,,,,,,,,,,,,,,,,,,,,,,,,,,,,,,,,,,,,,,,,,,,,,,,,,,,,,,,,,,,,,,,,,,,,,,,,,,,,,,,,,,,,,,,,,,,,,,,,,,,,,,,,,,,,,,,,,,,,,,,,,,,,,,,,,,,,,,,,,,,,,,,,,,,,,,,,,,,,,,,,,,,,,,,,,,,,,,,,,,,,,,,,,,,,,,,,,,,,,,,,,,,,,,,,,,,,,,,,,,,,,,,,,,,,,,,,,,,,,,,,,,,,,,,,,,,,,,,,,,,,,,,,,,,,,,,,,,,,,,,,,,,,,,,,,,,,,,,,,,,,,,68,13,52,72,69,8,66,11,42,7,11,16,27,45,27,20,14,63,44,57,56,83,77,58,22,51,68,65,44,30,25,46,30,8,60,28,9,15,9,23,58,15,22,75,23,32,54,61,55,47,66,44,30,41,33,53,28,15,37,39,19,15,47,10,25,53,34,61,69,63,15,56,68,38,24,30,55,11,74,20,27,50,57,62,28,21,52,8,19,30,31,7,52,68,65,68,18,40,29,11,10,7,52,7,51,54,11,20,17,60,56,36,40,64,78,65,63,18,49,35,90,9,59,31,65,77,45,29,56,10,80,28,16,10,36,73,66,36,38,26,35,15,10,28,25,52,27,20,9,26,39,31,58,22,38,19,8,61,42,60,20,66,64,53,12,19,35-44,Male,,Some college,,Hispanic or Latino,,6,0.801337914
R_5WWXE7TwErDxglP,Risk Analyst,,,,,,,,,,,,,,,,,,,,,,,,,,,,,,,,,,,,,,,,,,,,,,,,,,,,,,,,,,,,,,,,,,,,,,,,,,,,,,,,,,,,,,,,,,,,,,,,,,,,,,,,,,,,,,,,,,,,,,,,,,,,,,,,,,,,,,,,,,,,,,,,,,,,,,,,,,,,,,,,,,,,,,,,,,,,,,,,,,,,,,,,,,,,,,,,,,,,,,,,,,,,,,,,,,,,,,,,,,,,,,,,,,,,,,,,,,,,,,,,,,,,,,,,,,,,,,,,,,,,,,,,,,,,,,,,,,,,,,,,,,,,,,,,,,,,,,,,,,,,,,,,,,,,,,,,,,,,,,,,,,,,,,,,,,,,,,45,15,80,5,80,50,40,60,5,30,70,40,100,50,45,80,45,5,80,50,25,65,25,30,70,90,55,96,5,15,80,70,0,60,30,45,30,5,35,85,5,60,5,20,87,50,20,60,5,15,85,10,45,40,50,85,80,10,100,55,60,5,80,5,70,100,20,90,25,50,70,25,0,50,60,35,85,5,45,3,5,10,32,45,75,100,65,35,80,10,10,5,70,40,30,50,5,5,45,100,50,5,80,80,50,20,60,60,25,55,30,5,65,10,35,55,15,25,5,80,25,15,35,10,60,70,60,90,50,45,90,0,40,5,70,50,40,5,50,55,25,65,5,100,50,35,5,85,5,90,40,60,85,55,0,5,25,5,55,75,55,30,5,75,75,0,50,,,,,,,,,,,,,,,,,,,,,,,,,,,,,,,,,,,,,,,,,,,,,,,,,,,,,,,,,,,,,,,,,,,,,,,,,,,,,,,,,,,,,,,,,,,,,,,,,,,,,,,,,,,,,,,,,,,,,,,,,,,,,,,,,,,,,,,,,,,,,,,,,,,,,,,,,,,,,,,,,,,,,,,,,,,,,,,,,,,,,,,,,,,,,,,,,,,,,,,,,,,,,,,,,,,,,,,,,,,,,,,,,,,,,,,,,,,,,,,,,,,,,,,,,,,,,,,,,,,,,,,,,,,,,,,,,,,,,,,,,,,,,,,,,,,,,,,,,,,,,,,,,,,,,,,,,,,,,,,,,,,,,,,,,,,,,,,,,,,,,,,,,,,,,,,,,,,,,,,,,,,,,,,,,,,,,,,,,,,,,,,,,,,,,,,,,,,,,,,,,,,,,,,,,,,,,,,,,,,,,,,,,,,,,,,,,,,,,,,,,,,,,,,,,,,,,,,,,,,,,,,,,,,,,,,,,,,,,,,,,,,,,,,,,,,,,,,,,,25-34,Female,,High school graduate,,White / Caucasian,,3,0.747627503
R_6dL9qq5AlqKQd3X,Risk Analyst,96,94,2,2,69,1,72,2,70,2,80,86,26,98,51,0,25,3,1,54,1,10,21,3,1,4,51,55,7,60,12,59,6,5,1,37,56,34,0,84,63,51,12,71,48,31,3,74,75,2,25,57,28,9,42,9,92,17,9,10,15,36,47,36,96,7,52,1,4,39,3,58,16,0,49,54,31,84,45,86,5,90,70,96,88,32,5,58,47,62,93,1,4,26,45,4,49,56,22,32,94,25,5,9,8,3,7,37,5,5,60,11,18,34,40,56,7,95,86,61,5,26,53,23,5,73,69,17,5,62,94,43,64,6,93,61,3,98,65,79,5,89,3,9,8,11,5,24,18,32,75,38,18,21,63,8,80,14,74,16,33,2,35,94,4,62,68,,,,,,,,,,,,,,,,,,,,,,,,,,,,,,,,,,,,,,,,,,,,,,,,,,,,,,,,,,,,,,,,,,,,,,,,,,,,,,,,,,,,,,,,,,,,,,,,,,,,,,,,,,,,,,,,,,,,,,,,,,,,,,,,,,,,,,,,,,,,,,,,,,,,,,,,,,,,,,,,,,,,,,,,,,,,,,,,,,,,,,,,,,,,,,,,,,,,,,,,,,,,,,,,,,,,,,,,,,,,,,,,,,,,,,,,,,,,,,,,,,,,,,,,,,,,,,,,,,,,,,,,,,,,,,,,,,,,,,,,,,,,,,,,,,,,,,,,,,,,,,,,,,,,,,,,,,,,,,,,,,,,,,,,,,,,,,,,,,,,,,,,,,,,,,,,,,,,,,,,,,,,,,,,,,,,,,,,,,,,,,,,,,,,,,,,,,,,,,,,,,,,,,,,,,,,,,,,,,,,,,,,,,,,,,,,,,,,,,,,,,,,,,,,,,,,,,,,,,,,,,,,,,,,,,,,,,,,,,,,,,,,,,,,,,,,,,,,,,,,,,,,,,,,,,,,,,,,,,,,,,,,,,,,,,,,,,,,,,,,,,,,,,,,,,,,,,,,,,,,,,,,,,,,,,,,,,,,,,,,,,,,,,,,,,,,,,,,,,,,,,,,,,,,,,,,,,,,,,,,,,,,,,,,,,,,,,,,,,,,,,,,,,,,,,,,,,,,,,,,,,,,,,,,,,,,,,,,,,,,,,,,,,,,,,,,,,,,,,,,,,,,,,,,,,,,,,,,,,,,,,,,,,,,,,,,,,,,,,,,,,,,,,,,,,,,,,,,,,,,,,,,,,,,,,,,,,,,,,,,,,,,,,,,,,,,,,,,,,,,,,,,,,,,,,,,,,,,,,,,,,,,,,,,,,,35-44,Male,,Bachelor's degree,,White / Caucasian,,1,0.936417518
R_7jf6wwF0gDFX1Lr,Risk Analyst,,,,,,,,,,,,,,,,,,,,,,,,,,,,,,,,,,,,,,,,,,,,,,,,,,,,,,,,,,,,,,,,,,,,,,,,,,,,,,,,,,,,,,,,,,,,,,,,,,,,,,,,,,,,,,,,,,,,,,,,,,,,,,,,,,,,,,,,,,,,,,,,,,,,,,,,,,,,,,,,,,,,,,,,,,,,,,,,,,,,,,,,,,,,,,,,,,,,,,,,,,,,,,,,,,,,,,,,,,,,,,,,,,,,,,,,,,,,,,,,,,,,,,,,,,,,,,,,,,,,,,,,,,,,,,,,,,,,,,,,,,,,,,,,,,,,,,,,,,,,,,,,,,,,,,,,,,,,,,,,,,,,,,,,,,,,,,,,,,,,,,,,,,,,,,,,,,,,,,,,,,,,,,,,,,,,,,,,,,,,,,,,,,,,,,,,,,,,,,,,,,,,,,,,,,,,,,,,,,,,,,,,,,,,,,,,,,,,,,,,,,,,,,,,,,,,,,,,,,,,,,,,,,,,,,,,,,,,,,,,,,,,,,,,,,,,,,,,,,,,,,,,,,,,,,,,,,,,,,,,,,,,,,,,,,,,,,,,,,,,,,,,,,,,,,,,,,,,,,,,,,,,,,,,,,,,,,,,,,,,,,,,,,,,,,,,,,,,,,,,,,,,,,,,,,,,,,,,,,,,,,,,,,,,,,,,,,,,,,,,,,,,,,,,,,,,,,,,,,,,,,,,,,,,,,,,,,,,,,,,,,,,,,,,,,,,,,,,,,,,,,,,,,,,,,,,,,,,,,,,,,,,,,,,,,,,,,,,,,,,,,,,,,,,,,,,,,,,,,,,,,,,,,,,,,,,,,,,,,,,,,,,,,,,,,,,,,,,,,,,,,,,,,,,,,,,,,,,,,,,,,,,,,,,,,,,45,55,48,60,60,55,58,48,50,70,60,46,59,65,50,50,55,70,60,55,56,55,50,50,55,50,60,70,55,56,50,50,45,54,58,60,45,60,55,50,60,48,50,50,50,55,50,65,52,61,55,52,59,55,45,55,42,55,60,46,60,60,58,50,46,60,48,55,50,55,57,55,61,48,58,52,52,50,47,63,45,55,48,52,55,50,55,55,52,70,50,55,55,70,55,65,48,50,52,50,45,51,55,55,55,40,65,50,55,57,50,49,52,45,48,70,55,48,50,50,60,50,50,60,60,70,50,54,55,50,55,55,62,50,60,55,60,55,50,60,52,53,50,48,40,52,63,57,50,48,60,50,52,50,70,55,48,55,70,55,54,54,55,58,50,56,25-34,Female,,Some college,,Asian,,6,0.600692246
R_1sAK7LNZiutkLmh,Financial Advisor,,,,,,,,,,,,,,,,,,,,,,,,,,,,,,,,,,,,,,,,,,,,,,,,,,,,,,,,,,,,,,,,,,,,,,,,,,,,,,,,,,,,,,,,,,,,,,,,,,,,,,,,,,,,,,,,,,,,,,,,,,,,,,,,,,,,,,,,,,,,,,,,,,,,,,,,,,,,,,,,,,,,,,,,,,,,,,,,,,,,,,,,,,,,,,,,,,,,,,,,,,,,,,,,,,,,,,,,,,,,,,,,,,,,,,,,,,,,,,,,,,,,,,,,,,,,,,,,,,,,,,,,,,,,,,,,,,,,,,,,,,,,,,,,,,,,,,,,,,,,,,,,,,,,,,,,,,,,,,,,,,,,,,,,,,,,,,,,,,,,,,,,,,,,,,,,,,,,,,,,,,,,,,,,,,,,,,,,,,,,,,,,,,,,,,,,,,,,,,,,,,,,,,,,,,,,,,,,,,,,,,,,,,,,,,,,,,,,,,,,,,,,,,,,,,,,,,,,,,,,,,,,,,,,,,,,,,,,,,,,,,,,,,,,,,,,,,,,,,,,,,,,,,,,,,,,,,,,,,,,,,,,,,,,,,,,,,,,,,,,,,,,,,,,,,,,,,,,,,,,,,,,,,,,,,,,,,,,,,,,,,,,,,,,,,,,,,,,,,,,,,,,,,,,,,,,,,,,,,,,,,,,,,,,,,,,,,,,,,,,,,,,,,,,,,,,,,,,,,,,,,,,,,,,85,45,85,20,40,70,95,85,85,75,90,65,25,45,95,30,75,90,70,50,55,85,80,40,85,60,80,95,40,65,50,80,55,65,85,50,75,80,85,85,50,80,75,90,95,70,80,50,45,90,90,75,85,50,40,85,85,50,50,80,80,65,40,40,90,70,70,50,55,80,95,65,55,80,85,65,85,85,80,90,30,50,45,95,90,80,85,95,80,65,95,40,85,60,75,90,55,60,90,40,85,75,50,85,85,75,70,95,75,65,80,95,65,40,95,75,50,85,65,55,80,75,95,35,55,65,65,79,90,85,90,60,50,75,90,85,65,90,60,95,70,85,75,85,50,85,50,85,55,85,85,80,65,95,55,45,30,85,50,60,85,80,80,75,,,,,,,,,,,,,,,,,,,,,,,,,,,,,,,,,,,,,,,,,,,,,,,,,,,,,,,,,,,,,,,,,,,,,,,,,,,,,,,,,,,,,,,,,,,,,,,,,,,,,,,,,,,,,,,,,,,,,,,,,,,,,,,,,,,,,,,,,,,,,,,,,,,,,,,,,,,,,,,,,,,,,,,55-64,Female,,Bachelor's degree,,White / Caucasian,,5,0.790914438
R_6Nx34DXDteIOIpN,Retail Sales Associate,,,,,,,,,,,,,,,,,,,,,,,,,,,,,,,,,,,,,,,,,,,,,,,,,,,,,,,,,,,,,,,,,,,,,,,,,,,,,,,,,,,,,,,,,,,,,,,,,,,,,,,,,,,,,,,,,,,,,,,,,,,,,,,,,,,,,,,,,,,,,,,,,,,,,,,,,,,,,,,,,,,,,,,,,,,,,,,,,,,,,,,,,,,,,,,,,,,,,,,,,,,,,,,,,,,,,,,,,,,,,,,,,,,,,,,,,,,,,,,,,,,,,,,,,,,,,,,,,,,,,,,,,,,,,,,,,,,,,,,,,,,,,,,,,,,,,,,,,,,,,,,,,,,,,,,,,,,,,,,,,,,,,,,,,,,,,,,,,,,,,,,,,,,,,,,,,,,,,,,,,,,,,,,,,,,,,,,,,,,,,,,,,,,,,,,,,,,,,,,,,,,,,,,,,,,,,,,,,,,,,,,,,,,,,,,,,,,,,,,,,,,,,,,,,,,,,,,,,,,,,,,,,,,,,,,,,,,,,,,,,,,,,,,,,,,,,,,,,,,,,100,1,90,1,25,60,1,99,1,35,43,1,1,1,100,1,73,52,11,20,1,1,1,54,56,32,53,1,1,27,1,1,1,1,66,1,64,94,42,13,91,1,1,61,29,60,21,1,4,1,82,20,31,1,1,1,38,1,17,7,1,1,1,47,79,1,9,99,2,23,1,1,79,1,1,20,58,30,78,11,8,1,47,1,99,35,89,1,3,98,1,70,61,3,74,1,1,44,1,1,73,1,34,1,61,61,38,96,1,16,20,1,100,73,100,68,1,5,100,80,1,11,48,95,86,70,3,63,96,1,11,24,100,54,1,1,63,100,1,51,1,65,2,10,94,63,48,1,1,1,1,99,1,27,30,1,64,1,1,1,1,75,1,1,19,1,100,,,,,,,,,,,,,,,,,,,,,,,,,,,,,,,,,,,,,,,,,,,,,,,,,,,,,,,,,,,,,,,,,,,,,,,,,,,,,,,,,,,,,,,,,,,,,,,,,,,,,,,,,,,,,,,,,,,,,,,,,,,,,,,,,,,,,,,,,,,,,,,,,,,,,,,,,,,,,,,,,,,,,,,,,,,,,,,,,,,,,,,,,,,,,,,,,,,,,,,,,,,,,,,,,,,,,,,,,,,,,,,,,,,,,,,,,,,,,,,,,,,,,,,,,,,,,,,,,,,,,,,,,,,,,,,,,,,,,,,,,,,,,,,,,,,,,,,,,,,,,,,,,,,,,,,,,,,,,,,,,,,,,,,,,,,18-24,Female,,Some college,,Black or African American,,4,0.524778434
R_3WMby7uf08RXQs1,Financial Advisor,,,,,,,,,,,,,,,,,,,,,,,,,,,,,,,,,,,,,,,,,,,,,,,,,,,,,,,,,,,,,,,,,,,,,,,,,,,,,,,,,,,,,,,,,,,,,,,,,,,,,,,,,,,,,,,,,,,,,,,,,,,,,,,,,,,,,,,,,,,,,,,,,,,,,,,,,,,,,,,,,,,,,,,,,,,,,,,,,,,,,,,,,,,,,,,,,,,,,,,,,,,,,,,,,,,,,,,,,,,,,,,,,,,,,,,,,,,,,,,,,,,,,,,,,,,,,,,,,,,,,,,,,,,,,,,,,,,,,,,,,,,,,,,,,,,,,,,,,,,,,,,,,,,,,,,,,,,,,,,,,,,,,,,,,,,,,,62,65,87,64,100,85,79,73,70,82,83,96,99,74,67,79,81,81,75,96,87,70,70,80,73,77,72,85,54,84,84,73,98,79,96,76,82,58,80,85,76,68,84,74,82,69,91,83,40,87,80,55,72,98,98,69,75,87,100,79,74,59,65,92,71,83,78,73,80,80,93,63,57,70,83,73,87,74,68,63,91,80,99,86,73,72,81,66,74,94,63,91,78,73,65,72,93,71,100,69,72,84,80,87,100,100,80,97,72,81,87,72,84,95,93,66,97,61,95,65,73,93,66,77,63,97,75,85,89,72,67,61,65,91,81,86,99,74,84,70,99,83,83,82,81,65,79,81,88,85,72,79,76,85,93,97,86,89,81,100,84,67,86,93,78,89,87,,,,,,,,,,,,,,,,,,,,,,,,,,,,,,,,,,,,,,,,,,,,,,,,,,,,,,,,,,,,,,,,,,,,,,,,,,,,,,,,,,,,,,,,,,,,,,,,,,,,,,,,,,,,,,,,,,,,,,,,,,,,,,,,,,,,,,,,,,,,,,,,,,,,,,,,,,,,,,,,,,,,,,,,,,,,,,,,,,,,,,,,,,,,,,,,,,,,,,,,,,,,,,,,,,,,,,,,,,,,,,,,,,,,,,,,,,,,,,,,,,,,,,,,,,,,,,,,,,,,,,,,,,,,,,,,,,,,,,,,,,,,,,,,,,,,,,,,,,,,,,,,,,,,,,,,,,,,,,,,,,,,,,,,,,,,,,,,,,,,,,,,,,,,,,,,,,,,,,,,,,,,,,,,,,,,,,,,,,,,,,,,,,,,,,,,,,,,,,,,,,,,,,,,,,,,,,,,,,,,,,,,,,,,,,,,,,,,,,,,,,,,,,,,,,,,,,,,,,,,,,,,,,,,,,,,,,,,,,,,,,,,,,,,,,,,,,,,,,25-34,Male,,Graduate degree,,Black or African American,,3,0.740265549
R_6NqPHUG8JhaGt69,Retail Sales Associate,79,100,99,100,99,100,83,100,100,100,98,81,100,52,100,100,91,100,83,46,100,100,100,100,100,100,91,100,100,100,95,90,39,100,100,94,68,86,100,84,67,100,100,100,73,100,79,94,100,67,100,91,100,100,89,100,42,89,98,88,94,100,100,100,96,95,100,100,100,99,100,100,100,100,98,96,97,97,100,75,77,67,100,72,94,94,100,79,82,100,68,100,100,100,99,99,100,100,86,100,57,91,95,98,100,80,100,100,86,100,97,64,100,99,80,96,79,75,80,86,53,100,72,100,100,82,97,100,100,98,68,100,74,86,90,100,94,77,88,98,100,92,100,100,100,100,44,100,100,100,92,100,85,70,100,96,59,97,82,100,97,89,100,60,69,97,100,,,,,,,,,,,,,,,,,,,,,,,,,,,,,,,,,,,,,,,,,,,,,,,,,,,,,,,,,,,,,,,,,,,,,,,,,,,,,,,,,,,,,,,,,,,,,,,,,,,,,,,,,,,,,,,,,,,,,,,,,,,,,,,,,,,,,,,,,,,,,,,,,,,,,,,,,,,,,,,,,,,,,,,,,,,,,,,,,,,,,,,,,,,,,,,,,,,,,,,,,,,,,,,,,,,,,,,,,,,,,,,,,,,,,,,,,,,,,,,,,,,,,,,,,,,,,,,,,,,,,,,,,,,,,,,,,,,,,,,,,,,,,,,,,,,,,,,,,,,,,,,,,,,,,,,,,,,,,,,,,,,,,,,,,,,,,,,,,,,,,,,,,,,,,,,,,,,,,,,,,,,,,,,,,,,,,,,,,,,,,,,,,,,,,,,,,,,,,,,,,,,,,,,,,,,,,,,,,,,,,,,,,,,,,,,,,,,,,,,,,,,,,,,,,,,,,,,,,,,,,,,,,,,,,,,,,,,,,,,,,,,,,,,,,,,,,,,,,,,,,,,,,,,,,,,,,,,,,,,,,,,,,,,,,,,,,,,,,,,,,,,,,,,,,,,,,,,,,,,,,,,,,,,,,,,,,,,,,,,,,,,,,,,,,,,,,,,,,,,,,,,,,,,,,,,,,,,,,,,,,,,,,,,,,,,,,,,,,,,,,,,,,,,,,,,,,,,,,,,,,,,,,,,,,,,,,,,,,,,,,,,,,,,,,,,,,,,,,,,,,,,,,,,,,,,,,,,,,,,,,,,,,,,,,,,,,,,,,,,,,,,,,,,,,,,,,,,,,,,,,,,,,,,,,,,,,,,,,,,,,,,,,,,,,,,,,,,,,,,,,,,,,,,,,,,,,,,,,,,,,,,,,,,,,,,25-34,Female,,Some college,,White / Caucasian,,1,0.737208185
R_1dfHsDmOgl2m2PD,Financial Advisor,,,,,,,,,,,,,,,,,,,,,,,,,,,,,,,,,,,,,,,,,,,,,,,,,,,,,,,,,,,,,,,,,,,,,,,,,,,,,,,,,,,,,,,,,,,,,,,,,,,,,,,,,,,,,,,,,,,,,,,,,,,,,,,,,,,,,,,,,,,,,,,,,,,,,,,,,,,,,,,,,,,,,,,,,,,,,,,,,,,,,,,,,,,,,,,,,,,,,,,,,,,,,,,,,,,,,,,,,,,,,,,,,,,,,,,,,,,,,,,,,,,,,,,,,,,,,,,,,,,,,,,,,,,,,,,,,,,,,,,,,,,,,,,,,,,,,,,,,,,,,,,,,,,,,,,,,,,,,,,,,,,,,,,,,,,,,,,,,,,,,,,,,,,,,,,,,,,,,,,,,,,,,,,,,,,,,,,,,,,,,,,,,,,,,,,,,,,,,,,,,,,,,,,,,,,,,,,,,,,,,,,,,,,,,,,,,,,,,,,,,,,,,,,,,,,,,,,,,,,,,,,,,,,,,,,,,,,,,,,,,,,,,,,,,,,,,,,,,,,,,,,,,,,,,,,,,,,,,,,,,,,,,,,,,,,,,,,,,,,,,,,,,,,,,,,,,,,,,,,,,,,,,,,,,,,,,,,,,,,,,,,,,,,,,,,,,,,,,,,,,,,,,,,,,,,,,,,,,,,,,,,,,,,,,,,,,,,,,,,,,,,,,,,,,,,,,,,,,,,,,,,,,,,,,,,,,,,,,,,,,,,,,,,,,,,,,,,,,,,,,,,,,,,,,,,,,,,,,,,,,,,,,,,,,,,,,,,,,,,,,,,,,,,,,,,,,,,,,,,,,,,,,,,,,,,,,,,,,,,,,,,,,,,,,,,,,,,,,,,,,,,,,,,,,,,,,,,,,,,,,,,,,,,,,,,,86,52,34,78,75,32,76,50,47,49,65,27,48,75,13,76,52,62,51,74,66,27,79,76,75,35,65,81,70,47,28,24,51,51,60,48,39,53,78,49,49,78,48,78,31,64,83,80,52,79,76,26,64,47,65,76,53,49,27,77,42,51,78,25,26,77,87,52,79,56,30,26,77,50,77,49,76,37,86,50,26,27,79,50,14,26,31,49,26,49,32,33,28,75,74,54,56,49,50,46,28,48,77,49,75,22,51,45,50,62,60,51,52,50,76,74,51,29,75,25,76,78,79,27,47,79,25,68,77,27,83,48,50,51,53,68,75,27,26,27,41,27,47,66,53,34,51,49,25,50,76,56,77,28,53,47,25,75,50,51,51,27,78,48,48,26,25-34,Non-binary / Third gender,,Graduate degree,,White / Caucasian,,6,0.698963478
R_7dkqSfxLTm0BGHD,Risk Analyst,,,,,,,,,,,,,,,,,,,,,,,,,,,,,,,,,,,,,,,,,,,,,,,,,,,,,,,,,,,,,,,,,,,,,,,,,,,,,,,,,,,,,,,,,,,,,,,,,,,,,,,,,,,,,,,,,,,,,,,,,,,,,,,,,,,,,,,,,,,,,,,,,,,,,,,,,,,,,,,,,,,,,,,,,,,,,,,,,,,,,,,,,,,,,,,,,,,,,,,,,,,,,,,,,,,,,,,,,,,,,,,,,,,,,,,,,,,,,,,,,,,,,,,,,,,,,,,,,,,,,,,,,,,,,,,,,,,,,,,,,,,,,,,,,,,,,,,,,,,,,,,,,,,,,,,,,,,,,,,,,,,,,,,,,,,,,,,,,,,,,,,,,,,,,,,,,,,,,,,,,,,,,,,,,,,,,,,,,,,,,,,,,,,,,,,,,,,,,,,,,,,,,,,,,,,,,,,,,,,,,,,,,,,,,,,,,,,,,,,,,,,,,,,,,,,,,,,,,,,,,,,,,,,,,,,,,,,,,,,,,,,,,,,,,,,,,,,,,,,,,,,,,,,,,,,,,,,,,,,,,,,,,,,,,,,,,,,,,,,,,,,,,,,,,,,,,,,,,,,,,,,,,,,,,,,,,,,,,,,,,,,,,,,,,,,,,,,,,,,,,,,,,,,,,,,,,,,,,,,,,,,,,,,,,,,,,,,,,,,,,,,,,,,,,,,,,,,,,,,,,,,,,,,,28,18,50,6,27,84,95,71,73,61,58,32,27,41,56,17,11,91,63,58,23,52,84,18,24,30,20,73,7,75,47,81,35,38,61,48,26,23,28,35,26,81,52,28,82,45,91,48,24,86,82,23,95,44,20,80,35,56,36,88,87,7,21,24,74,66,52,41,19,75,96,29,71,92,25,6,51,83,29,30,37,43,48,89,91,51,64,72,95,35,76,4,58,91,86,67,56,20,49,40,89,54,40,46,22,59,53,86,71,56,30,98,81,55,96,57,28,55,20,6,66,13,61,58,27,47,34,86,83,37,76,41,12,77,28,37,26,84,42,79,91,35,54,25,19,24,21,77,52,33,57,82,89,78,4,74,23,21,86,77,38,16,27,63,,,,,,,,,,,,,,,,,,,,,,,,,,,,,,,,,,,,,,,,,,,,,,,,,,,,,,,,,,,,,,,,,,,,,,,,,,,,,,,,,,,,,,,,,,,,,,,,,,,,,,,,,,,,,,,,,,,,,,,,,,,,,,,,,,,,,,,,,,,,,,,,,,,,,,,,,,,,,,,,,,,,,,,45-54,Female,,Graduate degree,,White / Caucasian,,5,0.849186687
R_5gz2RIJJqzcJayR,Financial Advisor,,,,,,,,,,,,,,,,,,,,,,,,,,,,,,,,,,,,,,,,,,,,,,,,,,,,,,,,,,,,,,,,,,,,,,,,,,,,,,,,,,,,,,,,,,,,,,,,,,,,,,,,,,,,,,,,,,,,,,,,,,,,,,,,,,,,,,,,,,,,,,,,,,,,,,,,,,,,,,,,,,,,,,,,,,,,,,,,,,,,,,,,,,,,,,,,,,,,,,,,,,,,,,,,,,,,,,,,,,,,,,,,,,,,,,,,,,,,,,,,,,,,,,,,,,,,,,,,,,,,,,,,,,,,,,,,,,,,,,,,,,,,,,,,,,,,,,,,,,,,,,,,,,,,,,,,,,,,,,,,,,,,,,,,,,,,,,48,40,70,63,68,65,53,58,60,57,59,71,51,70,69,65,58,48,58,73,50,49,55,48,53,44,57,52,44,66,57,44,48,71,51,68,55,60,48,52,45,51,33,51,69,54,58,56,33,60,50,40,45,55,70,51,74,43,76,50,31,49,56,52,50,49,57,57,69,44,70,50,32,71,70,71,66,56,44,31,59,43,65,64,55,61,65,58,62,65,52,50,76,52,50,55,61,50,38,62,50,44,62,60,63,53,62,42,32,60,61,44,49,69,71,47,56,47,58,54,47,82,58,52,55,70,59,68,56,54,58,37,60,70,70,60,80,59,55,73,60,54,57,53,56,63,37,54,40,53,46,52,55,59,49,59,63,47,61,65,59,68,70,67,51,53,56,,,,,,,,,,,,,,,,,,,,,,,,,,,,,,,,,,,,,,,,,,,,,,,,,,,,,,,,,,,,,,,,,,,,,,,,,,,,,,,,,,,,,,,,,,,,,,,,,,,,,,,,,,,,,,,,,,,,,,,,,,,,,,,,,,,,,,,,,,,,,,,,,,,,,,,,,,,,,,,,,,,,,,,,,,,,,,,,,,,,,,,,,,,,,,,,,,,,,,,,,,,,,,,,,,,,,,,,,,,,,,,,,,,,,,,,,,,,,,,,,,,,,,,,,,,,,,,,,,,,,,,,,,,,,,,,,,,,,,,,,,,,,,,,,,,,,,,,,,,,,,,,,,,,,,,,,,,,,,,,,,,,,,,,,,,,,,,,,,,,,,,,,,,,,,,,,,,,,,,,,,,,,,,,,,,,,,,,,,,,,,,,,,,,,,,,,,,,,,,,,,,,,,,,,,,,,,,,,,,,,,,,,,,,,,,,,,,,,,,,,,,,,,,,,,,,,,,,,,,,,,,,,,,,,,,,,,,,,,,,,,,,,,,,,,,,,,,,,,45-54,Male,,Bachelor's degree,,White / Caucasian,,3,0.346786955
R_1rVgJqrbd7RCaCS,Inventory Manager,60,30,55,29,51,33,28,30,23,17,33,34,28,26,28,23,19,48,16,25,27,50,32,17,32,49,17,49,16,43,15,19,15,15,41,21,24,41,20,20,23,15,48,28,18,51,47,34,45,34,20,26,55,26,26,57,24,17,21,20,15,37,27,45,35,27,62,39,39,39,50,40,49,31,58,37,24,14,55,23,30,49,44,26,48,25,32,15,30,52,29,19,39,62,30,53,50,40,22,44,15,14,17,40,45,30,21,26,27,15,41,34,46,23,45,37,46,36,15,18,20,51,20,35,49,54,48,44,35,58,50,30,59,16,32,22,32,56,32,56,46,48,28,56,9,60,28,43,32,33,32,48,22,21,40,21,31,26,52,53,28,45,42,18,24,37,68,,,,,,,,,,,,,,,,,,,,,,,,,,,,,,,,,,,,,,,,,,,,,,,,,,,,,,,,,,,,,,,,,,,,,,,,,,,,,,,,,,,,,,,,,,,,,,,,,,,,,,,,,,,,,,,,,,,,,,,,,,,,,,,,,,,,,,,,,,,,,,,,,,,,,,,,,,,,,,,,,,,,,,,,,,,,,,,,,,,,,,,,,,,,,,,,,,,,,,,,,,,,,,,,,,,,,,,,,,,,,,,,,,,,,,,,,,,,,,,,,,,,,,,,,,,,,,,,,,,,,,,,,,,,,,,,,,,,,,,,,,,,,,,,,,,,,,,,,,,,,,,,,,,,,,,,,,,,,,,,,,,,,,,,,,,,,,,,,,,,,,,,,,,,,,,,,,,,,,,,,,,,,,,,,,,,,,,,,,,,,,,,,,,,,,,,,,,,,,,,,,,,,,,,,,,,,,,,,,,,,,,,,,,,,,,,,,,,,,,,,,,,,,,,,,,,,,,,,,,,,,,,,,,,,,,,,,,,,,,,,,,,,,,,,,,,,,,,,,,,,,,,,,,,,,,,,,,,,,,,,,,,,,,,,,,,,,,,,,,,,,,,,,,,,,,,,,,,,,,,,,,,,,,,,,,,,,,,,,,,,,,,,,,,,,,,,,,,,,,,,,,,,,,,,,,,,,,,,,,,,,,,,,,,,,,,,,,,,,,,,,,,,,,,,,,,,,,,,,,,,,,,,,,,,,,,,,,,,,,,,,,,,,,,,,,,,,,,,,,,,,,,,,,,,,,,,,,,,,,,,,,,,,,,,,,,,,,,,,,,,,,,,,,,,,,,,,,,,,,,,,,,,,,,,,,,,,,,,,,,,,,,,,,,,,,,,,,,,,,,,,,,,,,,,,,,,,,,,,,,,,,,,,,,,,,25-34,Female,,Bachelor's degree,,White / Caucasian,,1,0.472112711
R_72ss0MmVKBPF99h,Financial Advisor,,,,,,,,,,,,,,,,,,,,,,,,,,,,,,,,,,,,,,,,,,,,,,,,,,,,,,,,,,,,,,,,,,,,,,,,,,,,,,,,,,,,,,,,,,,,,,,,,,,,,,,,,,,,,,,,,,,,,,,,,,,,,,,,,,,,,,,,,,,,,,,,,,,,,,,,,,,,,,,,,,,,,,,,,,,,,,,,,,,,,,,,,,,,,,,,,,,,,,,,,,,,,,,,,,,,,,,,,,,,,,,,,,,,,,,,,,,,,,,,,,,,,,,,,,,,,,,,,,,,,,,,,,,,,,,,,,,,,,,,,,,,,,,,,,,,,,,,,,,,,,,,,,,,,,,,,,,,,,,,,,,,,,,,,,,,,,,,,,,,,,,,,,,,,,,,,,,,,,,,,,,,,,,,,,,,,,,,,,,,,,,,,,,,,,,,,,,,,,,,,,,,,,,,,,,,,,,,,,,,,,,,,,,,,,,,,,,,,,,,,,,,,,,,,,,,,,,,,,,,,,,,,,,,,,,,,,,,,,,,,,,,,,,,,,,,,,,,,,,,,,,,,,,,,,,,,,,,,,,,,,,,,,,,,,,,,,,,,,,,,,,,,,,,,,,,,,,,,,,,,,,,,,,,,,,,,,,,,,,,,,,,,,,,,,,,,,,,,,,,,,,,,,,,,,,,,,,,,,,,,,,,,,,,,,,,,,,,,,,,,,,,,,,,,,,,,,,,,,,,,,,,,,,,85,74,80,62,70,75,74,78,84,72,80,75,61,65,75,65,69,73,75,62,85,74,77,73,75,68,60,75,61,72,72,78,65,77,71,71,86,84,70,74,67,70,76,74,81,68,83,66,83,80,75,77,77,62,68,75,78,75,64,72,80,65,65,78,81,75,66,85,69,78,72,73,76,79,80,70,70,80,74,74,65,60,82,75,73,85,80,77,75,79,82,79,80,77,80,71,81,70,80,61,80,75,62,85,70,73,78,70,75,80,65,85,77,84,74,72,62,83,66,77,72,81,85,80,68,64,74,72,78,70,65,77,64,85,80,74,63,79,61,83,79,79,78,74,66,66,67,85,82,81,64,76,70,81,78,74,60,80,78,80,81,67,70,62,,,,,,,,,,,,,,,,,,,,,,,,,,,,,,,,,,,,,,,,,,,,,,,,,,,,,,,,,,,,,,,,,,,,,,,,,,,,,,,,,,,,,,,,,,,,,,,,,,,,,,,,,,,,,,,,,,,,,,,,,,,,,,,,,,,,,,,,,,,,,,,,,,,,,,,,,,,,,,,,,,,,,,,35-44,Male,,Some college,,White / Caucasian,,5,0.789349517
R_6QxN06VErpT20eu,Risk Analyst,,,,,,,,,,,,,,,,,,,,,,,,,,,,,,,,,,,,,,,,,,,,,,,,,,,,,,,,,,,,,,,,,,,,,,,,,,,,,,,,,,,,,,,,,,,,,,,,,,,,,,,,,,,,,,,,,,,,,,,,,,,,,,,,,,,,,,,,,,,,,,,,,,,,,,,,,,,,,,,,,,,,,,,,56,71,78,73,76,32,77,41,80,79,25,34,22,31,75,34,16,64,34,59,83,45,76,78,22,38,63,40,80,38,2,76,39,29,52,10,42,83,32,30,68,26,80,75,23,81,69,25,61,75,55,3,25,66,42,39,42,83,51,27,55,42,56,21,12,74,39,29,20,11,70,33,47,16,15,58,48,17,41,44,2,13,11,40,25,57,18,9,55,15,15,5,33,29,75,70,43,20,17,12,20,61,77,20,62,13,70,40,37,73,52,39,11,57,55,3,77,14,85,33,19,22,21,30,71,43,16,4,60,52,81,68,31,32,32,46,18,41,59,17,49,39,28,78,69,37,78,74,24,56,16,33,45,14,24,54,17,48,17,29,48,47,54,4,52,10,,,,,,,,,,,,,,,,,,,,,,,,,,,,,,,,,,,,,,,,,,,,,,,,,,,,,,,,,,,,,,,,,,,,,,,,,,,,,,,,,,,,,,,,,,,,,,,,,,,,,,,,,,,,,,,,,,,,,,,,,,,,,,,,,,,,,,,,,,,,,,,,,,,,,,,,,,,,,,,,,,,,,,,,,,,,,,,,,,,,,,,,,,,,,,,,,,,,,,,,,,,,,,,,,,,,,,,,,,,,,,,,,,,,,,,,,,,,,,,,,,,,,,,,,,,,,,,,,,,,,,,,,,,,,,,,,,,,,,,,,,,,,,,,,,,,,,,,,,,,,,,,,,,,,,,,,,,,,,,,,,,,,,,,,,,,,,,,,,,,,,,,,,,,,,,,,,,,,,,,,,,,,,,,,,,,,,,,,,,,,,,,,,,,,,,,,,,,,,,,,,,,,,,,,,,,,,,,,,,,,,,,,,,,,,,,,,,,,,,,,,,,,,,,,,,,,,,,,,,,,,,,,,,,,,,,,,,,,,,,,,,,,,,,,,,,,,,,,,,,,,,,,,,,,,,,,,,,,,,,,,,,,,,,,,,,,,,,,,,,,,,,,,,,,,,,,,,,,,,,,,,,,,,,,,,,,,,,,,,,,,,,,,,,,,,,,,,,,,,,,,,,,,,,,,,,,,,,,,,,,,,,,,,,,,,,,,,,,,,,,,,,,,,,,,,,,,,,,,,,,,,,,45-54,Female,,Bachelor's degree,,White / Caucasian,,2,0.708005197
R_1FKYPmgqlx6c1Og,Financial Advisor,,,,,,,,,,,,,,,,,,,,,,,,,,,,,,,,,,,,,,,,,,,,,,,,,,,,,,,,,,,,,,,,,,,,,,,,,,,,,,,,,,,,,,,,,,,,,,,,,,,,,,,,,,,,,,,,,,,,,,,,,,,,,,,,,,,,,,,,,,,,,,,,,,,,,,,,,,,,,,,,,,,,,,,,,,,,,,,,,,,,,,,,,,,,,,,,,,,,,,,,,,,,,,,,,,,,,,,,,,,,,,,,,,,,,,,,,,,,,,,,,,,,,,,,,,,,,,,,,,,,,,,,,,,,,,,,,,,,,,,,,,,,,,,,,,,,,,,,,,,,,,,,,,,,,,,,,,,,,,,,,,,,,,,,,,,,,,14,9,88,10,100,48,54,87,14,10,73,68,93,86,90,13,52,51,50,100,80,82,16,88,50,92,36,76,20,85,92,11,12,100,73,14,89,88,82,89,13,55,28,20,100,62,93,63,10,52,87,55,10,90,83,62,70,50,90,47,81,8,52,45,96,88,52,100,86,33,90,50,1,51,47,9,87,86,100,92,55,89,50,93,90,34,81,37,76,88,31,10,46,30,48,84,29,53,85,87,50,8,83,86,84,100,81,84,38,53,86,18,88,76,89,46,85,49,14,51,85,52,85,90,44,90,53,84,86,49,66,69,86,82,84,51,87,52,63,90,53,49,87,80,87,4,20,100,85,90,30,91,50,87,88,52,88,7,49,83,85,50,89,84,88,16,45,,,,,,,,,,,,,,,,,,,,,,,,,,,,,,,,,,,,,,,,,,,,,,,,,,,,,,,,,,,,,,,,,,,,,,,,,,,,,,,,,,,,,,,,,,,,,,,,,,,,,,,,,,,,,,,,,,,,,,,,,,,,,,,,,,,,,,,,,,,,,,,,,,,,,,,,,,,,,,,,,,,,,,,,,,,,,,,,,,,,,,,,,,,,,,,,,,,,,,,,,,,,,,,,,,,,,,,,,,,,,,,,,,,,,,,,,,,,,,,,,,,,,,,,,,,,,,,,,,,,,,,,,,,,,,,,,,,,,,,,,,,,,,,,,,,,,,,,,,,,,,,,,,,,,,,,,,,,,,,,,,,,,,,,,,,,,,,,,,,,,,,,,,,,,,,,,,,,,,,,,,,,,,,,,,,,,,,,,,,,,,,,,,,,,,,,,,,,,,,,,,,,,,,,,,,,,,,,,,,,,,,,,,,,,,,,,,,,,,,,,,,,,,,,,,,,,,,,,,,,,,,,,,,,,,,,,,,,,,,,,,,,,,,,,,,,,,,,,,25-34,Female,,Bachelor's degree,,Black or African American,,3,0.494744566
R_7eHSdtikxwTotBT,Risk Analyst,,,,,,,,,,,,,,,,,,,,,,,,,,,,,,,,,,,,,,,,,,,,,,,,,,,,,,,,,,,,,,,,,,,,,,,,,,,,,,,,,,,,,,,,,,,,,,,,,,,,,,,,,,,,,,,,,,,,,,,,,,,,,,,,,,,,,,,,,,,,,,,,,,,,,,,,,,,,,,,,,,,,,,,,,,,,,,,,,,,,,,,,,,,,,,,,,,,,,,,,,,,,,,,,,,,,,,,,,,,,,,,,,,,,,,,,,,,,,,,,,,,,,,,,,,,,,,,,,,,,,,,,,,,,,,,,,,,,,,,,,,,,,,,,,,,,,,,,,,,,,,,,,,,,,,,,,,,,,,,,,,,,,,,,,,,,,,,,,,,,,,,,,,,,,,,,,,,,,,,,,,,,,,,,,,,,,,,,,,,,,,,,,,,,,,,,,,,,,,,,,,,,,,,,,,,,,,,,,,,,,,,,,,,,,,,,,,,,,,,,,,,,,,,,,,,,,,,,,,,,,,,,,,,,,,,,,,,,,,,,,,,,,,,,,,,,,,,,,,,,,,,,,,,,,,,,,,,,,,,,,,,,,,,,,,,,,,,,,,,,,,,,,,,,,,,,,,,,,,,,,,,,,,,,,,,,,,,,,,,,,,,,,,,,,,,,,,,,,,,,,,,,,,,,,,,,,,,,,,,,,,,,,,,,,,,,,,,,,,,,,,,,,,,,,,,,,,,,,,,,,,,,,,,,100,88,79,0,3,19,5,66,80,37,93,71,0,5,70,76,71,73,67,9,65,82,3,5,73,76,12,87,6,8,83,9,53,71,78,3,67,89,78,11,12,75,56,76,73,73,4,25,9,64,74,76,51,62,77,58,100,17,7,48,1,47,75,46,30,58,1,79,85,73,66,2,5,7,73,11,85,82,65,79,11,15,81,3,76,82,74,49,6,77,91,81,68,15,3,70,2,87,77,5,6,45,78,13,80,80,17,71,19,74,81,81,50,14,5,72,68,31,76,95,58,75,76,72,84,4,3,2,8,67,90,72,69,71,100,64,24,10,56,100,21,75,6,80,77,17,79,1,28,77,87,78,6,75,5,63,6,78,35,75,41,62,95,2,,,,,,,,,,,,,,,,,,,,,,,,,,,,,,,,,,,,,,,,,,,,,,,,,,,,,,,,,,,,,,,,,,,,,,,,,,,,,,,,,,,,,,,,,,,,,,,,,,,,,,,,,,,,,,,,,,,,,,,,,,,,,,,,,,,,,,,,,,,,,,,,,,,,,,,,,,,,,,,,,,,,,,,18-24,Female,,Some college,,Multiple ethnicity,Biracial,5,0.577582469
R_3wuWu0mjxkKkT3p,Inventory Manager,,,,,,,,,,,,,,,,,,,,,,,,,,,,,,,,,,,,,,,,,,,,,,,,,,,,,,,,,,,,,,,,,,,,,,,,,,,,,,,,,,,,,,,,,,,,,,,,,,,,,,,,,,,,,,,,,,,,,,,,,,,,,,,,,,,,,,,,,,,,,,,,,,,,,,,,,,,,,,,,,,,,,,,,,,,,,,,,,,,,,,,,,,,,,,,,,,,,,,,,,,,,,,,,,,,,,,,,,,,,,,,,,,,,,,,,,,,,,,,,,,,,,,,,,,,,,,,,,,,,,,,,,,,,,,,,,,,,,,,,,,,,,,,,,,,,,,,,,,,,,,,,,,,,,,,,,,,,,,,,,,,,,,,,,,,,,,40,60,60,20,60,54,70,30,30,40,65,34,51,50,63,35,21,18,70,70,31,60,17,14,23,35,20,50,11,80,15,20,50,33,55,21,55,39,40,65,20,49,20,20,60,60,60,65,15,17,34,50,35,25,20,65,30,45,66,12,60,13,85,45,44,40,40,50,45,75,30,21,25,60,50,45,65,75,75,10,50,40,26,45,50,40,40,20,50,60,10,25,22,25,41,75,60,30,40,70,10,30,41,50,60,49,15,25,20,50,70,25,25,30,50,45,35,55,30,31,35,24,35,40,10,43,51,60,17,30,30,65,65,20,55,55,35,21,75,50,55,60,30,67,17,45,20,51,40,61,20,20,80,60,15,70,15,30,70,25,32,45,15,61,55,40,30,,,,,,,,,,,,,,,,,,,,,,,,,,,,,,,,,,,,,,,,,,,,,,,,,,,,,,,,,,,,,,,,,,,,,,,,,,,,,,,,,,,,,,,,,,,,,,,,,,,,,,,,,,,,,,,,,,,,,,,,,,,,,,,,,,,,,,,,,,,,,,,,,,,,,,,,,,,,,,,,,,,,,,,,,,,,,,,,,,,,,,,,,,,,,,,,,,,,,,,,,,,,,,,,,,,,,,,,,,,,,,,,,,,,,,,,,,,,,,,,,,,,,,,,,,,,,,,,,,,,,,,,,,,,,,,,,,,,,,,,,,,,,,,,,,,,,,,,,,,,,,,,,,,,,,,,,,,,,,,,,,,,,,,,,,,,,,,,,,,,,,,,,,,,,,,,,,,,,,,,,,,,,,,,,,,,,,,,,,,,,,,,,,,,,,,,,,,,,,,,,,,,,,,,,,,,,,,,,,,,,,,,,,,,,,,,,,,,,,,,,,,,,,,,,,,,,,,,,,,,,,,,,,,,,,,,,,,,,,,,,,,,,,,,,,,,,,,,,,35-44,Female,,High school graduate,,Asian,,3,0.467368582
R_52X2sqK47tfGlDS,Risk Analyst,,,,,,,,,,,,,,,,,,,,,,,,,,,,,,,,,,,,,,,,,,,,,,,,,,,,,,,,,,,,,,,,,,,,,,,,,,,,,,,,,,,,,,,,,,,,,,,,,,,,,,,,,,,,,,,,,,,,,,,,,,,,,,,,,,,,,,,,,,,,,,,,,,,,,,,,,,,,,,,,,,,,,,,,,,,,,,,,,,,,,,,,,,,,,,,,,,,,,,,,,,,,,,,,,,,,,,,,,,,,,,,,,,,,,,,,,,,,,,,,,,,,,,,,,,,,,,,,,,,,,,,,,,,,,,,,,,,,,,,,,,,,,,,,,,,,,,,,,,,,,,,,,,,,,,,,,,,,,,,,,,,,,,,,,,,,,,,,,,,,,,,,,,,,,,,,,,,,,,,,,,,,,,,,,,,,,,,,,,,,,,,,,,,,,,,,,,,,,,,,,,,,,,,,,,,,,,,,,,,,,,,,,,,,,,,,,,,,,,,,,,,,,,,,,,,,,,,,,,,,,,,,,,,,,,,,,,,,,,,,,,,,,,,,,,,,,,,,,,,,,50,50,0,80,60,50,75,80,75,75,85,75,35,50,22,35,55,50,75,100,75,75,75,35,35,35,80,46,70,75,10,80,50,85,75,85,50,75,80,60,50,100,35,50,35,25,70,60,75,80,50,60,80,35,60,50,51,75,80,35,80,35,75,75,35,50,80,50,65,80,85,70,35,65,75,70,50,90,75,75,75,50,25,80,50,70,50,80,40,30,85,50,35,85,50,30,80,70,35,75,25,75,70,70,50,50,35,70,50,60,70,80,50,50,60,25,55,70,40,36,80,50,40,75,50,50,70,50,75,75,50,55,30,50,36,60,75,50,50,80,70,80,34,70,70,75,50,50,85,70,50,35,50,75,75,75,50,50,35,70,75,75,70,70,70,60,25,,,,,,,,,,,,,,,,,,,,,,,,,,,,,,,,,,,,,,,,,,,,,,,,,,,,,,,,,,,,,,,,,,,,,,,,,,,,,,,,,,,,,,,,,,,,,,,,,,,,,,,,,,,,,,,,,,,,,,,,,,,,,,,,,,,,,,,,,,,,,,,,,,,,,,,,,,,,,,,,,,,,,,,,,,,,,,,,,,,,,,,,,,,,,,,,,,,,,,,,,,,,,,,,,,,,,,,,,,,,,,,,,,,,,,,,,,,,,,,,,,,,,,,,,,,,,,,,,,,,,,,,,,,,,,,,,,,,,,,,,,,,,,,,,,,,,,,,,,,,,,,,,,,,,,,,,,,,,,,,,,,,,,,,,,,65 or above,Female,,Associate's degree,AA,White / Caucasian,,4,0.745247716
R_7omYIBARMickG6l,Retail Sales Associate,,,,,,,,,,,,,,,,,,,,,,,,,,,,,,,,,,,,,,,,,,,,,,,,,,,,,,,,,,,,,,,,,,,,,,,,,,,,,,,,,,,,,,,,,,,,,,,,,,,,,,,,,,,,,,,,,,,,,,,,,,,,,,,,,,,,,,,,,,,,,,,,,,,,,,,,,,,,,,,,,,,,,,,,,,,,,,,,,,,,,,,,,,,,,,,,,,,,,,,,,,,,,,,,,,,,,,,,,,,,,,,,,,,,,,,,,,,,,,,,,,,,,,,,,,,,,,,,,,,,,,,,,,,,,,,,,,,,,,,,,,,,,,,,,,,,,,,,,,,,,,,,,,,,,,,,,,,,,,,,,,,,,,,,,,,,,,,,,,,,,,,,,,,,,,,,,,,,,,,,,,,,,,,,,,,,,,,,,,,,,,,,,,,,,,,,,,,,,,,,,,,,,,,,,,,,,,,,,,,,,,,,,,,,,,,,,,,,,,,,,,,,,,,,,,,,,,,,,,,,,,,,,,,,,,,,,,,,,,,,,,,,,,,,,,,,,,,,,,,,,87,46,26,1,100,2,56,26,78,6,91,6,7,66,67,59,63,73,82,1,6,28,72,100,72,73,9,21,2,46,68,1,41,9,44,13,9,14,94,78,69,6,33,50,3,82,32,22,1,22,43,37,38,40,55,63,2,85,71,40,28,71,21,47,100,21,14,3,3,17,6,3,78,11,85,67,45,73,69,56,29,12,63,24,64,22,18,1,68,20,2,61,11,36,89,13,57,12,76,30,68,1,65,9,85,26,38,8,28,23,75,43,67,7,12,18,7,4,59,1,2,10,100,61,22,39,3,76,71,73,47,2,77,4,91,4,66,56,5,98,69,93,28,37,31,61,27,65,78,35,21,85,45,83,61,47,18,90,3,32,2,30,57,61,63,96,69,,,,,,,,,,,,,,,,,,,,,,,,,,,,,,,,,,,,,,,,,,,,,,,,,,,,,,,,,,,,,,,,,,,,,,,,,,,,,,,,,,,,,,,,,,,,,,,,,,,,,,,,,,,,,,,,,,,,,,,,,,,,,,,,,,,,,,,,,,,,,,,,,,,,,,,,,,,,,,,,,,,,,,,,,,,,,,,,,,,,,,,,,,,,,,,,,,,,,,,,,,,,,,,,,,,,,,,,,,,,,,,,,,,,,,,,,,,,,,,,,,,,,,,,,,,,,,,,,,,,,,,,,,,,,,,,,,,,,,,,,,,,,,,,,,,,,,,,,,,,,,,,,,,,,,,,,,,,,,,,,,,,,,,,,,,18-24,Female,,Bachelor's degree,,Hispanic or Latino,,4,0.59311128
R_762Z8gLcqrqfHO6,Financial Advisor,12,48,0,0,63,6,32,30,0,18,89,0,0,91,0,0,0,77,0,7,3,1,0,0,0,38,15,22,15,0,82,0,0,0,0,0,0,65,4,0,1,8,7,1,13,35,0,4,66,32,39,66,6,70,0,65,60,0,0,4,0,0,2,64,72,61,80,3,0,15,0,47,11,0,0,0,0,32,7,20,51,4,70,56,95,0,10,8,25,17,8,0,0,60,12,12,40,0,0,66,5,39,0,32,40,50,2,0,0,3,2,2,40,0,0,0,0,31,59,35,0,56,0,0,51,40,50,26,0,59,50,0,55,0,79,33,0,50,52,90,2,75,0,64,0,62,0,27,6,59,70,53,1,0,35,0,36,8,0,4,57,76,16,13,0,100,51,,,,,,,,,,,,,,,,,,,,,,,,,,,,,,,,,,,,,,,,,,,,,,,,,,,,,,,,,,,,,,,,,,,,,,,,,,,,,,,,,,,,,,,,,,,,,,,,,,,,,,,,,,,,,,,,,,,,,,,,,,,,,,,,,,,,,,,,,,,,,,,,,,,,,,,,,,,,,,,,,,,,,,,,,,,,,,,,,,,,,,,,,,,,,,,,,,,,,,,,,,,,,,,,,,,,,,,,,,,,,,,,,,,,,,,,,,,,,,,,,,,,,,,,,,,,,,,,,,,,,,,,,,,,,,,,,,,,,,,,,,,,,,,,,,,,,,,,,,,,,,,,,,,,,,,,,,,,,,,,,,,,,,,,,,,,,,,,,,,,,,,,,,,,,,,,,,,,,,,,,,,,,,,,,,,,,,,,,,,,,,,,,,,,,,,,,,,,,,,,,,,,,,,,,,,,,,,,,,,,,,,,,,,,,,,,,,,,,,,,,,,,,,,,,,,,,,,,,,,,,,,,,,,,,,,,,,,,,,,,,,,,,,,,,,,,,,,,,,,,,,,,,,,,,,,,,,,,,,,,,,,,,,,,,,,,,,,,,,,,,,,,,,,,,,,,,,,,,,,,,,,,,,,,,,,,,,,,,,,,,,,,,,,,,,,,,,,,,,,,,,,,,,,,,,,,,,,,,,,,,,,,,,,,,,,,,,,,,,,,,,,,,,,,,,,,,,,,,,,,,,,,,,,,,,,,,,,,,,,,,,,,,,,,,,,,,,,,,,,,,,,,,,,,,,,,,,,,,,,,,,,,,,,,,,,,,,,,,,,,,,,,,,,,,,,,,,,,,,,,,,,,,,,,,,,,,,,,,,,,,,,,,,,,,,,,,,,,,,,,,,,,,,,,,,,,,,,,,,,,,,,,,,,,,,,25-34,Female,,Some college,,Black or African American,,1,0.765603164
R_3Zh6AlDO5HY3A1X,Risk Analyst,,,,,,,,,,,,,,,,,,,,,,,,,,,,,,,,,,,,,,,,,,,,,,,,,,,,,,,,,,,,,,,,,,,,,,,,,,,,,,,,,,,,,,,,,,,,,,,,,,,,,,,,,,,,,,,,,,,,,,,,,,,,,,,,,,,,,,,,,,,,,,,,,,,,,,,,,,,,,,,,,,,,,,,,4,80,77,73,84,39,81,54,22,68,82,76,49,11,77,1,25,75,55,23,69,67,65,79,72,5,10,85,87,84,1,72,12,79,4,12,82,87,99,11,71,75,79,77,8,21,59,70,82,79,14,3,3,68,14,37,57,72,72,25,89,91,84,5,17,73,7,27,47,22,88,4,70,2,7,73,86,17,3,18,53,12,72,74,61,74,25,13,3,89,71,78,19,76,68,16,11,7,7,6,85,90,83,57,9,28,73,66,48,84,33,61,74,73,9,1,78,77,8,49,15,7,77,43,72,18,75,73,78,70,75,44,70,64,88,6,58,41,12,11,82,74,14,20,66,32,65,77,4,16,75,9,3,54,12,19,5,51,81,4,43,6,9,2,8,82,,,,,,,,,,,,,,,,,,,,,,,,,,,,,,,,,,,,,,,,,,,,,,,,,,,,,,,,,,,,,,,,,,,,,,,,,,,,,,,,,,,,,,,,,,,,,,,,,,,,,,,,,,,,,,,,,,,,,,,,,,,,,,,,,,,,,,,,,,,,,,,,,,,,,,,,,,,,,,,,,,,,,,,,,,,,,,,,,,,,,,,,,,,,,,,,,,,,,,,,,,,,,,,,,,,,,,,,,,,,,,,,,,,,,,,,,,,,,,,,,,,,,,,,,,,,,,,,,,,,,,,,,,,,,,,,,,,,,,,,,,,,,,,,,,,,,,,,,,,,,,,,,,,,,,,,,,,,,,,,,,,,,,,,,,,,,,,,,,,,,,,,,,,,,,,,,,,,,,,,,,,,,,,,,,,,,,,,,,,,,,,,,,,,,,,,,,,,,,,,,,,,,,,,,,,,,,,,,,,,,,,,,,,,,,,,,,,,,,,,,,,,,,,,,,,,,,,,,,,,,,,,,,,,,,,,,,,,,,,,,,,,,,,,,,,,,,,,,,,,,,,,,,,,,,,,,,,,,,,,,,,,,,,,,,,,,,,,,,,,,,,,,,,,,,,,,,,,,,,,,,,,,,,,,,,,,,,,,,,,,,,,,,,,,,,,,,,,,,,,,,,,,,,,,,,,,,,,,,,,,,,,,,,,,,,,,,,,,,,,,,,,,,,,,,,,,,,,,,,,,,,,,25-34,Male,,Bachelor's degree,,Asian,,2,0.640301426
R_5JDvq3bjIWM7mPa,Retail Sales Associate,,,,,,,,,,,,,,,,,,,,,,,,,,,,,,,,,,,,,,,,,,,,,,,,,,,,,,,,,,,,,,,,,,,,,,,,,,,,,,,,,,,,,,,,,,,,,,,,,,,,,,,,,,,,,,,,,,,,,,,,,,,,,,,,,,,,,,,,,,,,,,,,,,,,,,,,,,,,,,,,,,,,,,,,10,86,63,42,12,54,76,74,87,11,14,8,41,85,25,91,83,59,90,91,13,80,58,17,75,86,76,81,21,92,89,20,91,55,76,80,87,54,57,9,63,74,13,51,81,44,80,80,23,40,82,0,59,73,74,92,86,34,45,53,4,12,73,18,70,12,75,86,49,82,14,63,94,93,95,63,61,82,57,15,21,64,17,22,78,62,30,97,87,13,29,5,82,21,15,87,30,94,51,96,14,79,3,22,99,92,40,11,17,50,75,8,32,91,82,3,14,68,89,85,84,91,86,42,36,16,82,92,17,20,82,92,11,91,13,87,71,46,79,75,82,95,83,53,86,98,75,11,94,85,17,81,17,69,93,78,25,17,11,82,7,99,88,2,91,94,,,,,,,,,,,,,,,,,,,,,,,,,,,,,,,,,,,,,,,,,,,,,,,,,,,,,,,,,,,,,,,,,,,,,,,,,,,,,,,,,,,,,,,,,,,,,,,,,,,,,,,,,,,,,,,,,,,,,,,,,,,,,,,,,,,,,,,,,,,,,,,,,,,,,,,,,,,,,,,,,,,,,,,,,,,,,,,,,,,,,,,,,,,,,,,,,,,,,,,,,,,,,,,,,,,,,,,,,,,,,,,,,,,,,,,,,,,,,,,,,,,,,,,,,,,,,,,,,,,,,,,,,,,,,,,,,,,,,,,,,,,,,,,,,,,,,,,,,,,,,,,,,,,,,,,,,,,,,,,,,,,,,,,,,,,,,,,,,,,,,,,,,,,,,,,,,,,,,,,,,,,,,,,,,,,,,,,,,,,,,,,,,,,,,,,,,,,,,,,,,,,,,,,,,,,,,,,,,,,,,,,,,,,,,,,,,,,,,,,,,,,,,,,,,,,,,,,,,,,,,,,,,,,,,,,,,,,,,,,,,,,,,,,,,,,,,,,,,,,,,,,,,,,,,,,,,,,,,,,,,,,,,,,,,,,,,,,,,,,,,,,,,,,,,,,,,,,,,,,,,,,,,,,,,,,,,,,,,,,,,,,,,,,,,,,,,,,,,,,,,,,,,,,,,,,,,,,,,,,,,,,,,,,,,,,,,,,,,,,,,,,,,,,,,,,,,,,,,,,,,,,,,45-54,Female,,Graduate degree,,Multiple ethnicity,mixed,2,0.820273661
R_5cdN3i1KMBkdZZA,Risk Analyst,,,,,,,,,,,,,,,,,,,,,,,,,,,,,,,,,,,,,,,,,,,,,,,,,,,,,,,,,,,,,,,,,,,,,,,,,,,,,,,,,,,,,,,,,,,,,,,,,,,,,,,,,,,,,,,,,,,,,,,,,,,,,,,,,,,,,,,,,,,,,,,,,,,,,,,,,,,,,,,,,,,,,,,,65,15,80,80,75,65,75,50,70,50,5,65,30,20,30,10,40,70,10,65,30,64,68,80,60,20,30,65,80,16,1,72,65,55,41,65,30,65,85,15,50,10,75,75,15,70,65,10,50,65,70,0,5,70,50,29,60,85,55,70,66,65,75,50,20,55,70,68,55,40,75,75,70,10,3,75,50,80,10,50,5,65,70,50,30,75,50,65,65,65,50,30,55,70,75,85,60,58,15,20,40,65,80,5,75,65,65,85,58,75,40,60,70,65,60,16,70,70,70,80,35,75,60,50,30,85,50,15,80,75,65,50,50,5,65,55,15,30,75,55,15,3,10,70,40,28,80,65,70,65,58,75,15,70,50,85,60,20,20,54,50,68,80,10,80,41,,,,,,,,,,,,,,,,,,,,,,,,,,,,,,,,,,,,,,,,,,,,,,,,,,,,,,,,,,,,,,,,,,,,,,,,,,,,,,,,,,,,,,,,,,,,,,,,,,,,,,,,,,,,,,,,,,,,,,,,,,,,,,,,,,,,,,,,,,,,,,,,,,,,,,,,,,,,,,,,,,,,,,,,,,,,,,,,,,,,,,,,,,,,,,,,,,,,,,,,,,,,,,,,,,,,,,,,,,,,,,,,,,,,,,,,,,,,,,,,,,,,,,,,,,,,,,,,,,,,,,,,,,,,,,,,,,,,,,,,,,,,,,,,,,,,,,,,,,,,,,,,,,,,,,,,,,,,,,,,,,,,,,,,,,,,,,,,,,,,,,,,,,,,,,,,,,,,,,,,,,,,,,,,,,,,,,,,,,,,,,,,,,,,,,,,,,,,,,,,,,,,,,,,,,,,,,,,,,,,,,,,,,,,,,,,,,,,,,,,,,,,,,,,,,,,,,,,,,,,,,,,,,,,,,,,,,,,,,,,,,,,,,,,,,,,,,,,,,,,,,,,,,,,,,,,,,,,,,,,,,,,,,,,,,,,,,,,,,,,,,,,,,,,,,,,,,,,,,,,,,,,,,,,,,,,,,,,,,,,,,,,,,,,,,,,,,,,,,,,,,,,,,,,,,,,,,,,,,,,,,,,,,,,,,,,,,,,,,,,,,,,,,,,,,,,,,,,,,,,,,,,,25-34,Female,,Graduate degree,,White / Caucasian,,2,0.923815477
R_6MsQMa6yxv391xD,Financial Advisor,,,,,,,,,,,,,,,,,,,,,,,,,,,,,,,,,,,,,,,,,,,,,,,,,,,,,,,,,,,,,,,,,,,,,,,,,,,,,,,,,,,,,,,,,,,,,,,,,,,,,,,,,,,,,,,,,,,,,,,,,,,,,,,,,,,,,,,,,,,,,,,,,,,,,,,,,,,,,,,,,,,,,,,,,,,,,,,,,,,,,,,,,,,,,,,,,,,,,,,,,,,,,,,,,,,,,,,,,,,,,,,,,,,,,,,,,,,,,,,,,,,,,,,,,,,,,,,,,,,,,,,,,,,,,,,,,,,,,,,,,,,,,,,,,,,,,,,,,,,,,,,,,,,,,,,,,,,,,,,,,,,,,,,,,,,,,,,,,,,,,,,,,,,,,,,,,,,,,,,,,,,,,,,,,,,,,,,,,,,,,,,,,,,,,,,,,,,,,,,,,,,,,,,,,,,,,,,,,,,,,,,,,,,,,,,,,,,,,,,,,,,,,,,,,,,,,,,,,,,,,,,,,,,,,,,,,,,,,,,,,,,,,,,,,,,,,,,,,,,,,27,40,17,68,56,39,32,55,55,48,41,67,55,48,15,25,12,22,46,59,23,46,68,52,24,41,86,52,61,34,18,72,55,56,40,91,19,30,60,51,41,95,28,59,47,52,34,38,24,79,16,44,41,50,69,24,60,52,54,85,51,19,79,37,25,61,50,48,90,56,56,82,35,59,49,76,30,60,46,62,60,50,19,82,26,54,42,62,43,15,52,71,24,73,40,33,70,57,6,61,28,86,52,84,39,33,42,71,51,49,67,59,45,33,59,10,64,59,30,35,79,71,60,52,51,57,43,41,48,54,22,91,22,63,33,55,45,32,48,63,30,51,19,43,44,23,21,52,66,62,81,42,76,51,78,68,55,73,18,68,92,46,62,41,70,43,39,,,,,,,,,,,,,,,,,,,,,,,,,,,,,,,,,,,,,,,,,,,,,,,,,,,,,,,,,,,,,,,,,,,,,,,,,,,,,,,,,,,,,,,,,,,,,,,,,,,,,,,,,,,,,,,,,,,,,,,,,,,,,,,,,,,,,,,,,,,,,,,,,,,,,,,,,,,,,,,,,,,,,,,,,,,,,,,,,,,,,,,,,,,,,,,,,,,,,,,,,,,,,,,,,,,,,,,,,,,,,,,,,,,,,,,,,,,,,,,,,,,,,,,,,,,,,,,,,,,,,,,,,,,,,,,,,,,,,,,,,,,,,,,,,,,,,,,,,,,,,,,,,,,,,,,,,,,,,,,,,,,,,,,,,,,65 or above,Male,,Some college,,White / Caucasian,,4,0.932252956
R_1QAvkpanSU6Pz3h,Inventory Manager,,,,,,,,,,,,,,,,,,,,,,,,,,,,,,,,,,,,,,,,,,,,,,,,,,,,,,,,,,,,,,,,,,,,,,,,,,,,,,,,,,,,,,,,,,,,,,,,,,,,,,,,,,,,,,,,,,,,,,,,,,,,,,,,,,,,,,,,,,,,,,,,,,,,,,,,,,,,,,,,,,,,,,,,90,85,25,10,25,80,30,5,15,25,5,75,40,15,20,5,5,15,5,10,5,15,5,10,45,10,75,5,30,5,1,16,10,5,15,80,5,15,40,25,20,5,5,5,5,10,5,30,25,20,5,5,40,10,10,5,5,5,10,25,15,40,25,50,10,20,15,5,80,5,25,40,30,15,5,75,50,5,50,40,5,15,50,10,15,25,5,5,30,5,50,10,5,45,10,40,30,5,10,5,30,25,5,10,5,5,50,20,30,15,5,40,20,10,20,5,10,20,20,20,5,25,5,10,20,5,30,5,15,25,10,10,20,25,40,5,75,40,5,15,70,5,10,5,10,5,5,20,15,5,20,5,25,25,5,50,30,25,15,5,10,10,15,5,20,5,,,,,,,,,,,,,,,,,,,,,,,,,,,,,,,,,,,,,,,,,,,,,,,,,,,,,,,,,,,,,,,,,,,,,,,,,,,,,,,,,,,,,,,,,,,,,,,,,,,,,,,,,,,,,,,,,,,,,,,,,,,,,,,,,,,,,,,,,,,,,,,,,,,,,,,,,,,,,,,,,,,,,,,,,,,,,,,,,,,,,,,,,,,,,,,,,,,,,,,,,,,,,,,,,,,,,,,,,,,,,,,,,,,,,,,,,,,,,,,,,,,,,,,,,,,,,,,,,,,,,,,,,,,,,,,,,,,,,,,,,,,,,,,,,,,,,,,,,,,,,,,,,,,,,,,,,,,,,,,,,,,,,,,,,,,,,,,,,,,,,,,,,,,,,,,,,,,,,,,,,,,,,,,,,,,,,,,,,,,,,,,,,,,,,,,,,,,,,,,,,,,,,,,,,,,,,,,,,,,,,,,,,,,,,,,,,,,,,,,,,,,,,,,,,,,,,,,,,,,,,,,,,,,,,,,,,,,,,,,,,,,,,,,,,,,,,,,,,,,,,,,,,,,,,,,,,,,,,,,,,,,,,,,,,,,,,,,,,,,,,,,,,,,,,,,,,,,,,,,,,,,,,,,,,,,,,,,,,,,,,,,,,,,,,,,,,,,,,,,,,,,,,,,,,,,,,,,,,,,,,,,,,,,,,,,,,,,,,,,,,,,,,,,,,,,,,,,,,,,,,,,,,55-64,Female,,Some college,,White / Caucasian,,2,0.83394003
R_1vc8B1D8h85NCI8,Risk Analyst,,,,,,,,,,,,,,,,,,,,,,,,,,,,,,,,,,,,,,,,,,,,,,,,,,,,,,,,,,,,,,,,,,,,,,,,,,,,,,,,,,,,,,,,,,,,,,,,,,,,,,,,,,,,,,,,,,,,,,,,,,,,,,,,,,,,,,,,,,,,,,,,,,,,,,,,,,,,,,,,,,,,,,,,,,,,,,,,,,,,,,,,,,,,,,,,,,,,,,,,,,,,,,,,,,,,,,,,,,,,,,,,,,,,,,,,,,,,,,,,,,,,,,,,,,,,,,,,,,,,,,,,,,,,,,,,,,,,,,,,,,,,,,,,,,,,,,,,,,,,,,,,,,,,,,,,,,,,,,,,,,,,,,,,,,,,,,,,,,,,,,,,,,,,,,,,,,,,,,,,,,,,,,,,,,,,,,,,,,,,,,,,,,,,,,,,,,,,,,,,,,,,,,,,,,,,,,,,,,,,,,,,,,,,,,,,,,,,,,,,,,,,,,,,,,,,,,,,,,,,,,,,,,,,,,,,,,,,,,,,,,,,,,,,,,,,,,,,,,,,,,,,,,,,,,,,,,,,,,,,,,,,,,,,,,,,,,,,,,,,,,,,,,,,,,,,,,,,,,,,,,,,,,,,,,,,,,,,,,,,,,,,,,,,,,,,,,,,,,,,,,,,,,,,,,,,,,,,,,,,,,,,,,,,,,,,,,,,,,,,,,,,,,,,,,,,,,,,,,,,,,,,,,,,42,50,56,25,76,32,45,52,15,55,36,37,0,69,37,0,78,40,40,41,25,48,64,51,39,67,31,44,50,61,61,71,44,33,39,71,45,24,44,32,49,22,21,43,77,33,73,48,34,23,40,58,100,59,56,23,68,44,75,56,53,32,17,59,68,70,5,83,23,57,31,40,52,17,41,29,8,34,49,50,36,42,49,99,75,33,27,49,17,31,57,23,32,47,48,48,41,19,46,16,47,58,22,8,48,7,52,41,0,48,70,19,36,81,23,26,23,23,32,28,74,45,77,35,31,42,55,36,55,40,77,55,17,63,73,31,31,53,53,60,59,50,75,72,61,37,13,44,50,42,20,73,5,59,47,46,24,65,48,63,43,14,11,61,,,,,,,,,,,,,,,,,,,,,,,,,,,,,,,,,,,,,,,,,,,,,,,,,,,,,,,,,,,,,,,,,,,,,,,,,,,,,,,,,,,,,,,,,,,,,,,,,,,,,,,,,,,,,,,,,,,,,,,,,,,,,,,,,,,,,,,,,,,,,,,,,,,,,,,,,,,,,,,,,,,,,,,18-24,Male,,Some college,,Hispanic or Latino,,5,0.663588532
R_3kRqrhAz7wDQlpF,Financial Advisor,,,,,,,,,,,,,,,,,,,,,,,,,,,,,,,,,,,,,,,,,,,,,,,,,,,,,,,,,,,,,,,,,,,,,,,,,,,,,,,,,,,,,,,,,,,,,,,,,,,,,,,,,,,,,,,,,,,,,,,,,,,,,,,,,,,,,,,,,,,,,,,,,,,,,,,,,,,,,,,,,,,,,,,,,,,,,,,,,,,,,,,,,,,,,,,,,,,,,,,,,,,,,,,,,,,,,,,,,,,,,,,,,,,,,,,,,,,,,,,,,,,,,,,,,,,,,,,,,,,,,,,,,,,,,,,,,,,,,,,,,,,,,,,,,,,,,,,,,,,,,,,,,,,,,,,,,,,,,,,,,,,,,,,,,,,,,,,,,,,,,,,,,,,,,,,,,,,,,,,,,,,,,,,,,,,,,,,,,,,,,,,,,,,,,,,,,,,,,,,,,,,,,,,,,,,,,,,,,,,,,,,,,,,,,,,,,,,,,,,,,,,,,,,,,,,,,,,,,,,,,,,,,,,,,,,,,,,,,,,,,,,,,,,,,,,,,,,,,,,,,75,77,8,67,81,65,79,78,82,73,75,79,78,79,66,68,77,71,81,84,79,77,79,83,56,76,81,66,76,89,48,76,79,79,77,78,68,44,79,79,79,80,67,75,79,73,77,78,77,77,35,80,79,77,78,80,78,83,83,81,75,79,80,81,73,76,75,79,81,78,77,79,77,58,78,77,72,82,80,77,69,76,79,79,61,78,81,78,79,77,75,77,79,80,78,79,79,77,44,77,80,77,78,78,81,78,47,78,80,79,80,82,48,72,80,81,78,79,65,46,78,78,79,77,60,78,80,79,81,49,77,76,55,71,79,59,77,64,79,81,78,66,75,81,77,76,38,77,79,51,79,75,64,77,79,78,75,79,47,83,78,77,77,79,77,52,83,,,,,,,,,,,,,,,,,,,,,,,,,,,,,,,,,,,,,,,,,,,,,,,,,,,,,,,,,,,,,,,,,,,,,,,,,,,,,,,,,,,,,,,,,,,,,,,,,,,,,,,,,,,,,,,,,,,,,,,,,,,,,,,,,,,,,,,,,,,,,,,,,,,,,,,,,,,,,,,,,,,,,,,,,,,,,,,,,,,,,,,,,,,,,,,,,,,,,,,,,,,,,,,,,,,,,,,,,,,,,,,,,,,,,,,,,,,,,,,,,,,,,,,,,,,,,,,,,,,,,,,,,,,,,,,,,,,,,,,,,,,,,,,,,,,,,,,,,,,,,,,,,,,,,,,,,,,,,,,,,,,,,,,,,,,25-34,Female,,Bachelor's degree,,White / Caucasian,,4,0.867233733
R_1rWARvBjzyWBb3P,Retail Sales Associate,,,,,,,,,,,,,,,,,,,,,,,,,,,,,,,,,,,,,,,,,,,,,,,,,,,,,,,,,,,,,,,,,,,,,,,,,,,,,,,,,,,,,,,,,,,,,,,,,,,,,,,,,,,,,,,,,,,,,,,,,,,,,,,,,,,,,,,,,,,,,,,,,,,,,,,,,,,,,,,,,,,,,,,,,,,,,,,,,,,,,,,,,,,,,,,,,,,,,,,,,,,,,,,,,,,,,,,,,,,,,,,,,,,,,,,,,,,,,,,,,,,,,,,,,,,,,,,,,,,,,,,,,,,,,,,,,,,,,,,,,,,,,,,,,,,,,,,,,,,,,,,,,,,,,,,,,,,,,,,,,,,,,,,,,,,,,,,,,,,,,,,,,,,,,,,,,,,,,,,,,,,,,,,,,,,,,,,,,,,,,,,,,,,,,,,,,,,,,,,,,,,,,,,,,,,,,,,,,,,,,,,,,,,,,,,,,,,,,,,,,,,,,,,,,,,,,,,,,,,,,,,,,,,,,,,,,,,,,,,,,,,,,,,,,,,,,,,,,,,,,,,,,,,,,,,,,,,,,,,,,,,,,,,,,,,,,,,,,,,,,,,,,,,,,,,,,,,,,,,,,,,,,,,,,,,,,,,,,,,,,,,,,,,,,,,,,,,,,,,,,,,,,,,,,,,,,,,,,,,,,,,,,,,,,,,,,,,,,,,,,,,,,,,,,,,,,,,,,,,,,,,,,,,,,,,,,,,,,,,,,,,,,,,,,,,,,,,,,,,,,,,,,,,,,,,,,,,,,,,,,,,,,,,,,,,,,,,,,,,,,,,,,,,,,,,,,,,,,,,,,,,,,,,,,,,,,,,,,,,,,,,,,,,,,,,,,,,,,,,,,,,,,,,,,,,,,,,,,,,,,,,,,,,,,,,,90,68,60,67,93,14,88,17,71,79,73,28,15,91,77,22,59,84,72,88,83,82,76,71,60,63,74,75,67,17,59,25,89,72,89,77,66,84,78,62,88,78,69,79,63,27,80,83,78,84,93,71,21,80,17,66,69,66,87,69,74,42,66,79,18,78,27,79,23,89,28,83,79,65,76,10,80,73,72,34,68,75,80,81,83,72,63,12,68,59,19,77,24,83,81,81,62,85,91,31,18,61,60,16,75,75,27,77,77,81,76,71,22,77,88,72,90,34,83,13,88,70,85,75,74,83,75,87,82,62,85,16,77,20,73,79,91,18,21,72,79,58,74,70,62,88,78,60,83,63,77,19,80,13,74,75,12,63,16,85,17,73,85,23,68,74,35-44,Male,,Graduate degree,,Asian,,6,0.928747693
R_1jnZ4BnbhNwq6I1,Inventory Manager,,,,,,,,,,,,,,,,,,,,,,,,,,,,,,,,,,,,,,,,,,,,,,,,,,,,,,,,,,,,,,,,,,,,,,,,,,,,,,,,,,,,,,,,,,,,,,,,,,,,,,,,,,,,,,,,,,,,,,,,,,,,,,,,,,,,,,,,,,,,,,,,,,,,,,,,,,,,,,,,,,,,,,,,,,,,,,,,,,,,,,,,,,,,,,,,,,,,,,,,,,,,,,,,,,,,,,,,,,,,,,,,,,,,,,,,,,,,,,,,,,,,,,,,,,,,,,,,,,,,,,,,,,,,,,,,,,,,,,,,,,,,,,,,,,,,,,,,,,,,,,,,,,,,,,,,,,,,,,,,,,,,,,,,,,,,,,,,,,,,,,,,,,,,,,,,,,,,,,,,,,,,,,,,,,,,,,,,,,,,,,,,,,,,,,,,,,,,,,,,,,,,,,,,,,,,,,,,,,,,,,,,,,,,,,,,,,,,,,,,,,,,,,,,,,,,,,,,,,,,,,,,,,,,,,,,,,,,,,,,,,,,,,,,,,,,,,,,,,,,,,,,,,,,,,,,,,,,,,,,,,,,,,,,,,,,,,,,,,,,,,,,,,,,,,,,,,,,,,,,,,,,,,,,,,,,,,,,,,,,,,,,,,,,,,,,,,,,,,,,,,,,,,,,,,,,,,,,,,,,,,,,,,,,,,,,,,,,,,,,,,,,,,,,,,,,,,,,,,,,,,,,,,,,30,5,80,21,6,65,60,46,50,20,44,50,23,45,50,40,60,95,65,45,6,20,35,62,20,10,25,75,17,40,31,40,20,56,46,30,31,35,20,35,74,94,10,55,75,60,16,11,11,44,65,75,85,25,6,51,90,53,12,60,45,14,15,46,87,79,45,14,30,30,10,12,64,50,25,10,40,40,50,55,10,22,60,86,65,50,15,40,50,10,85,65,20,62,76,45,29,45,39,10,96,45,23,35,35,85,76,95,15,70,25,66,12,34,60,50,25,73,44,41,75,45,75,11,4,39,70,94,60,60,59,45,6,20,61,80,50,80,45,95,56,51,60,25,21,70,35,41,65,45,25,20,45,85,32,50,6,20,82,35,75,40,6,20,,,,,,,,,,,,,,,,,,,,,,,,,,,,,,,,,,,,,,,,,,,,,,,,,,,,,,,,,,,,,,,,,,,,,,,,,,,,,,,,,,,,,,,,,,,,,,,,,,,,,,,,,,,,,,,,,,,,,,,,,,,,,,,,,,,,,,,,,,,,,,,,,,,,,,,,,,,,,,,,,,,,,,,65 or above,Female,,Graduate degree,,White / Caucasian,,5,0.566396942
R_5z7Rzw5RgXNDFOJ,Inventory Manager,60,57,52,73,63,57,68,78,61,49,51,69,47,74,77,37,58,45,63,51,50,39,51,46,48,67,57,58,47,54,55,49,49,62,64,55,60,72,43,54,47,59,50,62,55,52,39,55,58,38,52,67,59,43,45,55,54,49,47,45,51,57,54,68,59,79,49,49,56,56,69,46,58,51,61,56,57,84,56,51,41,58,74,74,66,68,60,56,55,45,54,43,47,59,75,39,74,64,56,58,55,60,45,46,40,80,50,63,56,41,63,49,48,60,58,65,44,71,68,59,49,43,56,49,68,63,56,59,44,61,67,47,77,56,63,68,34,53,66,78,52,51,31,45,46,54,49,60,44,56,69,48,53,56,73,57,84,64,56,56,53,60,67,71,58,61,51,,,,,,,,,,,,,,,,,,,,,,,,,,,,,,,,,,,,,,,,,,,,,,,,,,,,,,,,,,,,,,,,,,,,,,,,,,,,,,,,,,,,,,,,,,,,,,,,,,,,,,,,,,,,,,,,,,,,,,,,,,,,,,,,,,,,,,,,,,,,,,,,,,,,,,,,,,,,,,,,,,,,,,,,,,,,,,,,,,,,,,,,,,,,,,,,,,,,,,,,,,,,,,,,,,,,,,,,,,,,,,,,,,,,,,,,,,,,,,,,,,,,,,,,,,,,,,,,,,,,,,,,,,,,,,,,,,,,,,,,,,,,,,,,,,,,,,,,,,,,,,,,,,,,,,,,,,,,,,,,,,,,,,,,,,,,,,,,,,,,,,,,,,,,,,,,,,,,,,,,,,,,,,,,,,,,,,,,,,,,,,,,,,,,,,,,,,,,,,,,,,,,,,,,,,,,,,,,,,,,,,,,,,,,,,,,,,,,,,,,,,,,,,,,,,,,,,,,,,,,,,,,,,,,,,,,,,,,,,,,,,,,,,,,,,,,,,,,,,,,,,,,,,,,,,,,,,,,,,,,,,,,,,,,,,,,,,,,,,,,,,,,,,,,,,,,,,,,,,,,,,,,,,,,,,,,,,,,,,,,,,,,,,,,,,,,,,,,,,,,,,,,,,,,,,,,,,,,,,,,,,,,,,,,,,,,,,,,,,,,,,,,,,,,,,,,,,,,,,,,,,,,,,,,,,,,,,,,,,,,,,,,,,,,,,,,,,,,,,,,,,,,,,,,,,,,,,,,,,,,,,,,,,,,,,,,,,,,,,,,,,,,,,,,,,,,,,,,,,,,,,,,,,,,,,,,,,,,,,,,,,,,,,,,,,,,,,,,,,,,,,,,,,,,,,,,,,,,,,,,,,,,,,,,,,,25-34,Female,,Graduate degree,,White / Caucasian,,1,0.629731263
R_71nVsapSwCQtNgJ,Inventory Manager,,,,,,,,,,,,,,,,,,,,,,,,,,,,,,,,,,,,,,,,,,,,,,,,,,,,,,,,,,,,,,,,,,,,,,,,,,,,,,,,,,,,,,,,,,,,,,,,,,,,,,,,,,,,,,,,,,,,,,,,,,,,,,,,,,,,,,,,,,,,,,,,,,,,,,,,,,,,,,,,,,,,,,,,,,,,,,,,,,,,,,,,,,,,,,,,,,,,,,,,,,,,,,,,,,,,,,,,,,,,,,,,,,,,,,,,,,,,,,,,,,,,,,,,,,,,,,,,,,,,,,,,,,,,,,,,,,,,,,,,,,,,,,,,,,,,,,,,,,,,,,,,,,,,,,,,,,,,,,,,,,,,,,,,,,,,,,,,,,,,,,,,,,,,,,,,,,,,,,,,,,,,,,,,,,,,,,,,,,,,,,,,,,,,,,,,,,,,,,,,,,,,,,,,,,,,,,,,,,,,,,,,,,,,,,,,,,,,,,,,,,,,,,,,,,,,,,,,,,,,,,,,,,,,,,,,,,,,,,,,,,,,,,,,,,,,,,,,,,,,,,,,,,,,,,,,,,,,,,,,,,,,,,,,,,,,,,,,,,,,,,,,,,,,,,,,,,,,,,,,,,,,,,,,,,,,,,,,,,,,,,,,,,,,,,,,,,,,,,,,,,,,,,,,,,,,,,,,,,,,,,,,,,,,,,,,,,,,,,,,,,,,,,,,,,,,,,,,,,,,,,,,,,,,62,33,82,37,43,55,84,91,85,49,90,53,63,59,83,55,72,74,54,56,65,92,87,62,53,53,56,70,41,63,69,82,42,92,84,41,75,51,43,87,41,50,37,82,87,51,83,57,41,84,91,47,72,69,45,76,96,51,46,93,90,38,41,55,54,30,85,36,58,86,93,57,83,87,76,50,73,94,78,51,44,92,56,70,77,81,82,80,83,92,96,40,62,80,73,96,61,69,62,57,89,75,57,81,41,77,92,84,92,71,37,93,93,78,93,85,42,46,47,46,63,49,94,48,40,38,40,77,91,81,82,57,40,83,55,84,38,92,61,84,77,58,90,69,43,41,59,85,79,63,57,72,47,95,57,77,52,45,62,81,60,69,35,56,,,,,,,,,,,,,,,,,,,,,,,,,,,,,,,,,,,,,,,,,,,,,,,,,,,,,,,,,,,,,,,,,,,,,,,,,,,,,,,,,,,,,,,,,,,,,,,,,,,,,,,,,,,,,,,,,,,,,,,,,,,,,,,,,,,,,,,,,,,,,,,,,,,,,,,,,,,,,,,,,,,,,,,45-54,Female,,Some college,,Black or African American,,5,0.650845824
R_7Qocaae1shGZOos,Financial Advisor,,,,,,,,,,,,,,,,,,,,,,,,,,,,,,,,,,,,,,,,,,,,,,,,,,,,,,,,,,,,,,,,,,,,,,,,,,,,,,,,,,,,,,,,,,,,,,,,,,,,,,,,,,,,,,,,,,,,,,,,,,,,,,,,,,,,,,,,,,,,,,,,,,,,,,,,,,,,,,,,,,,,,,,,,,,,,,,,,,,,,,,,,,,,,,,,,,,,,,,,,,,,,,,,,,,,,,,,,,,,,,,,,,,,,,,,,,,,,,,,,,,,,,,,,,,,,,,,,,,,,,,,,,,,,,,,,,,,,,,,,,,,,,,,,,,,,,,,,,,,,,,,,,,,,,,,,,,,,,,,,,,,,,,,,,,,,,,,,,,,,,,,,,,,,,,,,,,,,,,,,,,,,,,,,,,,,,,,,,,,,,,,,,,,,,,,,,,,,,,,,,,,,,,,,,,,,,,,,,,,,,,,,,,,,,,,,,,,,,,,,,,,,,,,,,,,,,,,,,,,,,,,,,,,,,,,,,,,,,,,,,,,,,,,,,,,,,,,,,,,,21,65,12,38,78,23,58,66,21,14,22,73,71,26,15,14,12,50,81,77,22,12,61,19,22,15,92,60,68,26,5,52,90,71,72,94,12,19,59,6,17,97,7,44,11,13,11,24,13,7,11,16,81,27,88,20,77,21,38,8,9,16,79,93,24,60,2,23,88,25,57,78,26,16,78,37,16,74,79,15,65,14,16,66,5,39,63,86,19,5,21,68,27,73,33,8,24,12,17,50,84,75,86,75,67,77,4,84,10,24,44,33,35,83,26,21,88,56,17,26,95,82,11,9,23,22,45,16,37,18,50,77,5,13,72,20,72,9,8,80,71,16,14,18,10,27,6,22,89,25,66,15,5,71,29,63,19,48,5,70,46,64,88,70,52,73,66,,,,,,,,,,,,,,,,,,,,,,,,,,,,,,,,,,,,,,,,,,,,,,,,,,,,,,,,,,,,,,,,,,,,,,,,,,,,,,,,,,,,,,,,,,,,,,,,,,,,,,,,,,,,,,,,,,,,,,,,,,,,,,,,,,,,,,,,,,,,,,,,,,,,,,,,,,,,,,,,,,,,,,,,,,,,,,,,,,,,,,,,,,,,,,,,,,,,,,,,,,,,,,,,,,,,,,,,,,,,,,,,,,,,,,,,,,,,,,,,,,,,,,,,,,,,,,,,,,,,,,,,,,,,,,,,,,,,,,,,,,,,,,,,,,,,,,,,,,,,,,,,,,,,,,,,,,,,,,,,,,,,,,,,,,,25-34,Male,,Graduate degree,,White / Caucasian,,4,0.584975519
R_6QEm1bxtGZaQL0s,Retail Sales Associate,,,,,,,,,,,,,,,,,,,,,,,,,,,,,,,,,,,,,,,,,,,,,,,,,,,,,,,,,,,,,,,,,,,,,,,,,,,,,,,,,,,,,,,,,,,,,,,,,,,,,,,,,,,,,,,,,,,,,,,,,,,,,,,,,,,,,,,,,,,,,,,,,,,,,,,,,,,,,,,,,,,,,,,,,,,,,,,,,,,,,,,,,,,,,,,,,,,,,,,,,,,,,,,,,,,,,,,,,,,,,,,,,,,,,,,,,,,,,,,,,,,,,,,,,,,,,,,,,,,,,,,,,,,,,,,,,,,,,,,,,,,,,,,,,,,,,,,,,,,,,,,,,,,,,,,,,,,,,,,,,,,,,,,,,,,,,,,,,,,,,,,,,,,,,,,,,,,,,,,,,,,,,,,,,,,,,,,,,,,,,,,,,,,,,,,,,,,,,,,,,,,,,,,,,,,,,,,,,,,,,,,,,,,,,,,,,,,,,,,,,,,,,,,,,,,,,,,,,,,,,,,,,,,,,,,,,,,,,,,,,,,,,,,,,,,,,,,,,,,,,56,71,7,5,47,15,30,22,72,28,15,26,22,75,75,10,70,68,53,8,53,66,68,87,64,59,1,9,5,84,75,68,85,35,60,3,56,7,73,50,85,5,4,65,23,27,71,50,12,15,50,30,70,21,79,36,8,85,15,47,2,30,80,35,19,15,15,7,4,5,9,11,30,2,84,25,11,78,84,80,3,8,15,11,58,3,44,4,56,50,2,68,3,68,60,70,70,15,13,33,81,3,30,19,60,90,50,50,33,25,80,49,58,5,25,50,15,16,27,26,14,10,64,58,8,70,7,17,34,24,62,15,40,5,80,55,37,70,73,55,65,64,16,78,47,79,11,34,48,15,84,8,14,81,17,86,25,76,16,40,2,85,51,40,70,44,72,,,,,,,,,,,,,,,,,,,,,,,,,,,,,,,,,,,,,,,,,,,,,,,,,,,,,,,,,,,,,,,,,,,,,,,,,,,,,,,,,,,,,,,,,,,,,,,,,,,,,,,,,,,,,,,,,,,,,,,,,,,,,,,,,,,,,,,,,,,,,,,,,,,,,,,,,,,,,,,,,,,,,,,,,,,,,,,,,,,,,,,,,,,,,,,,,,,,,,,,,,,,,,,,,,,,,,,,,,,,,,,,,,,,,,,,,,,,,,,,,,,,,,,,,,,,,,,,,,,,,,,,,,,,,,,,,,,,,,,,,,,,,,,,,,,,,,,,,,,,,,,,,,,,,,,,,,,,,,,,,,,,,,,,,,,25-34,Female,,Bachelor's degree,,White / Caucasian,,4,0.821462185
R_1CszFtTdkpFQqKO,Inventory Manager,,,,,,,,,,,,,,,,,,,,,,,,,,,,,,,,,,,,,,,,,,,,,,,,,,,,,,,,,,,,,,,,,,,,,,,,,,,,,,,,,,,,,,,,,,,,,,,,,,,,,,,,,,,,,,,,,,,,,,,,,,,,,,,,,,,,,,,,,,,,,,,,,,,,,,,,,,,,,,,,,,,,,,,,,,,,,,,,,,,,,,,,,,,,,,,,,,,,,,,,,,,,,,,,,,,,,,,,,,,,,,,,,,,,,,,,,,,,,,,,,,,,,,,,,,,,,,,,,,,,,,,,,,,,,,,,,,,,,,,,,,,,,,,,,,,,,,,,,,,,,,,,,,,,,,,,,,,,,,,,,,,,,,,,,,,,,,55,30,60,57,100,37,54,59,25,28,62,20,56,47,54,50,53,50,53,42,39,54,9,29,20,60,41,67,57,50,61,30,32,50,50,25,35,20,59,55,28,25,50,50,50,52,53,55,46,50,52,29,32,62,70,51,58,57,54,62,34,9,18,66,53,50,58,54,33,64,68,43,34,95,51,51,63,22,70,8,54,45,54,51,50,50,51,45,50,55,55,17,46,40,52,63,16,50,55,52,59,69,57,51,50,52,52,59,50,51,52,48,40,51,53,57,52,55,37,69,50,21,56,50,37,61,37,49,50,47,51,20,51,50,50,54,70,56,51,50,56,30,32,100,38,21,52,37,34,50,52,35,48,51,57,50,51,19,52,52,52,51,16,50,29,26,55,,,,,,,,,,,,,,,,,,,,,,,,,,,,,,,,,,,,,,,,,,,,,,,,,,,,,,,,,,,,,,,,,,,,,,,,,,,,,,,,,,,,,,,,,,,,,,,,,,,,,,,,,,,,,,,,,,,,,,,,,,,,,,,,,,,,,,,,,,,,,,,,,,,,,,,,,,,,,,,,,,,,,,,,,,,,,,,,,,,,,,,,,,,,,,,,,,,,,,,,,,,,,,,,,,,,,,,,,,,,,,,,,,,,,,,,,,,,,,,,,,,,,,,,,,,,,,,,,,,,,,,,,,,,,,,,,,,,,,,,,,,,,,,,,,,,,,,,,,,,,,,,,,,,,,,,,,,,,,,,,,,,,,,,,,,,,,,,,,,,,,,,,,,,,,,,,,,,,,,,,,,,,,,,,,,,,,,,,,,,,,,,,,,,,,,,,,,,,,,,,,,,,,,,,,,,,,,,,,,,,,,,,,,,,,,,,,,,,,,,,,,,,,,,,,,,,,,,,,,,,,,,,,,,,,,,,,,,,,,,,,,,,,,,,,,,,,,,,,25-34,Female,,Bachelor's degree,,White / Caucasian,,3,0.332859621
R_1ceLwwEBfTXN2GV,Risk Analyst,,,,,,,,,,,,,,,,,,,,,,,,,,,,,,,,,,,,,,,,,,,,,,,,,,,,,,,,,,,,,,,,,,,,,,,,,,,,,,,,,,,,,,,,,,,,,,,,,,,,,,,,,,,,,,,,,,,,,,,,,,,,,,,,,,,,,,,,,,,,,,,,,,,,,,,,,,,,,,,,,,,,,,,,60,5,80,76,71,83,82,21,75,81,14,15,18,54,13,66,77,81,18,88,85,74,73,90,79,74,24,78,81,85,16,48,18,74,85,82,17,84,63,18,70,10,84,78,16,64,55,20,73,76,79,3,22,82,70,19,80,82,26,70,76,18,68,76,71,49,67,49,67,12,79,79,76,34,84,81,42,67,33,79,12,19,49,61,63,73,23,15,64,61,42,52,72,74,61,85,78,30,17,22,14,81,76,71,70,73,45,77,82,79,20,79,61,14,76,5,69,80,79,84,8,52,20,56,55,77,33,13,85,82,79,54,41,52,64,78,18,28,69,77,23,80,24,80,88,42,81,82,80,21,67,76,48,56,76,79,51,15,16,71,82,15,76,4,48,58,,,,,,,,,,,,,,,,,,,,,,,,,,,,,,,,,,,,,,,,,,,,,,,,,,,,,,,,,,,,,,,,,,,,,,,,,,,,,,,,,,,,,,,,,,,,,,,,,,,,,,,,,,,,,,,,,,,,,,,,,,,,,,,,,,,,,,,,,,,,,,,,,,,,,,,,,,,,,,,,,,,,,,,,,,,,,,,,,,,,,,,,,,,,,,,,,,,,,,,,,,,,,,,,,,,,,,,,,,,,,,,,,,,,,,,,,,,,,,,,,,,,,,,,,,,,,,,,,,,,,,,,,,,,,,,,,,,,,,,,,,,,,,,,,,,,,,,,,,,,,,,,,,,,,,,,,,,,,,,,,,,,,,,,,,,,,,,,,,,,,,,,,,,,,,,,,,,,,,,,,,,,,,,,,,,,,,,,,,,,,,,,,,,,,,,,,,,,,,,,,,,,,,,,,,,,,,,,,,,,,,,,,,,,,,,,,,,,,,,,,,,,,,,,,,,,,,,,,,,,,,,,,,,,,,,,,,,,,,,,,,,,,,,,,,,,,,,,,,,,,,,,,,,,,,,,,,,,,,,,,,,,,,,,,,,,,,,,,,,,,,,,,,,,,,,,,,,,,,,,,,,,,,,,,,,,,,,,,,,,,,,,,,,,,,,,,,,,,,,,,,,,,,,,,,,,,,,,,,,,,,,,,,,,,,,,,,,,,,,,,,,,,,,,,,,,,,,,,,,,,,,,,35-44,Female,,Some college,,White / Caucasian,,2,0.763572822
R_7E4zpELX0yjXS4F,Risk Analyst,,,,,,,,,,,,,,,,,,,,,,,,,,,,,,,,,,,,,,,,,,,,,,,,,,,,,,,,,,,,,,,,,,,,,,,,,,,,,,,,,,,,,,,,,,,,,,,,,,,,,,,,,,,,,,,,,,,,,,,,,,,,,,,,,,,,,,,,,,,,,,,,,,,,,,,,,,,,,,,,,,,,,,,,,,,,,,,,,,,,,,,,,,,,,,,,,,,,,,,,,,,,,,,,,,,,,,,,,,,,,,,,,,,,,,,,,,,,,,,,,,,,,,,,,,,,,,,,,,,,,,,,,,,,,,,,,,,,,,,,,,,,,,,,,,,,,,,,,,,,,,,,,,,,,,,,,,,,,,,,,,,,,,,,,,,,,,,,,,,,,,,,,,,,,,,,,,,,,,,,,,,,,,,,,,,,,,,,,,,,,,,,,,,,,,,,,,,,,,,,,,,,,,,,,,,,,,,,,,,,,,,,,,,,,,,,,,,,,,,,,,,,,,,,,,,,,,,,,,,,,,,,,,,,,,,,,,,,,,,,,,,,,,,,,,,,,,,,,,,,,42,74,15,62,25,57,67,66,57,23,24,75,64,55,26,24,49,26,34,69,54,84,51,36,43,24,59,61,81,78,16,67,81,75,65,78,19,17,26,35,42,75,29,70,30,44,69,15,72,67,37,30,23,29,36,22,54,27,29,76,64,21,76,53,60,27,18,50,79,71,65,65,23,75,73,76,31,56,46,76,49,75,37,29,21,37,32,75,25,23,44,50,59,28,36,22,25,27,26,46,21,77,37,69,25,77,15,21,25,65,27,52,30,31,21,37,75,58,20,37,68,53,27,49,23,74,71,30,28,63,58,78,14,77,16,52,22,31,73,28,78,33,27,40,75,77,30,26,45,69,72,34,28,68,22,73,50,35,23,67,67,78,29,37,29,58,29,,,,,,,,,,,,,,,,,,,,,,,,,,,,,,,,,,,,,,,,,,,,,,,,,,,,,,,,,,,,,,,,,,,,,,,,,,,,,,,,,,,,,,,,,,,,,,,,,,,,,,,,,,,,,,,,,,,,,,,,,,,,,,,,,,,,,,,,,,,,,,,,,,,,,,,,,,,,,,,,,,,,,,,,,,,,,,,,,,,,,,,,,,,,,,,,,,,,,,,,,,,,,,,,,,,,,,,,,,,,,,,,,,,,,,,,,,,,,,,,,,,,,,,,,,,,,,,,,,,,,,,,,,,,,,,,,,,,,,,,,,,,,,,,,,,,,,,,,,,,,,,,,,,,,,,,,,,,,,,,,,,,,,,,,,,18-24,Female,,Bachelor's degree,,White / Caucasian,,4,0.681759945
R_13wCulSUrEgbwL6,Retail Sales Associate,,,,,,,,,,,,,,,,,,,,,,,,,,,,,,,,,,,,,,,,,,,,,,,,,,,,,,,,,,,,,,,,,,,,,,,,,,,,,,,,,,,,,,,,,,,,,,,,,,,,,,,,,,,,,,,,,,,,,,,,,,,,,,,,,,,,,,,,,,,,,,,,,,,,,,,,,,,,,,,,,,,,,,,,,,,,,,,,,,,,,,,,,,,,,,,,,,,,,,,,,,,,,,,,,,,,,,,,,,,,,,,,,,,,,,,,,,,,,,,,,,,,,,,,,,,,,,,,,,,,,,,,,,,,,,,,,,,,,,,,,,,,,,,,,,,,,,,,,,,,,,,,,,,,,,,,,,,,,,,,,,,,,,,,,,,,,,81,68,64,92,55,70,65,75,80,68,88,60,60,61,75,78,78,67,78,50,75,60,85,75,90,85,75,85,78,85,40,80,45,60,75,90,70,85,58,78,60,80,75,78,85,85,60,75,55,60,90,75,80,60,50,78,85,65,58,80,50,90,80,61,60,52,80,95,95,80,80,85,70,85,81,85,68,79,80,70,70,65,57,70,80,75,50,75,75,53,95,60,55,90,75,73,68,85,60,78,60,55,78,80,40,50,60,76,60,95,65,78,88,75,60,82,50,84,75,85,70,55,70,80,85,65,95,65,90,75,85,58,72,55,65,70,55,90,80,80,60,85,60,75,78,80,70,75,55,80,85,80,82,62,65,68,60,58,78,55,82,84,68,60,100,55,70,,,,,,,,,,,,,,,,,,,,,,,,,,,,,,,,,,,,,,,,,,,,,,,,,,,,,,,,,,,,,,,,,,,,,,,,,,,,,,,,,,,,,,,,,,,,,,,,,,,,,,,,,,,,,,,,,,,,,,,,,,,,,,,,,,,,,,,,,,,,,,,,,,,,,,,,,,,,,,,,,,,,,,,,,,,,,,,,,,,,,,,,,,,,,,,,,,,,,,,,,,,,,,,,,,,,,,,,,,,,,,,,,,,,,,,,,,,,,,,,,,,,,,,,,,,,,,,,,,,,,,,,,,,,,,,,,,,,,,,,,,,,,,,,,,,,,,,,,,,,,,,,,,,,,,,,,,,,,,,,,,,,,,,,,,,,,,,,,,,,,,,,,,,,,,,,,,,,,,,,,,,,,,,,,,,,,,,,,,,,,,,,,,,,,,,,,,,,,,,,,,,,,,,,,,,,,,,,,,,,,,,,,,,,,,,,,,,,,,,,,,,,,,,,,,,,,,,,,,,,,,,,,,,,,,,,,,,,,,,,,,,,,,,,,,,,,,,,,,35-44,Male,,Some college,,White / Caucasian,,3,0.888108366
R_3dEujmPotHwtAtd,Retail Sales Associate,,,,,,,,,,,,,,,,,,,,,,,,,,,,,,,,,,,,,,,,,,,,,,,,,,,,,,,,,,,,,,,,,,,,,,,,,,,,,,,,,,,,,,,,,,,,,,,,,,,,,,,,,,,,,,,,,,,,,,,,,,,,,,,,,,,,,,,,,,,,,,,,,,,,,,,,,,,,,,,,,,,,,,,,1,33,5,29,21,7,26,91,69,5,40,10,33,81,5,76,96,10,95,82,58,10,75,5,5,82,13,88,13,90,86,49,89,72,82,59,94,51,29,5,9,72,5,32,80,6,79,38,34,12,91,0,8,91,81,88,55,27,82,33,28,12,61,52,72,7,86,93,50,88,5,58,8,75,82,5,21,20,41,14,81,25,7,86,80,5,78,95,86,18,34,81,83,17,7,7,5,86,72,91,11,5,26,79,52,89,16,7,8,84,47,11,7,86,76,0,22,8,48,7,90,26,90,14,41,3,11,98,6,25,60,62,42,6,50,84,40,4,87,10,13,92,81,13,4,88,7,2,69,91,10,57,61,13,92,15,8,34,88,90,7,81,83,0,8,91,,,,,,,,,,,,,,,,,,,,,,,,,,,,,,,,,,,,,,,,,,,,,,,,,,,,,,,,,,,,,,,,,,,,,,,,,,,,,,,,,,,,,,,,,,,,,,,,,,,,,,,,,,,,,,,,,,,,,,,,,,,,,,,,,,,,,,,,,,,,,,,,,,,,,,,,,,,,,,,,,,,,,,,,,,,,,,,,,,,,,,,,,,,,,,,,,,,,,,,,,,,,,,,,,,,,,,,,,,,,,,,,,,,,,,,,,,,,,,,,,,,,,,,,,,,,,,,,,,,,,,,,,,,,,,,,,,,,,,,,,,,,,,,,,,,,,,,,,,,,,,,,,,,,,,,,,,,,,,,,,,,,,,,,,,,,,,,,,,,,,,,,,,,,,,,,,,,,,,,,,,,,,,,,,,,,,,,,,,,,,,,,,,,,,,,,,,,,,,,,,,,,,,,,,,,,,,,,,,,,,,,,,,,,,,,,,,,,,,,,,,,,,,,,,,,,,,,,,,,,,,,,,,,,,,,,,,,,,,,,,,,,,,,,,,,,,,,,,,,,,,,,,,,,,,,,,,,,,,,,,,,,,,,,,,,,,,,,,,,,,,,,,,,,,,,,,,,,,,,,,,,,,,,,,,,,,,,,,,,,,,,,,,,,,,,,,,,,,,,,,,,,,,,,,,,,,,,,,,,,,,,,,,,,,,,,,,,,,,,,,,,,,,,,,,,,,,,,,,,,,,,,,18-24,Female,,High school graduate,,American Indian or Alaskan Native,,2,0.924159744
R_7iuXimnUtUwBhtL,Financial Advisor,,,,,,,,,,,,,,,,,,,,,,,,,,,,,,,,,,,,,,,,,,,,,,,,,,,,,,,,,,,,,,,,,,,,,,,,,,,,,,,,,,,,,,,,,,,,,,,,,,,,,,,,,,,,,,,,,,,,,,,,,,,,,,,,,,,,,,,,,,,,,,,,,,,,,,,,,,,,,,,,,,,,,,,,20,10,100,70,80,30,73,65,100,70,10,80,10,60,5,50,50,80,10,65,82,46,69,100,65,65,40,100,75,20,7,75,50,68,95,50,70,100,100,23,100,20,100,100,30,100,60,50,87,100,75,0,10,80,20,60,100,100,55,70,80,100,40,10,15,83,30,67,50,75,70,100,75,15,45,50,30,65,46,90,14,77,57,64,60,60,25,80,73,75,30,69,90,90,100,100,20,50,17,40,17,100,100,40,85,15,81,100,70,75,30,68,42,75,100,10,85,100,25,100,50,5,50,30,35,47,25,59,100,100,85,41,15,7,57,95,25,25,75,44,25,44,40,100,81,47,100,75,25,75,60,85,40,44,85,100,20,5,30,25,100,40,100,2,70,50,,,,,,,,,,,,,,,,,,,,,,,,,,,,,,,,,,,,,,,,,,,,,,,,,,,,,,,,,,,,,,,,,,,,,,,,,,,,,,,,,,,,,,,,,,,,,,,,,,,,,,,,,,,,,,,,,,,,,,,,,,,,,,,,,,,,,,,,,,,,,,,,,,,,,,,,,,,,,,,,,,,,,,,,,,,,,,,,,,,,,,,,,,,,,,,,,,,,,,,,,,,,,,,,,,,,,,,,,,,,,,,,,,,,,,,,,,,,,,,,,,,,,,,,,,,,,,,,,,,,,,,,,,,,,,,,,,,,,,,,,,,,,,,,,,,,,,,,,,,,,,,,,,,,,,,,,,,,,,,,,,,,,,,,,,,,,,,,,,,,,,,,,,,,,,,,,,,,,,,,,,,,,,,,,,,,,,,,,,,,,,,,,,,,,,,,,,,,,,,,,,,,,,,,,,,,,,,,,,,,,,,,,,,,,,,,,,,,,,,,,,,,,,,,,,,,,,,,,,,,,,,,,,,,,,,,,,,,,,,,,,,,,,,,,,,,,,,,,,,,,,,,,,,,,,,,,,,,,,,,,,,,,,,,,,,,,,,,,,,,,,,,,,,,,,,,,,,,,,,,,,,,,,,,,,,,,,,,,,,,,,,,,,,,,,,,,,,,,,,,,,,,,,,,,,,,,,,,,,,,,,,,,,,,,,,,,,,,,,,,,,,,,,,,,,,,,,,,,,,,,,,,,55-64,Female,,Some college,,White / Caucasian,,2,0.88736024
R_1hGs9ehjfTaQA71,Inventory Manager,24,65,68,74,68,64,69,73,68,68,82,26,66,16,79,79,67,69,69,77,69,63,68,63,69,72,64,76,75,69,65,79,80,77,65,69,22,23,70,31,61,80,59,62,68,79,67,84,76,20,29,28,71,71,65,69,30,77,71,67,73,74,61,73,19,74,67,69,75,82,71,68,75,66,74,72,66,25,63,19,73,17,76,23,76,61,75,68,67,79,25,72,76,75,73,65,64,70,67,79,11,75,71,71,73,67,78,68,71,72,40,14,68,68,77,68,79,25,13,24,74,81,66,65,69,63,70,86,65,67,30,67,74,67,72,82,62,23,64,32,70,70,73,76,68,74,74,67,64,66,25,82,76,64,71,69,22,63,69,75,81,72,77,28,73,68,58,,,,,,,,,,,,,,,,,,,,,,,,,,,,,,,,,,,,,,,,,,,,,,,,,,,,,,,,,,,,,,,,,,,,,,,,,,,,,,,,,,,,,,,,,,,,,,,,,,,,,,,,,,,,,,,,,,,,,,,,,,,,,,,,,,,,,,,,,,,,,,,,,,,,,,,,,,,,,,,,,,,,,,,,,,,,,,,,,,,,,,,,,,,,,,,,,,,,,,,,,,,,,,,,,,,,,,,,,,,,,,,,,,,,,,,,,,,,,,,,,,,,,,,,,,,,,,,,,,,,,,,,,,,,,,,,,,,,,,,,,,,,,,,,,,,,,,,,,,,,,,,,,,,,,,,,,,,,,,,,,,,,,,,,,,,,,,,,,,,,,,,,,,,,,,,,,,,,,,,,,,,,,,,,,,,,,,,,,,,,,,,,,,,,,,,,,,,,,,,,,,,,,,,,,,,,,,,,,,,,,,,,,,,,,,,,,,,,,,,,,,,,,,,,,,,,,,,,,,,,,,,,,,,,,,,,,,,,,,,,,,,,,,,,,,,,,,,,,,,,,,,,,,,,,,,,,,,,,,,,,,,,,,,,,,,,,,,,,,,,,,,,,,,,,,,,,,,,,,,,,,,,,,,,,,,,,,,,,,,,,,,,,,,,,,,,,,,,,,,,,,,,,,,,,,,,,,,,,,,,,,,,,,,,,,,,,,,,,,,,,,,,,,,,,,,,,,,,,,,,,,,,,,,,,,,,,,,,,,,,,,,,,,,,,,,,,,,,,,,,,,,,,,,,,,,,,,,,,,,,,,,,,,,,,,,,,,,,,,,,,,,,,,,,,,,,,,,,,,,,,,,,,,,,,,,,,,,,,,,,,,,,,,,,,,,,,,,,,,,,,,,,,,,,,,,,,,,,,,,,,,,,,,,,,,,35-44,Female,,Graduate degree,,White / Caucasian,,1,0.748842701
R_6ctEWjxSeLhbDOf,Retail Sales Associate,,,,,,,,,,,,,,,,,,,,,,,,,,,,,,,,,,,,,,,,,,,,,,,,,,,,,,,,,,,,,,,,,,,,,,,,,,,,,,,,,,,,,,,,,,,,,,,,,,,,,,,,,,,,,,,,,,,,,,,,,,,,,,,,,,,,,,,,,,,,,,,,,,,,,,,,,,,,,,,,,,,,,,,,52,58,73,56,65,80,77,84,91,70,56,66,77,74,51,94,85,67,96,80,78,72,65,74,76,75,64,77,67,92,61,67,77,67,94,94,85,78,75,60,74,78,76,70,72,88,93,93,60,59,92,33,79,88,64,86,64,69,62,80,55,62,86,55,93,69,75,90,80,65,53,80,88,76,82,64,69,76,69,70,64,64,86,58,58,93,69,83,91,73,62,87,85,67,57,76,65,61,50,82,68,63,65,95,93,70,52,74,71,55,69,60,80,89,85,33,74,57,86,58,72,81,83,47,94,57,82,70,65,69,84,85,71,77,79,77,82,65,90,69,60,93,68,82,63,86,71,69,75,90,67,77,70,80,84,77,65,75,93,62,62,90,89,33,66,70,,,,,,,,,,,,,,,,,,,,,,,,,,,,,,,,,,,,,,,,,,,,,,,,,,,,,,,,,,,,,,,,,,,,,,,,,,,,,,,,,,,,,,,,,,,,,,,,,,,,,,,,,,,,,,,,,,,,,,,,,,,,,,,,,,,,,,,,,,,,,,,,,,,,,,,,,,,,,,,,,,,,,,,,,,,,,,,,,,,,,,,,,,,,,,,,,,,,,,,,,,,,,,,,,,,,,,,,,,,,,,,,,,,,,,,,,,,,,,,,,,,,,,,,,,,,,,,,,,,,,,,,,,,,,,,,,,,,,,,,,,,,,,,,,,,,,,,,,,,,,,,,,,,,,,,,,,,,,,,,,,,,,,,,,,,,,,,,,,,,,,,,,,,,,,,,,,,,,,,,,,,,,,,,,,,,,,,,,,,,,,,,,,,,,,,,,,,,,,,,,,,,,,,,,,,,,,,,,,,,,,,,,,,,,,,,,,,,,,,,,,,,,,,,,,,,,,,,,,,,,,,,,,,,,,,,,,,,,,,,,,,,,,,,,,,,,,,,,,,,,,,,,,,,,,,,,,,,,,,,,,,,,,,,,,,,,,,,,,,,,,,,,,,,,,,,,,,,,,,,,,,,,,,,,,,,,,,,,,,,,,,,,,,,,,,,,,,,,,,,,,,,,,,,,,,,,,,,,,,,,,,,,,,,,,,,,,,,,,,,,,,,,,,,,,,,,,,,,,,,,,,,,55-64,Male,,Some college,,White / Caucasian,,2,0.838685829
R_7BlzOeCDBbFtNlQ,Retail Sales Associate,,,,,,,,,,,,,,,,,,,,,,,,,,,,,,,,,,,,,,,,,,,,,,,,,,,,,,,,,,,,,,,,,,,,,,,,,,,,,,,,,,,,,,,,,,,,,,,,,,,,,,,,,,,,,,,,,,,,,,,,,,,,,,,,,,,,,,,,,,,,,,,,,,,,,,,,,,,,,,,,,,,,,,,,0,5,50,0,25,25,25,100,76,0,0,51,11,76,69,50,90,49,89,76,25,20,31,11,50,81,10,50,0,100,31,51,53,50,100,51,76,51,1,11,31,10,26,100,51,25,49,98,24,74,48,0,25,76,25,50,99,25,24,5,1,51,74,0,50,24,50,99,20,76,24,25,26,76,48,24,50,5,5,100,50,52,24,25,26,51,20,76,25,75,25,0,90,25,0,25,50,20,16,50,26,49,0,82,50,25,1,1,16,51,49,0,25,75,52,0,53,74,25,0,51,25,50,0,51,11,83,85,25,53,50,35,24,49,26,100,5,10,51,26,11,100,75,25,52,76,20,10,25,95,15,9,2,50,76,24,51,23,25,51,15,75,50,0,2,30,,,,,,,,,,,,,,,,,,,,,,,,,,,,,,,,,,,,,,,,,,,,,,,,,,,,,,,,,,,,,,,,,,,,,,,,,,,,,,,,,,,,,,,,,,,,,,,,,,,,,,,,,,,,,,,,,,,,,,,,,,,,,,,,,,,,,,,,,,,,,,,,,,,,,,,,,,,,,,,,,,,,,,,,,,,,,,,,,,,,,,,,,,,,,,,,,,,,,,,,,,,,,,,,,,,,,,,,,,,,,,,,,,,,,,,,,,,,,,,,,,,,,,,,,,,,,,,,,,,,,,,,,,,,,,,,,,,,,,,,,,,,,,,,,,,,,,,,,,,,,,,,,,,,,,,,,,,,,,,,,,,,,,,,,,,,,,,,,,,,,,,,,,,,,,,,,,,,,,,,,,,,,,,,,,,,,,,,,,,,,,,,,,,,,,,,,,,,,,,,,,,,,,,,,,,,,,,,,,,,,,,,,,,,,,,,,,,,,,,,,,,,,,,,,,,,,,,,,,,,,,,,,,,,,,,,,,,,,,,,,,,,,,,,,,,,,,,,,,,,,,,,,,,,,,,,,,,,,,,,,,,,,,,,,,,,,,,,,,,,,,,,,,,,,,,,,,,,,,,,,,,,,,,,,,,,,,,,,,,,,,,,,,,,,,,,,,,,,,,,,,,,,,,,,,,,,,,,,,,,,,,,,,,,,,,,,,,,,,,,,,,,,,,,,,,,,,,,,,,,,,,,,25-34,Male,,Bachelor's degree,,Black or African American,,2,0.840856642
R_68D1SyKNFBz31ib,Retail Sales Associate,,,,,,,,,,,,,,,,,,,,,,,,,,,,,,,,,,,,,,,,,,,,,,,,,,,,,,,,,,,,,,,,,,,,,,,,,,,,,,,,,,,,,,,,,,,,,,,,,,,,,,,,,,,,,,,,,,,,,,,,,,,,,,,,,,,,,,,,,,,,,,,,,,,,,,,,,,,,,,,,,,,,,,,,,,,,,,,,,,,,,,,,,,,,,,,,,,,,,,,,,,,,,,,,,,,,,,,,,,,,,,,,,,,,,,,,,,,,,,,,,,,,,,,,,,,,,,,,,,,,,,,,,,,,,,,,,,,,,,,,,,,,,,,,,,,,,,,,,,,,,,,,,,,,,,,,,,,,,,,,,,,,,,,,,,,,,,,,,,,,,,,,,,,,,,,,,,,,,,,,,,,,,,,,,,,,,,,,,,,,,,,,,,,,,,,,,,,,,,,,,,,,,,,,,,,,,,,,,,,,,,,,,,,,,,,,,,,,,,,,,,,,,,,,,,,,,,,,,,,,,,,,,,,,,,,,,,,,,,,,,,,,,,,,,,,,,,,,,,,,,,,,,,,,,,,,,,,,,,,,,,,,,,,,,,,,,,,,,,,,,,,,,,,,,,,,,,,,,,,,,,,,,,,,,,,,,,,,,,,,,,,,,,,,,,,,,,,,,,,,,,,,,,,,,,,,,,,,,,,,,,,,,,,,,,,,,,,,,,,,,,,,,,,,,,,,,,,,,,,,,,,,,,,,,,,,,,,,,,,,,,,,,,,,,,,,,,,,,,,,,,,,,,,,,,,,,,,,,,,,,,,,,,,,,,,,,,,,,,,,,,,,,,,,,,,,,,,,,,,,,,,,,,,,,,,,,,,,,,,,,,,,,,,,,,,,,,,,,,,,,,,,,,,,,,,,,,,,,,,,,,,,,,,,,,,,99,1,1,62,96,1,100,1,1,48,74,0,1,98,0,55,1,93,55,100,67,53,50,100,0,0,57,100,1,11,25,0,84,1,99,1,1,1,1,1,87,51,1,76,0,0,63,97,0,95,100,64,1,100,1,0,1,100,77,1,68,73,0,2,0,97,1,45,83,57,50,82,33,81,41,0,37,1,44,72,100,1,100,1,7,0,59,45,55,1,0,97,0,78,62,90,1,51,95,0,1,75,95,0,9,0,14,1,0,1,100,0,60,22,57,99,38,1,1,1,100,1,63,91,13,36,0,3,7,0,94,36,0,9,60,100,100,1,1,25,1,1,1,29,0,46,46,34,12,1,57,40,60,56,6,91,0,94,8,3,1,53,99,65,1,16,25-34,Female,,Bachelor's degree,,Asian,,6,0.807074972
R_71skMGkBpJXPuW8,Financial Advisor,,,,,,,,,,,,,,,,,,,,,,,,,,,,,,,,,,,,,,,,,,,,,,,,,,,,,,,,,,,,,,,,,,,,,,,,,,,,,,,,,,,,,,,,,,,,,,,,,,,,,,,,,,,,,,,,,,,,,,,,,,,,,,,,,,,,,,,,,,,,,,,,,,,,,,,,,,,,,,,,,,,,,,,,,,,,,,,,,,,,,,,,,,,,,,,,,,,,,,,,,,,,,,,,,,,,,,,,,,,,,,,,,,,,,,,,,,,,,,,,,,,,,,,,,,,,,,,,,,,,,,,,,,,,,,,,,,,,,,,,,,,,,,,,,,,,,,,,,,,,,,,,,,,,,,,,,,,,,,,,,,,,,,,,,,,,,,,,,,,,,,,,,,,,,,,,,,,,,,,,,,,,,,,,,,,,,,,,,,,,,,,,,,,,,,,,,,,,,,,,,,,,,,,,,,,,,,,,,,,,,,,,,,,,,,,,,,,,,,,,,,,,,,,,,,,,,,,,,,,,,,,,,,,,,,,,,,,,,,,,,,,,,,,,,,,,,,,,,,,,,,,,,,,,,,,,,,,,,,,,,,,,,,,,,,,,,,,,,,,,,,,,,,,,,,,,,,,,,,,,,,,,,,,,,,,,,,,,,,,,,,,,,,,,,,,,,,,,,,,,,,,,,,,,,,,,,,,,,,,,,,,,,,,,,,,,,,,,,,,,,,,,,,,,,,,,,,,,,,,,,,,,,,,,,,,,,,,,,,,,,,,,,,,,,,,,,,,,,,,,,,,,,,,,,,,,,,,,,,,,,,,,,,,,,,,,,,,,,,,,,,,,,,,,,,,,,,,,,,,,,,,,,,,,,,,,,,,,,,,,,,,,,,,,,,,,,,,,,,,,,,,,,,,,,,,,,,,,,,,,,,,,,,,,,,,,55,59,68,41,53,52,34,53,52,78,36,53,48,67,41,36,38,78,58,39,53,54,73,37,23,44,53,57,74,27,45,46,55,32,31,53,71,46,40,62,54,57,56,39,47,78,44,56,52,42,39,52,60,75,37,43,41,61,46,47,74,53,42,47,42,35,70,59,15,41,27,41,58,39,59,38,56,55,62,58,35,40,45,75,45,34,47,28,40,57,54,52,41,51,38,40,51,36,44,55,55,30,27,40,37,29,41,30,53,76,23,77,32,64,45,64,84,41,65,48,53,47,70,67,52,74,25,56,56,57,58,76,53,45,34,47,57,37,64,79,52,56,65,80,70,52,76,55,53,53,42,41,63,37,71,51,57,27,25,54,53,52,55,60,54,36,25-34,Female,,Bachelor's degree,,White / Caucasian,,6,0.736768433
R_1f7hAbGgWTUVTeb,Risk Analyst,,,,,,,,,,,,,,,,,,,,,,,,,,,,,,,,,,,,,,,,,,,,,,,,,,,,,,,,,,,,,,,,,,,,,,,,,,,,,,,,,,,,,,,,,,,,,,,,,,,,,,,,,,,,,,,,,,,,,,,,,,,,,,,,,,,,,,,,,,,,,,,,,,,,,,,,,,,,,,,,,,,,,,,,,,,,,,,,,,,,,,,,,,,,,,,,,,,,,,,,,,,,,,,,,,,,,,,,,,,,,,,,,,,,,,,,,,,,,,,,,,,,,,,,,,,,,,,,,,,,,,,,,,,,,,,,,,,,,,,,,,,,,,,,,,,,,,,,,,,,,,,,,,,,,,,,,,,,,,,,,,,,,,,,,,,,,,,,,,,,,,,,,,,,,,,,,,,,,,,,,,,,,,,,,,,,,,,,,,,,,,,,,,,,,,,,,,,,,,,,,,,,,,,,,,,,,,,,,,,,,,,,,,,,,,,,,,,,,,,,,,,,,,,,,,,,,,,,,,,,,,,,,,,,,,,,,,,,,,,,,,,,,,,,,,,,,,,,,,,,,49,92,5,39,16,71,100,92,100,24,9,93,6,23,4,4,27,57,57,86,7,73,73,75,1,4,53,3,87,75,10,14,100,57,52,92,2,8,71,66,83,77,1,81,12,7,28,77,63,54,7,17,70,90,82,10,69,57,86,7,24,6,100,83,5,80,14,3,74,52,32,94,38,3,65,24,16,16,9,100,78,9,15,82,1,70,66,32,51,11,30,91,1,70,62,3,70,26,5,91,41,52,91,89,37,55,4,62,55,85,70,26,3,16,69,8,97,93,22,35,11,60,54,87,26,93,81,89,20,86,11,93,6,75,62,44,48,11,100,48,32,20,8,100,62,51,2,68,89,30,82,2,44,89,12,84,5,91,3,77,48,78,89,64,12,23,62,,,,,,,,,,,,,,,,,,,,,,,,,,,,,,,,,,,,,,,,,,,,,,,,,,,,,,,,,,,,,,,,,,,,,,,,,,,,,,,,,,,,,,,,,,,,,,,,,,,,,,,,,,,,,,,,,,,,,,,,,,,,,,,,,,,,,,,,,,,,,,,,,,,,,,,,,,,,,,,,,,,,,,,,,,,,,,,,,,,,,,,,,,,,,,,,,,,,,,,,,,,,,,,,,,,,,,,,,,,,,,,,,,,,,,,,,,,,,,,,,,,,,,,,,,,,,,,,,,,,,,,,,,,,,,,,,,,,,,,,,,,,,,,,,,,,,,,,,,,,,,,,,,,,,,,,,,,,,,,,,,,,,,,,,,,35-44,Female,,Some college,,White / Caucasian,,4,0.666332193
R_7HRLURoIruRI6dq,Inventory Manager,,,,,,,,,,,,,,,,,,,,,,,,,,,,,,,,,,,,,,,,,,,,,,,,,,,,,,,,,,,,,,,,,,,,,,,,,,,,,,,,,,,,,,,,,,,,,,,,,,,,,,,,,,,,,,,,,,,,,,,,,,,,,,,,,,,,,,,,,,,,,,,,,,,,,,,,,,,,,,,,,,,,,,,,,,,,,,,,,,,,,,,,,,,,,,,,,,,,,,,,,,,,,,,,,,,,,,,,,,,,,,,,,,,,,,,,,,,,,,,,,,,,,,,,,,,,,,,,,,,,,,,,,,,,,,,,,,,,,,,,,,,,,,,,,,,,,,,,,,,,,,,,,,,,,,,,,,,,,,,,,,,,,,,,,,,,,,,,,,,,,,,,,,,,,,,,,,,,,,,,,,,,,,,,,,,,,,,,,,,,,,,,,,,,,,,,,,,,,,,,,,,,,,,,,,,,,,,,,,,,,,,,,,,,,,,,,,,,,,,,,,,,,,,,,,,,,,,,,,,,,,,,,,,,,,,,,,,,,,,,,,,,,,,,,,,,,,,,,,,,,87,75,95,88,84,91,84,84,86,87,87,91,77,86,70,88,85,71,98,93,74,76,96,66,78,94,91,93,97,77,73,84,98,87,71,75,82,72,94,98,94,93,71,97,98,78,80,69,93,94,73,72,61,72,97,66,99,91,89,77,76,64,74,74,94,90,62,91,98,84,84,97,62,84,91,66,84,81,72,91,93,82,87,91,80,95,93,80,100,71,93,76,87,94,83,60,68,85,46,98,88,100,83,100,95,84,74,77,68,100,96,96,69,83,87,78,83,77,90,88,90,90,73,86,84,100,83,82,74,100,68,96,63,82,70,64,90,75,73,93,89,94,78,68,87,81,71,78,100,99,73,65,91,95,75,72,91,83,48,89,94,78,68,68,97,91,77,,,,,,,,,,,,,,,,,,,,,,,,,,,,,,,,,,,,,,,,,,,,,,,,,,,,,,,,,,,,,,,,,,,,,,,,,,,,,,,,,,,,,,,,,,,,,,,,,,,,,,,,,,,,,,,,,,,,,,,,,,,,,,,,,,,,,,,,,,,,,,,,,,,,,,,,,,,,,,,,,,,,,,,,,,,,,,,,,,,,,,,,,,,,,,,,,,,,,,,,,,,,,,,,,,,,,,,,,,,,,,,,,,,,,,,,,,,,,,,,,,,,,,,,,,,,,,,,,,,,,,,,,,,,,,,,,,,,,,,,,,,,,,,,,,,,,,,,,,,,,,,,,,,,,,,,,,,,,,,,,,,,,,,,,,,35-44,Male,,Bachelor's degree,,Asian,,4,0.734505332
R_5nDjubiI5X2jf0w,Financial Advisor,,,,,,,,,,,,,,,,,,,,,,,,,,,,,,,,,,,,,,,,,,,,,,,,,,,,,,,,,,,,,,,,,,,,,,,,,,,,,,,,,,,,,,,,,,,,,,,,,,,,,,,,,,,,,,,,,,,,,,,,,,,,,,,,,,,,,,,,,,,,,,,,,,,,,,,,,,,,,,,,,,,,,,,,7,49,76,26,50,19,34,65,46,38,41,66,31,52,61,71,59,60,64,74,74,33,50,90,75,51,34,70,63,36,1,57,51,27,61,21,33,95,23,13,75,18,83,61,25,88,51,53,83,73,61,0,52,49,54,44,51,77,33,61,57,73,24,19,58,81,42,58,49,65,76,41,93,6,35,76,53,37,32,59,32,17,43,38,33,43,16,45,30,53,77,43,43,36,38,21,26,27,34,55,55,76,80,37,56,42,75,68,82,67,40,53,53,43,34,1,56,76,43,33,57,22,28,26,49,45,56,58,89,66,47,79,66,20,65,30,37,6,59,24,20,25,28,88,42,35,69,77,28,56,10,26,67,35,66,28,9,58,23,40,77,55,19,0,18,76,,,,,,,,,,,,,,,,,,,,,,,,,,,,,,,,,,,,,,,,,,,,,,,,,,,,,,,,,,,,,,,,,,,,,,,,,,,,,,,,,,,,,,,,,,,,,,,,,,,,,,,,,,,,,,,,,,,,,,,,,,,,,,,,,,,,,,,,,,,,,,,,,,,,,,,,,,,,,,,,,,,,,,,,,,,,,,,,,,,,,,,,,,,,,,,,,,,,,,,,,,,,,,,,,,,,,,,,,,,,,,,,,,,,,,,,,,,,,,,,,,,,,,,,,,,,,,,,,,,,,,,,,,,,,,,,,,,,,,,,,,,,,,,,,,,,,,,,,,,,,,,,,,,,,,,,,,,,,,,,,,,,,,,,,,,,,,,,,,,,,,,,,,,,,,,,,,,,,,,,,,,,,,,,,,,,,,,,,,,,,,,,,,,,,,,,,,,,,,,,,,,,,,,,,,,,,,,,,,,,,,,,,,,,,,,,,,,,,,,,,,,,,,,,,,,,,,,,,,,,,,,,,,,,,,,,,,,,,,,,,,,,,,,,,,,,,,,,,,,,,,,,,,,,,,,,,,,,,,,,,,,,,,,,,,,,,,,,,,,,,,,,,,,,,,,,,,,,,,,,,,,,,,,,,,,,,,,,,,,,,,,,,,,,,,,,,,,,,,,,,,,,,,,,,,,,,,,,,,,,,,,,,,,,,,,,,,,,,,,,,,,,,,,,,,,,,,,,,,,,,,,,,18-24,Female,,Bachelor's degree,,White / Caucasian,,2,0.706574435
R_37W4Ju5oiWLzD1Z,Risk Analyst,,,,,,,,,,,,,,,,,,,,,,,,,,,,,,,,,,,,,,,,,,,,,,,,,,,,,,,,,,,,,,,,,,,,,,,,,,,,,,,,,,,,,,,,,,,,,,,,,,,,,,,,,,,,,,,,,,,,,,,,,,,,,,,,,,,,,,,,,,,,,,,,,,,,,,,,,,,,,,,,,,,,,,,,,,,,,,,,,,,,,,,,,,,,,,,,,,,,,,,,,,,,,,,,,,,,,,,,,,,,,,,,,,,,,,,,,,,,,,,,,,,,,,,,,,,,,,,,,,,,,,,,,,,,,,,,,,,,,,,,,,,,,,,,,,,,,,,,,,,,,,,,,,,,,,,,,,,,,,,,,,,,,,,,,,,,,,,,,,,,,,,,,,,,,,,,,,,,,,,,,,,,,,,,,,,,,,,,,,,,,,,,,,,,,,,,,,,,,,,,,,,,,,,,,,,,,,,,,,,,,,,,,,,,,,,,,,,,,,,,,,,,,,,,,,,,,,,,,,,,,,,,,,,,,,,,,,,,,,,,,,,,,,,,,,,,,,,,,,,,,,,,,,,,,,,,,,,,,,,,,,,,,,,,,,,,,,,,,,,,,,,,,,,,,,,,,,,,,,,,,,,,,,,,,,,,,,,,,,,,,,,,,,,,,,,,,,,,,,,,,,,,,,,,,,,,,,,,,,,,,,,,,,,,,,,,,,,,,,,,,,,,,,,,,,,,,,,,,,,,,,,,,,,,,,,,,,,,,,,,,,,,,,,,,,,,,,,,,,,,,,,,,,,,,,,,,,,,,,,,,,,,,,,,,,,,,,,,,,,,,,,,,,,,,,,,,,,,,,,,,,,,,,,,,,,,,,,,,,,,,,,,,,,,,,,,,,,,,,,,,,,,,,,,,,,,,,,,,,,,,,,,,,,,,,,,41,78,72,45,47,81,52,69,40,63,75,43,69,76,33,20,71,81,84,44,83,31,70,44,36,37,66,73,85,40,44,55,53,56,25,64,40,82,69,57,54,88,62,53,38,81,33,83,85,69,74,43,81,81,22,69,47,72,74,40,57,57,78,58,39,64,40,78,15,67,40,44,76,64,51,80,61,34,50,80,24,70,45,69,65,25,52,29,45,73,72,53,46,76,58,65,91,40,82,33,73,41,12,63,46,54,35,34,82,41,26,51,45,60,75,68,42,63,67,66,69,60,79,60,60,67,26,74,65,68,71,63,75,19,77,67,31,77,75,83,69,38,70,88,65,72,59,42,56,35,73,72,46,22,88,70,69,13,25,50,72,58,64,39,66,84,45-54,Female,,Graduate degree,,White / Caucasian,,6,0.837027525
R_7odMJ2w9Q8Gvw97,Risk Analyst,,,,,,,,,,,,,,,,,,,,,,,,,,,,,,,,,,,,,,,,,,,,,,,,,,,,,,,,,,,,,,,,,,,,,,,,,,,,,,,,,,,,,,,,,,,,,,,,,,,,,,,,,,,,,,,,,,,,,,,,,,,,,,,,,,,,,,,,,,,,,,,,,,,,,,,,,,,,,,,,,,,,,,,,,,,,,,,,,,,,,,,,,,,,,,,,,,,,,,,,,,,,,,,,,,,,,,,,,,,,,,,,,,,,,,,,,,,,,,,,,,,,,,,,,,,,,,,,,,,,,,,,,,,,,,,,,,,,,,,,,,,,,,,,,,,,,,,,,,,,,,,,,,,,,,,,,,,,,,,,,,,,,,,,,,,,,,,,,,,,,,,,,,,,,,,,,,,,,,,,,,,,,,,,,,,,,,,,,,,,,,,,,,,,,,,,,,,,,,,,,,,,,,,,,,,,,,,,,,,,,,,,,,,,,,,,,,,,,,,,,,,,,,,,,,,,,,,,,,,,,,,,,,,,,,,,,,,,,,,,,,,,,,,,,,,,,,,,,,,,,72,75,50,72,73,72,76,72,75,69,68,75,73,72,62,68,71,72,72,76,74,74,75,73,69,71,74,72,72,75,68,77,78,71,75,77,73,73,73,70,72,75,60,77,65,72,71,68,72,75,70,60,76,77,75,76,72,71,73,74,72,73,75,75,70,70,65,69,78,70,75,72,71,68,75,74,74,72,75,77,71,70,69,74,65,70,71,74,70,69,71,72,73,75,73,69,69,68,68,68,73,74,74,76,75,73,68,77,73,73,68,76,75,70,70,68,73,73,70,73,74,76,73,72,68,74,72,66,67,73,75,74,70,71,71,71,69,71,73,76,76,70,70,75,74,75,68,77,71,72,76,70,68,76,72,76,69,73,69,71,75,74,74,76,75,73,70,,,,,,,,,,,,,,,,,,,,,,,,,,,,,,,,,,,,,,,,,,,,,,,,,,,,,,,,,,,,,,,,,,,,,,,,,,,,,,,,,,,,,,,,,,,,,,,,,,,,,,,,,,,,,,,,,,,,,,,,,,,,,,,,,,,,,,,,,,,,,,,,,,,,,,,,,,,,,,,,,,,,,,,,,,,,,,,,,,,,,,,,,,,,,,,,,,,,,,,,,,,,,,,,,,,,,,,,,,,,,,,,,,,,,,,,,,,,,,,,,,,,,,,,,,,,,,,,,,,,,,,,,,,,,,,,,,,,,,,,,,,,,,,,,,,,,,,,,,,,,,,,,,,,,,,,,,,,,,,,,,,,,,,,,,,45-54,Male,,Graduate degree,,Hispanic or Latino,,4,0.698623197
R_10Nzdirjg5wkqjv,Inventory Manager,,,,,,,,,,,,,,,,,,,,,,,,,,,,,,,,,,,,,,,,,,,,,,,,,,,,,,,,,,,,,,,,,,,,,,,,,,,,,,,,,,,,,,,,,,,,,,,,,,,,,,,,,,,,,,,,,,,,,,,,,,,,,,,,,,,,,,,,,,,,,,,,,,,,,,,,,,,,,,,,,,,,,,,,,,,,,,,,,,,,,,,,,,,,,,,,,,,,,,,,,,,,,,,,,,,,,,,,,,,,,,,,,,,,,,,,,,,,,,,,,,,,,,,,,,,,,,,,,,,,,,,,,,,,,,,,,,,,,,,,,,,,,,,,,,,,,,,,,,,,,,,,,,,,,,,,,,,,,,,,,,,,,,,,,,,,,,,,,,,,,,,,,,,,,,,,,,,,,,,,,,,,,,,,,,,,,,,,,,,,,,,,,,,,,,,,,,,,,,,,,,,,,,,,,,,,,,,,,,,,,,,,,,,,,,,,,,,,,,,,,,,,,,,,,,,,,,,,,,,,,,,,,,,,,,,,,,,,,,,,,,,,,,,,,,,,,,,,,,,,,,,,,,,,,,,,,,,,,,,,,,,,,,,,,,,,,,,,,,,,,,,,,,,,,,,,,,,,,,,,,,,,,,,,,,,,,,,,,,,,,,,,,,,,,,,,,,,,,,,,,,,,,,,,,,,,,,,,,,,,,,,,,,,,,,,,,,,,,,,,,,,,,,,,,,,,,,,,,,,,,,,,,,,,70,60,70,45,70,75,73,68,65,45,62,50,60,68,60,50,60,70,65,50,60,68,75,50,50,60,66,67,45,72,60,70,45,63,60,66,60,50,56,75,60,70,57,65,75,65,75,55,50,75,58,50,78,55,47,74,69,50,45,75,74,55,50,50,75,55,68,50,65,80,75,58,70,75,58,40,70,72,63,70,65,75,50,72,75,70,58,72,75,70,68,50,65,75,55,70,63,70,72,50,75,72,64,65,50,60,65,75,53,71,50,78,75,63,80,70,50,50,55,60,63,50,75,47,60,48,67,82,55,63,75,68,55,70,63,75,45,67,70,75,60,70,75,60,55,60,50,70,72,73,65,75,75,72,55,65,45,67,53,75,50,55,62,48,,,,,,,,,,,,,,,,,,,,,,,,,,,,,,,,,,,,,,,,,,,,,,,,,,,,,,,,,,,,,,,,,,,,,,,,,,,,,,,,,,,,,,,,,,,,,,,,,,,,,,,,,,,,,,,,,,,,,,,,,,,,,,,,,,,,,,,,,,,,,,,,,,,,,,,,,,,,,,,,,,,,,,,45-54,Male,,Bachelor's degree,,Asian,,5,0.790361589
R_5FMMV2uZm3u9yEx,Risk Analyst,,,,,,,,,,,,,,,,,,,,,,,,,,,,,,,,,,,,,,,,,,,,,,,,,,,,,,,,,,,,,,,,,,,,,,,,,,,,,,,,,,,,,,,,,,,,,,,,,,,,,,,,,,,,,,,,,,,,,,,,,,,,,,,,,,,,,,,,,,,,,,,,,,,,,,,,,,,,,,,,,,,,,,,,,,,,,,,,,,,,,,,,,,,,,,,,,,,,,,,,,,,,,,,,,,,,,,,,,,,,,,,,,,,,,,,,,,,,,,,,,,,,,,,,,,,,,,,,,,,,,,,,,,,,,,,,,,,,,,,,,,,,,,,,,,,,,,,,,,,,,,,,,,,,,,,,,,,,,,,,,,,,,,,,,,,,,,,,,,,,,,,,,,,,,,,,,,,,,,,,,,,,,,,,,,,,,,,,,,,,,,,,,,,,,,,,,,,,,,,,,,,,,,,,,,,,,,,,,,,,,,,,,,,,,,,,,,,,,,,,,,,,,,,,,,,,,,,,,,,,,,,,,,,,,,,,,,,,,,,,,,,,,,,,,,,,,,,,,,,,,71,82,69,77,69,70,65,80,70,67,68,85,75,77,69,76,66,71,65,82,70,71,78,67,71,72,66,75,72,68,68,71,80,68,80,82,72,75,73,64,68,82,68,62,71,73,69,70,75,75,79,65,73,79,67,72,78,67,79,72,70,67,81,83,68,78,66,71,84,88,76,70,66,76,79,72,78,71,68,78,68,73,69,75,65,70,71,83,68,70,72,74,80,71,71,70,74,72,70,68,67,71,67,70,73,77,68,68,67,71,73,72,68,70,74,66,87,69,74,76,76,72,77,75,76,81,72,73,70,75,54,76,71,75,72,83,70,74,84,64,67,74,68,74,89,74,68,66,73,78,85,65,72,79,73,81,79,68,67,70,70,86,76,78,77,67,70,,,,,,,,,,,,,,,,,,,,,,,,,,,,,,,,,,,,,,,,,,,,,,,,,,,,,,,,,,,,,,,,,,,,,,,,,,,,,,,,,,,,,,,,,,,,,,,,,,,,,,,,,,,,,,,,,,,,,,,,,,,,,,,,,,,,,,,,,,,,,,,,,,,,,,,,,,,,,,,,,,,,,,,,,,,,,,,,,,,,,,,,,,,,,,,,,,,,,,,,,,,,,,,,,,,,,,,,,,,,,,,,,,,,,,,,,,,,,,,,,,,,,,,,,,,,,,,,,,,,,,,,,,,,,,,,,,,,,,,,,,,,,,,,,,,,,,,,,,,,,,,,,,,,,,,,,,,,,,,,,,,,,,,,,,,45-54,Male,,Graduate degree,,White / Caucasian,,4,0.460484576
R_1lnxATm32qHOSwp,Retail Sales Associate,70,64,87,94,79,77,71,73,54,75,79,58,74,59,78,80,64,89,69,69,80,96,65,53,59,79,70,67,79,56,86,64,55,86,87,60,67,66,83,59,70,83,72,77,78,70,80,75,66,59,88,70,81,79,53,78,67,67,70,57,64,72,91,70,77,76,85,84,66,72,94,86,72,72,75,63,54,58,80,66,52,72,70,71,78,58,88,72,59,70,75,77,78,88,85,69,77,62,56,84,59,55,68,73,86,67,68,80,51,75,69,76,86,61,66,86,81,61,65,54,55,73,55,65,69,75,79,94,56,74,77,60,59,66,64,75,68,64,66,74,76,84,82,92,65,69,54,73,84,81,66,78,68,51,85,55,53,86,73,90,84,80,74,60,58,60,88,,,,,,,,,,,,,,,,,,,,,,,,,,,,,,,,,,,,,,,,,,,,,,,,,,,,,,,,,,,,,,,,,,,,,,,,,,,,,,,,,,,,,,,,,,,,,,,,,,,,,,,,,,,,,,,,,,,,,,,,,,,,,,,,,,,,,,,,,,,,,,,,,,,,,,,,,,,,,,,,,,,,,,,,,,,,,,,,,,,,,,,,,,,,,,,,,,,,,,,,,,,,,,,,,,,,,,,,,,,,,,,,,,,,,,,,,,,,,,,,,,,,,,,,,,,,,,,,,,,,,,,,,,,,,,,,,,,,,,,,,,,,,,,,,,,,,,,,,,,,,,,,,,,,,,,,,,,,,,,,,,,,,,,,,,,,,,,,,,,,,,,,,,,,,,,,,,,,,,,,,,,,,,,,,,,,,,,,,,,,,,,,,,,,,,,,,,,,,,,,,,,,,,,,,,,,,,,,,,,,,,,,,,,,,,,,,,,,,,,,,,,,,,,,,,,,,,,,,,,,,,,,,,,,,,,,,,,,,,,,,,,,,,,,,,,,,,,,,,,,,,,,,,,,,,,,,,,,,,,,,,,,,,,,,,,,,,,,,,,,,,,,,,,,,,,,,,,,,,,,,,,,,,,,,,,,,,,,,,,,,,,,,,,,,,,,,,,,,,,,,,,,,,,,,,,,,,,,,,,,,,,,,,,,,,,,,,,,,,,,,,,,,,,,,,,,,,,,,,,,,,,,,,,,,,,,,,,,,,,,,,,,,,,,,,,,,,,,,,,,,,,,,,,,,,,,,,,,,,,,,,,,,,,,,,,,,,,,,,,,,,,,,,,,,,,,,,,,,,,,,,,,,,,,,,,,,,,,,,,,,,,,,,,,,,,,,,,,,,,,,,,,,,,,,,,,,,,,,,,,,,,,,,,,,,,25-34,Female,,Bachelor's degree,,Asian,,1,0.81054353
R_5ar8Rc5qz3eF3d5,Risk Analyst,,,,,,,,,,,,,,,,,,,,,,,,,,,,,,,,,,,,,,,,,,,,,,,,,,,,,,,,,,,,,,,,,,,,,,,,,,,,,,,,,,,,,,,,,,,,,,,,,,,,,,,,,,,,,,,,,,,,,,,,,,,,,,,,,,,,,,,,,,,,,,,,,,,,,,,,,,,,,,,,,,,,,,,,,,,,,,,,,,,,,,,,,,,,,,,,,,,,,,,,,,,,,,,,,,,,,,,,,,,,,,,,,,,,,,,,,,,,,,,,,,,,,,,,,,,,,,,,,,,,,,,,,,,,,,,,,,,,,,,,,,,,,,,,,,,,,,,,,,,,,,,,,,,,,,,,,,,,,,,,,,,,,,,,,,,,,,,,,,,,,,,,,,,,,,,,,,,,,,,,,,,,,,,,,,,,,,,,,,,,,,,,,,,,,,,,,,,,,,,,,,,,,,,,,,,,,,,,,,,,,,,,,,,,,,,,,,,,,,,,,,,,,,,,,,,,,,,,,,,,,,,,,,,,,,,,,,,,,,,,,,,,,,,,,,,,,,,,,,,,,,,,,,,,,,,,,,,,,,,,,,,,,,,,,,,,,,,,,,,,,,,,,,,,,,,,,,,,,,,,,,,,,,,,,,,,,,,,,,,,,,,,,,,,,,,,,,,,,,,,,,,,,,,,,,,,,,,,,,,,,,,,,,,,,,,,,,,,,,,,,,,,,,,,,,,,,,,,,,,,,,,,,,,,73,26,16,20,56,60,46,21,56,32,78,22,28,50,25,26,52,49,45,59,21,28,69,64,26,25,47,49,16,52,76,56,42,22,29,35,66,86,69,56,54,19,13,23,24,21,72,25,19,61,48,30,55,50,24,35,28,37,60,79,45,42,24,31,29,25,64,29,34,63,51,48,47,71,86,35,20,42,48,28,50,59,31,27,21,70,54,30,73,33,24,26,20,44,64,46,35,45,16,60,21,56,36,44,23,30,51,22,58,100,23,51,13,68,62,24,14,20,44,43,52,30,35,18,14,15,57,74,55,18,39,34,15,23,15,21,20,26,24,53,61,17,69,25,25,19,28,69,26,17,35,44,55,34,19,50,24,50,52,25,17,28,29,16,,,,,,,,,,,,,,,,,,,,,,,,,,,,,,,,,,,,,,,,,,,,,,,,,,,,,,,,,,,,,,,,,,,,,,,,,,,,,,,,,,,,,,,,,,,,,,,,,,,,,,,,,,,,,,,,,,,,,,,,,,,,,,,,,,,,,,,,,,,,,,,,,,,,,,,,,,,,,,,,,,,,,,,25-34,Male,,High school graduate,,White / Caucasian,,5,0.288355678
R_3f3rzIVOOIwMNC2,Financial Advisor,,,,,,,,,,,,,,,,,,,,,,,,,,,,,,,,,,,,,,,,,,,,,,,,,,,,,,,,,,,,,,,,,,,,,,,,,,,,,,,,,,,,,,,,,,,,,,,,,,,,,,,,,,,,,,,,,,,,,,,,,,,,,,,,,,,,,,,,,,,,,,,,,,,,,,,,,,,,,,,,,,,,,,,,,,,,,,,,,,,,,,,,,,,,,,,,,,,,,,,,,,,,,,,,,,,,,,,,,,,,,,,,,,,,,,,,,,,,,,,,,,,,,,,,,,,,,,,,,,,,,,,,,,,,,,,,,,,,,,,,,,,,,,,,,,,,,,,,,,,,,,,,,,,,,,,,,,,,,,,,,,,,,,,,,,,,,,,,,,,,,,,,,,,,,,,,,,,,,,,,,,,,,,,,,,,,,,,,,,,,,,,,,,,,,,,,,,,,,,,,,,,,,,,,,,,,,,,,,,,,,,,,,,,,,,,,,,,,,,,,,,,,,,,,,,,,,,,,,,,,,,,,,,,,,,,,,,,,,,,,,,,,,,,,,,,,,,,,,,,,,74,88,55,95,76,52,85,80,74,53,59,92,85,86,50,45,75,76,77,91,80,77,70,67,55,58,54,55,75,78,35,55,90,86,65,48,75,55,51,88,85,85,47,86,50,67,75,64,63,93,48,54,67,77,77,52,50,90,90,90,60,50,75,90,66,95,70,45,94,78,54,95,41,60,87,65,54,75,72,68,70,65,45,92,50,52,60,65,90,45,65,75,75,75,70,65,87,57,66,88,46,65,75,93,65,76,48,95,88,87,88,85,59,79,80,66,88,90,82,55,85,66,88,75,55,71,94,56,87,84,65,90,48,84,73,75,60,58,77,80,90,59,44,80,65,88,50,77,70,89,60,40,74,86,55,70,55,85,63,90,84,67,81,76,71,80,64,,,,,,,,,,,,,,,,,,,,,,,,,,,,,,,,,,,,,,,,,,,,,,,,,,,,,,,,,,,,,,,,,,,,,,,,,,,,,,,,,,,,,,,,,,,,,,,,,,,,,,,,,,,,,,,,,,,,,,,,,,,,,,,,,,,,,,,,,,,,,,,,,,,,,,,,,,,,,,,,,,,,,,,,,,,,,,,,,,,,,,,,,,,,,,,,,,,,,,,,,,,,,,,,,,,,,,,,,,,,,,,,,,,,,,,,,,,,,,,,,,,,,,,,,,,,,,,,,,,,,,,,,,,,,,,,,,,,,,,,,,,,,,,,,,,,,,,,,,,,,,,,,,,,,,,,,,,,,,,,,,,,,,,,,,,18-24,Female,,Bachelor's degree,,White / Caucasian,,4,0.691506435
R_5jfCTu41zqb3XoS,Inventory Manager,,,,,,,,,,,,,,,,,,,,,,,,,,,,,,,,,,,,,,,,,,,,,,,,,,,,,,,,,,,,,,,,,,,,,,,,,,,,,,,,,,,,,,,,,,,,,,,,,,,,,,,,,,,,,,,,,,,,,,,,,,,,,,,,,,,,,,,,,,,,,,,,,,,,,,,,,,,,,,,,,,,,,,,,,,,,,,,,,,,,,,,,,,,,,,,,,,,,,,,,,,,,,,,,,,,,,,,,,,,,,,,,,,,,,,,,,,,,,,,,,,,,,,,,,,,,,,,,,,,,,,,,,,,,,,,,,,,,,,,,,,,,,,,,,,,,,,,,,,,,,,,,,,,,,,,,,,,,,,,,,,,,,,,,,,,,,,83,57,100,67,100,100,74,66,60,43,63,87,84,96,43,85,70,94,91,100,76,70,51,70,49,100,61,63,83,60,76,66,84,100,100,49,48,33,62,59,77,52,100,60,78,54,38,67,100,100,56,87,38,100,79,44,100,100,100,77,78,69,100,100,88,92,60,81,52,89,98,67,45,77,46,57,46,100,53,70,100,92,100,55,75,82,53,95,75,97,40,100,100,29,65,85,65,88,97,77,89,73,77,74,88,96,58,100,97,69,90,88,79,61,100,47,92,50,60,62,96,75,59,100,100,100,49,100,80,93,43,55,100,100,74,100,85,66,45,70,92,50,99,86,83,55,87,91,43,92,40,61,100,100,100,100,59,100,76,100,80,46,100,100,76,55,88,,,,,,,,,,,,,,,,,,,,,,,,,,,,,,,,,,,,,,,,,,,,,,,,,,,,,,,,,,,,,,,,,,,,,,,,,,,,,,,,,,,,,,,,,,,,,,,,,,,,,,,,,,,,,,,,,,,,,,,,,,,,,,,,,,,,,,,,,,,,,,,,,,,,,,,,,,,,,,,,,,,,,,,,,,,,,,,,,,,,,,,,,,,,,,,,,,,,,,,,,,,,,,,,,,,,,,,,,,,,,,,,,,,,,,,,,,,,,,,,,,,,,,,,,,,,,,,,,,,,,,,,,,,,,,,,,,,,,,,,,,,,,,,,,,,,,,,,,,,,,,,,,,,,,,,,,,,,,,,,,,,,,,,,,,,,,,,,,,,,,,,,,,,,,,,,,,,,,,,,,,,,,,,,,,,,,,,,,,,,,,,,,,,,,,,,,,,,,,,,,,,,,,,,,,,,,,,,,,,,,,,,,,,,,,,,,,,,,,,,,,,,,,,,,,,,,,,,,,,,,,,,,,,,,,,,,,,,,,,,,,,,,,,,,,,,,,,,,,45-54,Female,,Bachelor's degree,,White / Caucasian,,3,0.857721781
R_68YEEtAZKDCT8VL,Retail Sales Associate,,,,,,,,,,,,,,,,,,,,,,,,,,,,,,,,,,,,,,,,,,,,,,,,,,,,,,,,,,,,,,,,,,,,,,,,,,,,,,,,,,,,,,,,,,,,,,,,,,,,,,,,,,,,,,,,,,,,,,,,,,,,,,,,,,,,,,,,,,,,,,,,,,,,,,,,,,,,,,,,,,,,,,,,100,100,30,45,15,100,35,100,100,100,100,100,100,100,50,100,50,45,100,100,100,100,100,40,100,100,80,99,75,100,0,100,100,100,100,50,100,60,40,100,100,100,25,50,100,30,100,100,100,71,100,0,50,100,100,51,10,10,100,100,100,100,100,55,100,30,100,10,100,50,50,100,100,75,100,80,100,100,100,100,0,71,100,100,100,100,100,30,50,75,50,100,100,50,55,100,99,100,100,100,100,100,20,60,100,100,25,25,40,30,75,75,100,100,100,0,50,100,100,100,45,100,100,100,100,45,66,100,10,25,100,100,100,100,100,100,100,100,100,100,100,100,100,25,50,100,25,15,100,45,100,75,100,100,100,100,100,100,50,100,45,100,100,0,100,100,,,,,,,,,,,,,,,,,,,,,,,,,,,,,,,,,,,,,,,,,,,,,,,,,,,,,,,,,,,,,,,,,,,,,,,,,,,,,,,,,,,,,,,,,,,,,,,,,,,,,,,,,,,,,,,,,,,,,,,,,,,,,,,,,,,,,,,,,,,,,,,,,,,,,,,,,,,,,,,,,,,,,,,,,,,,,,,,,,,,,,,,,,,,,,,,,,,,,,,,,,,,,,,,,,,,,,,,,,,,,,,,,,,,,,,,,,,,,,,,,,,,,,,,,,,,,,,,,,,,,,,,,,,,,,,,,,,,,,,,,,,,,,,,,,,,,,,,,,,,,,,,,,,,,,,,,,,,,,,,,,,,,,,,,,,,,,,,,,,,,,,,,,,,,,,,,,,,,,,,,,,,,,,,,,,,,,,,,,,,,,,,,,,,,,,,,,,,,,,,,,,,,,,,,,,,,,,,,,,,,,,,,,,,,,,,,,,,,,,,,,,,,,,,,,,,,,,,,,,,,,,,,,,,,,,,,,,,,,,,,,,,,,,,,,,,,,,,,,,,,,,,,,,,,,,,,,,,,,,,,,,,,,,,,,,,,,,,,,,,,,,,,,,,,,,,,,,,,,,,,,,,,,,,,,,,,,,,,,,,,,,,,,,,,,,,,,,,,,,,,,,,,,,,,,,,,,,,,,,,,,,,,,,,,,,,,,,,,,,,,,,,,,,,,,,,,,,,,,,,,,,,,35-44,Male,,Some college,,Hispanic or Latino,,2,0.90948373
R_3UKWwFHyqWzQ4nv,Inventory Manager,,,,,,,,,,,,,,,,,,,,,,,,,,,,,,,,,,,,,,,,,,,,,,,,,,,,,,,,,,,,,,,,,,,,,,,,,,,,,,,,,,,,,,,,,,,,,,,,,,,,,,,,,,,,,,,,,,,,,,,,,,,,,,,,,,,,,,,,,,,,,,,,,,,,,,,,,,,,,,,,,,,,,,,,,,,,,,,,,,,,,,,,,,,,,,,,,,,,,,,,,,,,,,,,,,,,,,,,,,,,,,,,,,,,,,,,,,,,,,,,,,,,,,,,,,,,,,,,,,,,,,,,,,,,,,,,,,,,,,,,,,,,,,,,,,,,,,,,,,,,,,,,,,,,,,,,,,,,,,,,,,,,,,,,,,,,,,,,,,,,,,,,,,,,,,,,,,,,,,,,,,,,,,,,,,,,,,,,,,,,,,,,,,,,,,,,,,,,,,,,,,,,,,,,,,,,,,,,,,,,,,,,,,,,,,,,,,,,,,,,,,,,,,,,,,,,,,,,,,,,,,,,,,,,,,,,,,,,,,,,,,,,,,,,,,,,,,,,,,,,,,,,,,,,,,,,,,,,,,,,,,,,,,,,,,,,,,,,,,,,,,,,,,,,,,,,,,,,,,,,,,,,,,,,,,,,,,,,,,,,,,,,,,,,,,,,,,,,,,,,,,,,,,,,,,,,,,,,,,,,,,,,,,,,,,,,,,,,,,,,,,,,,,,,,,,,,,,,,,,,,,,,,,,,,,,,,,,,,,,,,,,,,,,,,,,,,,,,,,,,,,,,,,,,,,,,,,,,,,,,,,,,,,,,,,,,,,,,,,,,,,,,,,,,,,,,,,,,,,,,,,,,,,,,,,,,,,,,,,,,,,,,,,,,,,,,,,,,,,,,,,,,,,,,,,,,,,,,,,,,,,,,,,,,,,,,1,16,9,1,1,6,6,22,38,21,20,48,14,3,11,4,17,4,12,5,4,3,11,1,25,11,15,5,20,4,16,20,20,3,3,45,37,20,11,24,1,16,31,6,13,16,24,6,6,18,6,13,24,8,25,17,50,6,6,10,16,14,11,15,10,12,22,15,2,3,15,5,4,13,23,2,12,28,4,2,47,12,3,18,19,19,20,18,5,11,6,6,26,1,8,3,2,21,15,8,13,13,2,15,4,4,14,7,9,16,3,16,5,5,16,3,4,48,27,4,3,37,6,13,3,7,8,3,12,32,3,2,7,17,10,3,2,12,21,7,19,19,66,10,14,27,25,20,10,10,3,10,14,3,7,5,16,2,16,4,19,3,11,3,18,9,25-34,Non-binary / Third gender,,Bachelor's degree,,White / Caucasian,,6,0.347925531
R_7Ae5ChFaueBIIhj,Retail Sales Associate,,,,,,,,,,,,,,,,,,,,,,,,,,,,,,,,,,,,,,,,,,,,,,,,,,,,,,,,,,,,,,,,,,,,,,,,,,,,,,,,,,,,,,,,,,,,,,,,,,,,,,,,,,,,,,,,,,,,,,,,,,,,,,,,,,,,,,,,,,,,,,,,,,,,,,,,,,,,,,,,,,,,,,,,,,,,,,,,,,,,,,,,,,,,,,,,,,,,,,,,,,,,,,,,,,,,,,,,,,,,,,,,,,,,,,,,,,,,,,,,,,,,,,,,,,,,,,,,,,,,,,,,,,,,,,,,,,,,,,,,,,,,,,,,,,,,,,,,,,,,,,,,,,,,,,,,,,,,,,,,,,,,,,,,,,,,,,,,,,,,,,,,,,,,,,,,,,,,,,,,,,,,,,,,,,,,,,,,,,,,,,,,,,,,,,,,,,,,,,,,,,,,,,,,,,,,,,,,,,,,,,,,,,,,,,,,,,,,,,,,,,,,,,,,,,,,,,,,,,,,,,,,,,,,,,,,,,,,,,,,,,,,,,,,,,,,,,,,,,,,,,,,,,,,,,,,,,,,,,,,,,,,,,,,,,,,,,,,,,,,,,,,,,,,,,,,,,,,,,,,,,,,,,,,,,,,,,,,,,,,,,,,,,,,,,,,,,,,,,,,,,,,,,,,,,,,,,,,,,,,,,,,,,,,,,,,,,,,,,,,,,,,,,,,,,,,,,,,,,,,,,,,,,,,85,64,92,0,83,53,51,5,65,60,38,92,20,83,75,85,35,32,65,65,65,60,28,55,65,80,23,48,65,48,82,24,40,40,64,60,35,75,75,60,50,22,100,56,27,55,51,73,75,70,60,67,48,73,80,73,81,83,48,59,84,80,78,75,25,92,55,70,77,34,37,38,72,59,85,35,93,75,80,80,30,84,81,31,63,68,76,14,34,34,25,79,52,12,100,60,90,75,89,70,70,69,15,73,70,60,83,27,80,85,74,27,25,81,20,82,72,63,65,75,93,66,71,82,80,57,76,28,80,83,11,80,76,80,95,73,66,29,36,49,31,69,50,68,71,75,80,19,67,85,93,65,35,10,76,64,70,69,81,31,62,60,92,60,,,,,,,,,,,,,,,,,,,,,,,,,,,,,,,,,,,,,,,,,,,,,,,,,,,,,,,,,,,,,,,,,,,,,,,,,,,,,,,,,,,,,,,,,,,,,,,,,,,,,,,,,,,,,,,,,,,,,,,,,,,,,,,,,,,,,,,,,,,,,,,,,,,,,,,,,,,,,,,,,,,,,,,55-64,Male,,Bachelor's degree,,Black or African American,,5,0.921337637
R_7QtHkavbpIP93cs,Financial Advisor,,,,,,,,,,,,,,,,,,,,,,,,,,,,,,,,,,,,,,,,,,,,,,,,,,,,,,,,,,,,,,,,,,,,,,,,,,,,,,,,,,,,,,,,,,,,,,,,,,,,,,,,,,,,,,,,,,,,,,,,,,,,,,,,,,,,,,,,,,,,,,,,,,,,,,,,,,,,,,,,,,,,,,,,,,,,,,,,,,,,,,,,,,,,,,,,,,,,,,,,,,,,,,,,,,,,,,,,,,,,,,,,,,,,,,,,,,,,,,,,,,,,,,,,,,,,,,,,,,,,,,,,,,,,,,,,,,,,,,,,,,,,,,,,,,,,,,,,,,,,,,,,,,,,,,,,,,,,,,,,,,,,,,,,,,,,,,,,,,,,,,,,,,,,,,,,,,,,,,,,,,,,,,,,,,,,,,,,,,,,,,,,,,,,,,,,,,,,,,,,,,,,,,,,,,,,,,,,,,,,,,,,,,,,,,,,,,,,,,,,,,,,,,,,,,,,,,,,,,,,,,,,,,,,,,,,,,,,,,,,,,,,,,,,,,,,,,,,,,,,,,,,,,,,,,,,,,,,,,,,,,,,,,,,,,,,,,,,,,,,,,,,,,,,,,,,,,,,,,,,,,,,,,,,,,,,,,,,,,,,,,,,,,,,,,,,,,,,,,,,,,,,,,,,,,,,,,,,,,,,,,,,,,,,,,,,,,,,,,,,,,,,,,,,,,,,,,,,,,,,,,,,,,,,,,,,,,,,,,,,,,,,,,,,,,,,,,,,,,,,,,,,,,,,,,,,,,,,,,,,,,,,,,,,,,,,,,,,,,,,,,,,,,,,,,,,,,,,,,,,,,,,,,,,,,,,,,,,,,,,,,,,,,,,,,,,,,,,,,,,,,,,,,,,,,,,,,,,,,,,,,,,,,,,,,,,36,12,14,6,15,51,12,36,51,32,1,7,12,59,4,5,4,31,81,35,4,23,15,11,12,20,19,49,69,6,1,16,18,1,22,15,9,12,23,27,16,60,17,2,5,62,1,19,5,42,47,1,44,50,4,49,15,24,18,2,3,20,49,59,10,5,1,3,3,6,1,6,7,4,21,46,18,6,9,48,0,47,3,9,5,1,1,11,17,39,40,14,64,48,13,24,51,1,38,1,50,4,5,2,41,29,3,4,64,7,33,7,13,13,10,13,4,12,4,64,14,6,12,47,22,23,29,18,39,7,20,48,55,13,62,22,18,48,19,34,5,11,21,60,13,3,2,11,35,1,10,69,5,27,50,29,39,3,3,27,50,12,18,51,46,65,35-44,Female,,Some college,,Black or African American,,6,0.858123088
R_7jBxJ5175FT3vHU,Retail Sales Associate,,,,,,,,,,,,,,,,,,,,,,,,,,,,,,,,,,,,,,,,,,,,,,,,,,,,,,,,,,,,,,,,,,,,,,,,,,,,,,,,,,,,,,,,,,,,,,,,,,,,,,,,,,,,,,,,,,,,,,,,,,,,,,,,,,,,,,,,,,,,,,,,,,,,,,,,,,,,,,,,,,,,,,,,,,,,,,,,,,,,,,,,,,,,,,,,,,,,,,,,,,,,,,,,,,,,,,,,,,,,,,,,,,,,,,,,,,,,,,,,,,,,,,,,,,,,,,,,,,,,,,,,,,,,,,,,,,,,,,,,,,,,,,,,,,,,,,,,,,,,,,,,,,,,,,,,,,,,,,,,,,,,,,,,,,,,,,,,,,,,,,,,,,,,,,,,,,,,,,,,,,,,,,,,,,,,,,,,,,,,,,,,,,,,,,,,,,,,,,,,,,,,,,,,,,,,,,,,,,,,,,,,,,,,,,,,,,,,,,,,,,,,,,,,,,,,,,,,,,,,,,,,,,,,,,,,,,,,,,,,,,,,,,,,,,,,,,,,,,,,,,,,,,,,,,,,,,,,,,,,,,,,,,,,,,,,,,,,,,,,,,,,,,,,,,,,,,,,,,,,,,,,,,,,,,,,,,,,,,,,,,,,,,,,,,,,,,,,,,,,,,,,,,,,,,,,,,,,,,,,,,,,,,,,,,,,,,,,,,,,,,,,,,,,,,,,,,,,,,,,,,,,,,,,,,,,,,,,,,,,,,,,,,,,,,,,,,,,,,,,,,,,,,,,,,,,,,,,,,,,,,,,,,,,,,,,,,,,,,,,,,,,,,,,,,,,,,,,,,,,,,,,,,,,,,,,,,,,,,,,,,,,,,,,,,,,,,,,,,,,,,,,,,,,,,,,,,,,,,,,,,,,,,,,,,,,81,67,54,0,93,0,76,2,87,62,68,17,0,86,69,0,54,82,76,65,75,64,77,19,13,64,63,82,15,1,33,0,71,86,73,52,51,83,82,56,79,86,69,77,1,23,62,84,42,77,79,67,11,82,1,58,49,79,86,55,79,63,1,79,47,88,0,71,0,16,27,76,73,76,85,3,79,77,77,28,45,70,63,86,83,73,3,7,10,76,41,77,28,71,84,77,71,68,83,39,27,0,1,3,48,76,1,73,83,89,1,16,13,75,89,59,82,4,73,3,79,82,83,72,77,83,82,87,82,43,82,5,65,1,73,82,90,0,18,69,73,51,66,82,40,77,75,82,80,15,2,1,87,1,79,87,27,0,0,69,5,73,70,17,67,53,45-54,Female,,Bachelor's degree,,White / Caucasian,,6,0.941495421
R_3fwdrnNezC1sZOg,Inventory Manager,,,,,,,,,,,,,,,,,,,,,,,,,,,,,,,,,,,,,,,,,,,,,,,,,,,,,,,,,,,,,,,,,,,,,,,,,,,,,,,,,,,,,,,,,,,,,,,,,,,,,,,,,,,,,,,,,,,,,,,,,,,,,,,,,,,,,,,,,,,,,,,,,,,,,,,,,,,,,,,,,,,,,,,,,,,,,,,,,,,,,,,,,,,,,,,,,,,,,,,,,,,,,,,,,,,,,,,,,,,,,,,,,,,,,,,,,,,,,,,,,,,,,,,,,,,,,,,,,,,,,,,,,,,,,,,,,,,,,,,,,,,,,,,,,,,,,,,,,,,,,,,,,,,,,,,,,,,,,,,,,,,,,,,,,,,,,,,,,,,,,,,,,,,,,,,,,,,,,,,,,,,,,,,,,,,,,,,,,,,,,,,,,,,,,,,,,,,,,,,,,,,,,,,,,,,,,,,,,,,,,,,,,,,,,,,,,,,,,,,,,,,,,,,,,,,,,,,,,,,,,,,,,,,,,,,,,,,,,,,,,,,,,,,,,,,,,,,,,,,,,85,95,4,95,95,98,90,89,89,100,98,100,72,99,79,95,75,100,96,38,100,100,95,96,55,100,100,81,100,97,85,100,97,99,95,78,57,45,100,85,99,100,95,56,100,98,93,95,100,88,55,100,100,100,100,30,75,100,90,99,65,29,100,95,71,60,35,50,65,85,53,83,44,99,100,95,85,100,100,98,60,85,60,100,65,73,95,90,100,57,45,100,72,96,65,96,87,98,89,96,29,92,98,98,95,100,99,100,100,80,99,90,65,100,100,100,95,80,60,40,75,100,95,55,80,100,99,75,100,75,90,90,74,97,100,98,75,98,95,100,60,40,99,100,80,98,55,100,100,53,100,95,100,100,100,97,65,100,65,98,65,100,100,100,95,95,100,,,,,,,,,,,,,,,,,,,,,,,,,,,,,,,,,,,,,,,,,,,,,,,,,,,,,,,,,,,,,,,,,,,,,,,,,,,,,,,,,,,,,,,,,,,,,,,,,,,,,,,,,,,,,,,,,,,,,,,,,,,,,,,,,,,,,,,,,,,,,,,,,,,,,,,,,,,,,,,,,,,,,,,,,,,,,,,,,,,,,,,,,,,,,,,,,,,,,,,,,,,,,,,,,,,,,,,,,,,,,,,,,,,,,,,,,,,,,,,,,,,,,,,,,,,,,,,,,,,,,,,,,,,,,,,,,,,,,,,,,,,,,,,,,,,,,,,,,,,,,,,,,,,,,,,,,,,,,,,,,,,,,,,,,,,55-64,Female,,Graduate degree,,Black or African American,,4,0.396410271
R_1gUgQsdwzEI0NAY,Risk Analyst,,,,,,,,,,,,,,,,,,,,,,,,,,,,,,,,,,,,,,,,,,,,,,,,,,,,,,,,,,,,,,,,,,,,,,,,,,,,,,,,,,,,,,,,,,,,,,,,,,,,,,,,,,,,,,,,,,,,,,,,,,,,,,,,,,,,,,,,,,,,,,,,,,,,,,,,,,,,,,,,,,,,,,,,,,,,,,,,,,,,,,,,,,,,,,,,,,,,,,,,,,,,,,,,,,,,,,,,,,,,,,,,,,,,,,,,,,,,,,,,,,,,,,,,,,,,,,,,,,,,,,,,,,,,,,,,,,,,,,,,,,,,,,,,,,,,,,,,,,,,,,,,,,,,,,,,,,,,,,,,,,,,,,,,,,,,,,,,,,,,,,,,,,,,,,,,,,,,,,,,,,,,,,,,,,,,,,,,,,,,,,,,,,,,,,,,,,,,,,,,,,,,,,,,,,,,,,,,,,,,,,,,,,,,,,,,,,,,,,,,,,,,,,,,,,,,,,,,,,,,,,,,,,,,,,,,,,,,,,,,,,,,,,,,,,,,,,,,,,,,,,,,,,,,,,,,,,,,,,,,,,,,,,,,,,,,,,,,,,,,,,,,,,,,,,,,,,,,,,,,,,,,,,,,,,,,,,,,,,,,,,,,,,,,,,,,,,,,,,,,,,,,,,,,,,,,,,,,,,,,,,,,,,,,,,,,,,,,,,,,,,,,,,,,,,,,,,,,,,,,,,,,,,,,,,,,,,,,,,,,,,,,,,,,,,,,,,,,,,,,,,,,,,,,,,,,,,,,,,,,,,,,,,,,,,,,,,,,,,,,,,,,,,,,,,,,,,,,,,,,,,,,,,,,,,,,,,,,,,,,,,,,,,,,,,,,,,,,,,,,,,,,,,,,,,,,,,,,,,,,,,,,,,,,,,,,44,47,66,20,34,64,22,76,62,59,37,48,80,42,52,24,60,58,76,14,50,50,52,37,48,58,51,32,78,44,54,86,43,62,8,60,36,59,68,72,38,70,60,32,50,54,27,52,61,34,9,39,77,72,50,52,48,48,56,45,54,34,50,72,48,40,54,46,12,53,45,11,54,54,62,64,40,57,44,53,31,74,39,65,64,48,37,25,22,71,61,80,79,16,21,44,65,38,58,52,63,46,21,34,58,45,18,63,70,51,10,60,36,51,50,52,10,53,55,67,48,70,44,60,64,53,40,50,55,56,50,78,66,42,73,50,40,71,60,64,58,54,73,52,48,53,50,38,70,52,52,66,48,12,82,84,62,19,27,59,63,60,50,76,90,71,25-34,Female,,Bachelor's degree,,White / Caucasian,,6,0.87259247
R_51dDfIpxwRrGRiH,Financial Advisor,,,,,,,,,,,,,,,,,,,,,,,,,,,,,,,,,,,,,,,,,,,,,,,,,,,,,,,,,,,,,,,,,,,,,,,,,,,,,,,,,,,,,,,,,,,,,,,,,,,,,,,,,,,,,,,,,,,,,,,,,,,,,,,,,,,,,,,,,,,,,,,,,,,,,,,,,,,,,,,,,,,,,,,,65,47,59,47,59,60,58,11,42,59,78,54,66,38,58,34,14,81,77,53,53,56,63,64,74,44,55,85,63,45,0,65,5,69,10,51,75,73,62,51,6,39,65,57,10,3,76,25,61,55,32,0,1,47,38,21,49,72,32,61,55,54,55,60,62,51,28,4,66,2,61,50,69,0,0,58,64,18,66,81,69,49,57,60,47,38,39,11,37,59,13,58,0,66,76,52,57,22,30,19,58,56,5,22,24,42,56,67,77,66,71,65,61,23,52,0,69,69,54,48,2,31,85,67,70,70,15,70,74,81,0,65,51,43,63,18,35,60,42,52,54,45,18,0,70,20,78,22,41,5,56,28,72,59,0,62,48,50,17,33,72,15,36,0,49,82,,,,,,,,,,,,,,,,,,,,,,,,,,,,,,,,,,,,,,,,,,,,,,,,,,,,,,,,,,,,,,,,,,,,,,,,,,,,,,,,,,,,,,,,,,,,,,,,,,,,,,,,,,,,,,,,,,,,,,,,,,,,,,,,,,,,,,,,,,,,,,,,,,,,,,,,,,,,,,,,,,,,,,,,,,,,,,,,,,,,,,,,,,,,,,,,,,,,,,,,,,,,,,,,,,,,,,,,,,,,,,,,,,,,,,,,,,,,,,,,,,,,,,,,,,,,,,,,,,,,,,,,,,,,,,,,,,,,,,,,,,,,,,,,,,,,,,,,,,,,,,,,,,,,,,,,,,,,,,,,,,,,,,,,,,,,,,,,,,,,,,,,,,,,,,,,,,,,,,,,,,,,,,,,,,,,,,,,,,,,,,,,,,,,,,,,,,,,,,,,,,,,,,,,,,,,,,,,,,,,,,,,,,,,,,,,,,,,,,,,,,,,,,,,,,,,,,,,,,,,,,,,,,,,,,,,,,,,,,,,,,,,,,,,,,,,,,,,,,,,,,,,,,,,,,,,,,,,,,,,,,,,,,,,,,,,,,,,,,,,,,,,,,,,,,,,,,,,,,,,,,,,,,,,,,,,,,,,,,,,,,,,,,,,,,,,,,,,,,,,,,,,,,,,,,,,,,,,,,,,,,,,,,,,,,,,,,,,,,,,,,,,,,,,,,,,,,,,,,,,,,,,,45-54,Male,,Bachelor's degree,,Asian,,2,0.927244934
R_1JzxrbCODOVPRTd,Risk Analyst,,,,,,,,,,,,,,,,,,,,,,,,,,,,,,,,,,,,,,,,,,,,,,,,,,,,,,,,,,,,,,,,,,,,,,,,,,,,,,,,,,,,,,,,,,,,,,,,,,,,,,,,,,,,,,,,,,,,,,,,,,,,,,,,,,,,,,,,,,,,,,,,,,,,,,,,,,,,,,,,,,,,,,,,,,,,,,,,,,,,,,,,,,,,,,,,,,,,,,,,,,,,,,,,,,,,,,,,,,,,,,,,,,,,,,,,,,,,,,,,,,,,,,,,,,,,,,,,,,,,,,,,,,,,,,,,,,,,,,,,,,,,,,,,,,,,,,,,,,,,,,,,,,,,,,,,,,,,,,,,,,,,,,,,,,,,,,,,,,,,,,,,,,,,,,,,,,,,,,,,,,,,,,,,,,,,,,,,,,,,,,,,,,,,,,,,,,,,,,,,,,,,,,,,,,,,,,,,,,,,,,,,,,,,,,,,,,,,,,,,,,,,,,,,,,,,,,,,,,,,,,,,,,,,,,,,,,,,,,,,,,,,,,,,,,,,,,,,,,,,,,,,,,,,,,,,,,,,,,,,,,,,,,,,,,,,,,,,,,,,,,,,,,,,,,,,,,,,,,,,,,,,,,,,,,,,,,,,,,,,,,,,,,,,,,,,,,,,,,,,,,,,,,,,,,,,,,,,,,,,,,,,,,,,,,,,,,,,,,,,,,,,,,,,,,,,,,,,,,,,,,,,,,,,25,23,73,2,45,47,77,90,67,5,35,54,8,34,25,44,6,95,90,39,37,86,71,21,9,22,80,95,22,46,65,100,9,37,45,38,17,9,83,90,6,78,7,89,93,45,74,30,14,98,94,32,96,20,13,77,81,94,19,58,94,38,17,9,98,100,9,35,24,94,100,12,75,100,48,6,12,83,47,54,38,95,47,88,94,63,98,69,92,6,99,32,87,85,100,9,56,41,86,5,99,97,48,63,5,67,84,95,85,51,44,100,100,38,96,56,1,4,8,24,96,15,60,16,14,25,37,36,97,77,57,21,25,73,80,85,3,98,38,93,98,42,100,32,18,47,10,83,82,70,5,99,90,91,60,73,1,5,93,100,19,25,6,6,,,,,,,,,,,,,,,,,,,,,,,,,,,,,,,,,,,,,,,,,,,,,,,,,,,,,,,,,,,,,,,,,,,,,,,,,,,,,,,,,,,,,,,,,,,,,,,,,,,,,,,,,,,,,,,,,,,,,,,,,,,,,,,,,,,,,,,,,,,,,,,,,,,,,,,,,,,,,,,,,,,,,,,55-64,Female,,Bachelor's degree,,White / Caucasian,,5,0.865020741
R_5Fy1czsyJGROBZC,Retail Sales Associate,,,,,,,,,,,,,,,,,,,,,,,,,,,,,,,,,,,,,,,,,,,,,,,,,,,,,,,,,,,,,,,,,,,,,,,,,,,,,,,,,,,,,,,,,,,,,,,,,,,,,,,,,,,,,,,,,,,,,,,,,,,,,,,,,,,,,,,,,,,,,,,,,,,,,,,,,,,,,,,,,,,,,,,,13,95,8,14,25,40,65,35,57,53,17,17,52,89,36,87,74,55,58,74,40,18,30,40,35,74,13,70,68,94,30,73,94,21,70,89,56,83,30,13,53,11,72,66,51,65,72,100,20,31,84,0,57,62,42,77,31,72,36,40,9,32,68,64,97,10,49,88,22,47,37,19,54,95,94,23,30,76,52,75,47,61,86,11,33,76,16,64,100,18,13,47,90,56,39,13,20,34,18,99,62,51,36,75,93,69,18,65,39,53,50,34,100,51,99,68,15,3,52,26,33,54,17,6,80,45,52,23,34,90,61,81,10,90,98,41,100,50,75,20,15,94,72,71,21,95,62,7,39,88,18,74,24,73,92,14,22,69,76,64,58,86,84,70,42,29,,,,,,,,,,,,,,,,,,,,,,,,,,,,,,,,,,,,,,,,,,,,,,,,,,,,,,,,,,,,,,,,,,,,,,,,,,,,,,,,,,,,,,,,,,,,,,,,,,,,,,,,,,,,,,,,,,,,,,,,,,,,,,,,,,,,,,,,,,,,,,,,,,,,,,,,,,,,,,,,,,,,,,,,,,,,,,,,,,,,,,,,,,,,,,,,,,,,,,,,,,,,,,,,,,,,,,,,,,,,,,,,,,,,,,,,,,,,,,,,,,,,,,,,,,,,,,,,,,,,,,,,,,,,,,,,,,,,,,,,,,,,,,,,,,,,,,,,,,,,,,,,,,,,,,,,,,,,,,,,,,,,,,,,,,,,,,,,,,,,,,,,,,,,,,,,,,,,,,,,,,,,,,,,,,,,,,,,,,,,,,,,,,,,,,,,,,,,,,,,,,,,,,,,,,,,,,,,,,,,,,,,,,,,,,,,,,,,,,,,,,,,,,,,,,,,,,,,,,,,,,,,,,,,,,,,,,,,,,,,,,,,,,,,,,,,,,,,,,,,,,,,,,,,,,,,,,,,,,,,,,,,,,,,,,,,,,,,,,,,,,,,,,,,,,,,,,,,,,,,,,,,,,,,,,,,,,,,,,,,,,,,,,,,,,,,,,,,,,,,,,,,,,,,,,,,,,,,,,,,,,,,,,,,,,,,,,,,,,,,,,,,,,,,,,,,,,,,,,,,,,,,,35-44,Female,,Graduate degree,,Multiple ethnicity,mixed,2,0.90938767
R_5dauZr9AXVOFAMs,Inventory Manager,,,,,,,,,,,,,,,,,,,,,,,,,,,,,,,,,,,,,,,,,,,,,,,,,,,,,,,,,,,,,,,,,,,,,,,,,,,,,,,,,,,,,,,,,,,,,,,,,,,,,,,,,,,,,,,,,,,,,,,,,,,,,,,,,,,,,,,,,,,,,,,,,,,,,,,,,,,,,,,,,,,,,,,,65,70,50,30,80,60,90,76,81,80,1,80,70,67,80,70,80,90,10,70,80,50,70,52,95,20,50,80,50,50,1,80,71,80,85,70,70,90,50,50,75,30,60,70,75,80,76,70,70,80,70,0,60,70,83,75,60,60,80,60,70,84,70,30,70,91,50,90,70,10,90,50,80,16,70,50,74,30,90,30,1,80,50,50,70,50,20,90,91,75,85,0,80,70,30,40,50,80,30,80,70,85,30,60,78,90,90,30,90,90,50,70,70,85,51,1,90,64,30,50,70,30,80,70,73,52,75,20,91,60,60,70,70,51,70,85,80,50,70,50,60,50,8,80,70,60,86,90,50,90,60,30,90,50,80,30,50,70,50,90,90,77,30,20,50,80,,,,,,,,,,,,,,,,,,,,,,,,,,,,,,,,,,,,,,,,,,,,,,,,,,,,,,,,,,,,,,,,,,,,,,,,,,,,,,,,,,,,,,,,,,,,,,,,,,,,,,,,,,,,,,,,,,,,,,,,,,,,,,,,,,,,,,,,,,,,,,,,,,,,,,,,,,,,,,,,,,,,,,,,,,,,,,,,,,,,,,,,,,,,,,,,,,,,,,,,,,,,,,,,,,,,,,,,,,,,,,,,,,,,,,,,,,,,,,,,,,,,,,,,,,,,,,,,,,,,,,,,,,,,,,,,,,,,,,,,,,,,,,,,,,,,,,,,,,,,,,,,,,,,,,,,,,,,,,,,,,,,,,,,,,,,,,,,,,,,,,,,,,,,,,,,,,,,,,,,,,,,,,,,,,,,,,,,,,,,,,,,,,,,,,,,,,,,,,,,,,,,,,,,,,,,,,,,,,,,,,,,,,,,,,,,,,,,,,,,,,,,,,,,,,,,,,,,,,,,,,,,,,,,,,,,,,,,,,,,,,,,,,,,,,,,,,,,,,,,,,,,,,,,,,,,,,,,,,,,,,,,,,,,,,,,,,,,,,,,,,,,,,,,,,,,,,,,,,,,,,,,,,,,,,,,,,,,,,,,,,,,,,,,,,,,,,,,,,,,,,,,,,,,,,,,,,,,,,,,,,,,,,,,,,,,,,,,,,,,,,,,,,,,,,,,,,,,,,,,,,,,,25-34,Female,,Bachelor's degree,,White / Caucasian,,2,0.754817258
R_3eyG5wvuaJKYcGt,Financial Advisor,,,,,,,,,,,,,,,,,,,,,,,,,,,,,,,,,,,,,,,,,,,,,,,,,,,,,,,,,,,,,,,,,,,,,,,,,,,,,,,,,,,,,,,,,,,,,,,,,,,,,,,,,,,,,,,,,,,,,,,,,,,,,,,,,,,,,,,,,,,,,,,,,,,,,,,,,,,,,,,,,,,,,,,,,,,,,,,,,,,,,,,,,,,,,,,,,,,,,,,,,,,,,,,,,,,,,,,,,,,,,,,,,,,,,,,,,,,,,,,,,,,,,,,,,,,,,,,,,,,,,,,,,,,,,,,,,,,,,,,,,,,,,,,,,,,,,,,,,,,,,,,,,,,,,,,,,,,,,,,,,,,,,,,,,,,,,,,,,,,,,,,,,,,,,,,,,,,,,,,,,,,,,,,,,,,,,,,,,,,,,,,,,,,,,,,,,,,,,,,,,,,,,,,,,,,,,,,,,,,,,,,,,,,,,,,,,,,,,,,,,,,,,,,,,,,,,,,,,,,,,,,,,,,,,,,,,,,,,,,,,,,,,,,,,,,,,,,,,,,,,70,80,0,83,73,75,70,78,71,63,70,79,80,69,40,70,72,69,73,86,74,80,74,70,70,48,75,80,82,82,70,83,85,80,80,85,70,70,74,70,72,81,73,79,70,71,77,70,80,75,78,70,71,80,72,62,79,70,70,80,74,1,85,75,74,75,70,73,86,73,82,83,61,72,80,73,70,71,70,85,74,78,79,76,70,75,72,85,70,64,73,71,81,71,70,78,72,74,81,72,5,83,74,80,66,85,80,73,70,80,70,70,70,70,70,73,80,72,70,76,84,75,75,81,74,84,76,72,70,75,81,85,50,79,68,80,70,77,80,82,71,70,77,79,80,79,76,71,72,75,84,69,71,80,77,86,78,77,76,73,85,85,72,70,72,81,70,,,,,,,,,,,,,,,,,,,,,,,,,,,,,,,,,,,,,,,,,,,,,,,,,,,,,,,,,,,,,,,,,,,,,,,,,,,,,,,,,,,,,,,,,,,,,,,,,,,,,,,,,,,,,,,,,,,,,,,,,,,,,,,,,,,,,,,,,,,,,,,,,,,,,,,,,,,,,,,,,,,,,,,,,,,,,,,,,,,,,,,,,,,,,,,,,,,,,,,,,,,,,,,,,,,,,,,,,,,,,,,,,,,,,,,,,,,,,,,,,,,,,,,,,,,,,,,,,,,,,,,,,,,,,,,,,,,,,,,,,,,,,,,,,,,,,,,,,,,,,,,,,,,,,,,,,,,,,,,,,,,,,,,,,,,45-54,Female,,Some college,,White / Caucasian,,4,0.767121716
R_6MfmUdtlmPbMHdh,Retail Sales Associate,,,,,,,,,,,,,,,,,,,,,,,,,,,,,,,,,,,,,,,,,,,,,,,,,,,,,,,,,,,,,,,,,,,,,,,,,,,,,,,,,,,,,,,,,,,,,,,,,,,,,,,,,,,,,,,,,,,,,,,,,,,,,,,,,,,,,,,,,,,,,,,,,,,,,,,,,,,,,,,,,,,,,,,,,,,,,,,,,,,,,,,,,,,,,,,,,,,,,,,,,,,,,,,,,,,,,,,,,,,,,,,,,,,,,,,,,,,,,,,,,,,,,,,,,,,,,,,,,,,,,,,,,,,,,,,,,,,,,,,,,,,,,,,,,,,,,,,,,,,,,,,,,,,,,,,,,,,,,,,,,,,,,,,,,,,,,,,,,,,,,,,,,,,,,,,,,,,,,,,,,,,,,,,,,,,,,,,,,,,,,,,,,,,,,,,,,,,,,,,,,,,,,,,,,,,,,,,,,,,,,,,,,,,,,,,,,,,,,,,,,,,,,,,,,,,,,,,,,,,,,,,,,,,,,,,,,,,,,,,,,,,,,,,,,,,,,,,,,,,,,,,,,,,,,,,,,,,,,,,,,,,,,,,,,,,,,,,,,,,,,,,,,,,,,,,,,,,,,,,,,,,,,,,,,,,,,,,,,,,,,,,,,,,,,,,,,,,,,,,,,,,,,,,,,,,,,,,,,,,,,,,,,,,,,,,,,,,,,,,,,,,,,,,,,,,,,,,,,,,,,,,,,,,,,,,,,,,,,,,,,,,,,,,,,,,,,,,,,,,,,,,,,,,,,,,,,,,,,,,,,,,,,,,,,,,,,,,,,,,,,,,,,,,,,,,,,,,,,,,,,,,,,,,,,,,,,,,,,,,,,,,,,,,,,,,,,,,,,,,,,,,,,,,,,,,,,,,,,,,,,,,,,,,,,,,,72,44,33,23,67,18,43,32,49,46,67,17,26,72,48,14,12,78,59,52,57,71,61,38,45,53,54,79,39,27,44,24,69,59,60,55,19,63,68,54,65,53,59,56,20,50,33,49,45,86,73,44,28,56,19,48,44,46,77,46,43,35,37,45,22,71,26,67,30,28,42,72,79,66,59,24,72,40,38,29,44,45,30,45,67,36,27,24,32,55,16,72,51,60,59,58,64,55,69,21,10,16,11,14,48,54,75,48,60,70,28,25,17,43,50,82,58,31,73,32,72,58,82,87,53,58,48,66,61,50,58,42,61,26,43,83,69,24,19,35,52,19,59,50,40,46,44,32,62,43,21,24,67,20,70,72,22,24,21,42,28,41,57,30,73,31,25-34,Male,,Bachelor's degree,,White / Caucasian,,6,0.832382344
R_31NS1YMrvPlgC3k,Risk Analyst,86,65,35,91,95,39,85,96,79,91,82,56,3,70,55,85,80,84,87,90,18,96,49,45,3,74,95,92,74,92,79,68,19,52,95,61,52,98,33,86,72,89,74,78,17,88,75,95,95,3,84,82,93,72,38,43,93,79,39,15,84,93,88,96,91,92,89,74,70,90,41,85,68,44,76,96,78,78,92,93,6,94,96,12,80,9,67,50,72,83,87,93,51,80,95,24,72,96,74,91,90,87,27,86,77,78,22,83,29,10,85,77,88,91,64,88,23,82,91,88,33,75,73,72,85,42,91,65,72,90,88,18,78,75,96,80,55,95,80,82,74,69,89,91,73,11,31,72,73,84,64,85,79,77,82,84,95,51,90,71,95,49,74,81,56,85,83,,,,,,,,,,,,,,,,,,,,,,,,,,,,,,,,,,,,,,,,,,,,,,,,,,,,,,,,,,,,,,,,,,,,,,,,,,,,,,,,,,,,,,,,,,,,,,,,,,,,,,,,,,,,,,,,,,,,,,,,,,,,,,,,,,,,,,,,,,,,,,,,,,,,,,,,,,,,,,,,,,,,,,,,,,,,,,,,,,,,,,,,,,,,,,,,,,,,,,,,,,,,,,,,,,,,,,,,,,,,,,,,,,,,,,,,,,,,,,,,,,,,,,,,,,,,,,,,,,,,,,,,,,,,,,,,,,,,,,,,,,,,,,,,,,,,,,,,,,,,,,,,,,,,,,,,,,,,,,,,,,,,,,,,,,,,,,,,,,,,,,,,,,,,,,,,,,,,,,,,,,,,,,,,,,,,,,,,,,,,,,,,,,,,,,,,,,,,,,,,,,,,,,,,,,,,,,,,,,,,,,,,,,,,,,,,,,,,,,,,,,,,,,,,,,,,,,,,,,,,,,,,,,,,,,,,,,,,,,,,,,,,,,,,,,,,,,,,,,,,,,,,,,,,,,,,,,,,,,,,,,,,,,,,,,,,,,,,,,,,,,,,,,,,,,,,,,,,,,,,,,,,,,,,,,,,,,,,,,,,,,,,,,,,,,,,,,,,,,,,,,,,,,,,,,,,,,,,,,,,,,,,,,,,,,,,,,,,,,,,,,,,,,,,,,,,,,,,,,,,,,,,,,,,,,,,,,,,,,,,,,,,,,,,,,,,,,,,,,,,,,,,,,,,,,,,,,,,,,,,,,,,,,,,,,,,,,,,,,,,,,,,,,,,,,,,,,,,,,,,,,,,,,,,,,,,,,,,,,,,,,,,,,,,,,,,,,,,,,,,,,,,,,,,,,,,,,,,,,,,,,,,,,,,,,,35-44,Female,,Some college,,White / Caucasian,,1,0.362973884
R_6SZyxxFM5tGmHuh,Retail Sales Associate,,,,,,,,,,,,,,,,,,,,,,,,,,,,,,,,,,,,,,,,,,,,,,,,,,,,,,,,,,,,,,,,,,,,,,,,,,,,,,,,,,,,,,,,,,,,,,,,,,,,,,,,,,,,,,,,,,,,,,,,,,,,,,,,,,,,,,,,,,,,,,,,,,,,,,,,,,,,,,,,,,,,,,,,,,,,,,,,,,,,,,,,,,,,,,,,,,,,,,,,,,,,,,,,,,,,,,,,,,,,,,,,,,,,,,,,,,,,,,,,,,,,,,,,,,,,,,,,,,,,,,,,,,,,,,,,,,,,,,,,,,,,,,,,,,,,,,,,,,,,,,,,,,,,,,,,,,,,,,,,,,,,,,,,,,,,,,,,,,,,,,,,,,,,,,,,,,,,,,,,,,,,,,,,,,,,,,,,,,,,,,,,,,,,,,,,,,,,,,,,,,,,,,,,,,,,,,,,,,,,,,,,,,,,,,,,,,,,,,,,,,,,,,,,,,,,,,,,,,,,,,,,,,,,,,,,,,,,,,,,,,,,,,,,,,,,,,,,,,,,,,,,,,,,,,,,,,,,,,,,,,,,,,,,,,,,,,,,,,,,,,,,,,,,,,,,,,,,,,,,,,,,,,,,,,,,,,,,,,,,,,,,,,,,,,,,,,,,,,,,,,,,,,,,,,,,,,,,,,,,,,,,,,,,,,,,,,,,,,,,,,,,,,,,,,,,,,,,,,,,,,,,,,,,73,69,72,31,40,70,69,63,70,68,72,68,56,71,70,70,74,62,67,69,71,73,61,61,68,72,64,71,68,67,59,70,61,73,74,68,69,74,72,71,72,60,61,67,54,61,60,67,71,66,73,66,67,48,67,73,74,70,52,71,61,73,71,72,66,61,66,71,74,62,57,66,65,61,74,49,71,74,65,70,72,63,71,70,67,75,64,70,54,67,72,54,64,61,72,67,73,68,73,62,66,53,72,73,72,67,69,63,72,72,74,51,72,71,64,70,62,70,59,73,68,57,69,73,65,48,74,68,62,72,61,71,63,70,73,72,72,65,61,71,67,71,61,68,55,73,71,62,70,68,71,62,63,69,51,73,67,71,65,72,65,59,63,55,,,,,,,,,,,,,,,,,,,,,,,,,,,,,,,,,,,,,,,,,,,,,,,,,,,,,,,,,,,,,,,,,,,,,,,,,,,,,,,,,,,,,,,,,,,,,,,,,,,,,,,,,,,,,,,,,,,,,,,,,,,,,,,,,,,,,,,,,,,,,,,,,,,,,,,,,,,,,,,,,,,,,,,55-64,Male,,Graduate degree,,White / Caucasian,,5,0.786796347
R_5isY0hoLer1JGb9,Financial Advisor,,,,,,,,,,,,,,,,,,,,,,,,,,,,,,,,,,,,,,,,,,,,,,,,,,,,,,,,,,,,,,,,,,,,,,,,,,,,,,,,,,,,,,,,,,,,,,,,,,,,,,,,,,,,,,,,,,,,,,,,,,,,,,,,,,,,,,,,,,,,,,,,,,,,,,,,,,,,,,,,,,,,,,,,,,,,,,,,,,,,,,,,,,,,,,,,,,,,,,,,,,,,,,,,,,,,,,,,,,,,,,,,,,,,,,,,,,,,,,,,,,,,,,,,,,,,,,,,,,,,,,,,,,,,,,,,,,,,,,,,,,,,,,,,,,,,,,,,,,,,,,,,,,,,,,,,,,,,,,,,,,,,,,,,,,,,,,,,,,,,,,,,,,,,,,,,,,,,,,,,,,,,,,,,,,,,,,,,,,,,,,,,,,,,,,,,,,,,,,,,,,,,,,,,,,,,,,,,,,,,,,,,,,,,,,,,,,,,,,,,,,,,,,,,,,,,,,,,,,,,,,,,,,,,,,,,,,,,,,,,,,,,,,,,,,,,,,,,,,,,,79,78,46,66,82,50,77,82,81,73,19,89,48,85,8,7,69,51,73,39,68,80,80,83,64,61,42,24,28,77,9,49,65,53,30,68,43,20,85,65,79,79,2,44,17,10,71,24,64,48,13,60,85,74,82,78,27,68,84,15,60,71,86,58,66,74,16,12,72,46,46,83,34,15,77,67,40,82,71,65,84,36,6,64,49,74,41,35,30,31,42,83,12,68,68,6,83,17,7,46,49,16,89,41,69,31,11,91,75,74,46,78,62,36,48,15,80,84,45,10,31,53,79,20,78,90,26,78,38,82,6,74,5,18,73,66,34,42,74,90,85,83,9,80,42,81,18,89,71,60,84,26,26,85,83,80,13,73,12,6,40,72,84,36,79,84,87,,,,,,,,,,,,,,,,,,,,,,,,,,,,,,,,,,,,,,,,,,,,,,,,,,,,,,,,,,,,,,,,,,,,,,,,,,,,,,,,,,,,,,,,,,,,,,,,,,,,,,,,,,,,,,,,,,,,,,,,,,,,,,,,,,,,,,,,,,,,,,,,,,,,,,,,,,,,,,,,,,,,,,,,,,,,,,,,,,,,,,,,,,,,,,,,,,,,,,,,,,,,,,,,,,,,,,,,,,,,,,,,,,,,,,,,,,,,,,,,,,,,,,,,,,,,,,,,,,,,,,,,,,,,,,,,,,,,,,,,,,,,,,,,,,,,,,,,,,,,,,,,,,,,,,,,,,,,,,,,,,,,,,,,,,,65 or above,Female,,Graduate degree,,White / Caucasian,,4,0.703650662
R_7L88TGZqIKeIvHm,Retail Sales Associate,,,,,,,,,,,,,,,,,,,,,,,,,,,,,,,,,,,,,,,,,,,,,,,,,,,,,,,,,,,,,,,,,,,,,,,,,,,,,,,,,,,,,,,,,,,,,,,,,,,,,,,,,,,,,,,,,,,,,,,,,,,,,,,,,,,,,,,,,,,,,,,,,,,,,,,,,,,,,,,,,,,,,,,,,,,,,,,,,,,,,,,,,,,,,,,,,,,,,,,,,,,,,,,,,,,,,,,,,,,,,,,,,,,,,,,,,,,,,,,,,,,,,,,,,,,,,,,,,,,,,,,,,,,,,,,,,,,,,,,,,,,,,,,,,,,,,,,,,,,,,,,,,,,,,,,,,,,,,,,,,,,,,,,,,,,,,,,,,,,,,,,,,,,,,,,,,,,,,,,,,,,,,,,,,,,,,,,,,,,,,,,,,,,,,,,,,,,,,,,,,,,,,,,,,,,,,,,,,,,,,,,,,,,,,,,,,,,,,,,,,,,,,,,,,,,,,,,,,,,,,,,,,,,,,,,,,,,,,,,,,,,,,,,,,,,,,,,,,,,,,,,,,,,,,,,,,,,,,,,,,,,,,,,,,,,,,,,,,,,,,,,,,,,,,,,,,,,,,,,,,,,,,,,,,,,,,,,,,,,,,,,,,,,,,,,,,,,,,,,,,,,,,,,,,,,,,,,,,,,,,,,,,,,,,,,,,,,,,,,,,,,,,,,,,,,,,,,,,,,,,,,,,,,,87,88,45,41,52,10,64,74,79,44,99,100,12,72,80,45,85,51,65,30,97,35,43,15,89,95,14,74,3,100,85,45,52,43,95,23,50,100,66,79,96,65,97,24,98,56,39,83,98,50,90,38,38,77,85,60,100,79,37,82,53,45,83,36,14,84,100,95,33,23,40,27,95,62,100,1,86,98,50,91,30,42,90,53,39,80,48,33,39,31,54,8,61,15,79,44,75,88,66,12,52,15,44,57,75,50,76,41,65,90,91,24,51,58,35,43,96,96,20,86,55,25,88,23,100,90,84,11,96,90,34,95,92,87,72,95,53,40,8,76,27,100,50,73,73,57,81,44,88,93,96,98,40,45,10,71,41,96,51,64,71,21,95,19,,,,,,,,,,,,,,,,,,,,,,,,,,,,,,,,,,,,,,,,,,,,,,,,,,,,,,,,,,,,,,,,,,,,,,,,,,,,,,,,,,,,,,,,,,,,,,,,,,,,,,,,,,,,,,,,,,,,,,,,,,,,,,,,,,,,,,,,,,,,,,,,,,,,,,,,,,,,,,,,,,,,,,,55-64,Female,,Some college,,Black or African American,,5,0.628402984
R_72PEtVi5QyFUKIH,Inventory Manager,60,71,77,67,63,82,83,65,71,83,80,35,66,56,63,77,70,87,50,37,73,80,75,65,87,77,79,88,94,72,70,84,52,81,30,78,65,50,82,55,70,69,74,82,32,33,22,79,80,32,75,56,82,77,83,73,36,75,70,85,57,74,78,95,55,83,83,68,38,79,64,100,71,30,65,68,80,40,82,79,83,54,76,31,67,80,88,66,94,84,38,82,39,76,28,100,36,72,89,72,53,49,65,80,75,82,79,90,69,62,64,47,87,70,90,69,79,54,75,85,45,81,55,72,72,68,70,73,75,77,44,69,89,75,65,85,87,66,64,61,75,84,68,86,77,76,43,80,46,60,46,78,74,36,96,88,55,85,81,82,53,71,81,68,70,84,80,,,,,,,,,,,,,,,,,,,,,,,,,,,,,,,,,,,,,,,,,,,,,,,,,,,,,,,,,,,,,,,,,,,,,,,,,,,,,,,,,,,,,,,,,,,,,,,,,,,,,,,,,,,,,,,,,,,,,,,,,,,,,,,,,,,,,,,,,,,,,,,,,,,,,,,,,,,,,,,,,,,,,,,,,,,,,,,,,,,,,,,,,,,,,,,,,,,,,,,,,,,,,,,,,,,,,,,,,,,,,,,,,,,,,,,,,,,,,,,,,,,,,,,,,,,,,,,,,,,,,,,,,,,,,,,,,,,,,,,,,,,,,,,,,,,,,,,,,,,,,,,,,,,,,,,,,,,,,,,,,,,,,,,,,,,,,,,,,,,,,,,,,,,,,,,,,,,,,,,,,,,,,,,,,,,,,,,,,,,,,,,,,,,,,,,,,,,,,,,,,,,,,,,,,,,,,,,,,,,,,,,,,,,,,,,,,,,,,,,,,,,,,,,,,,,,,,,,,,,,,,,,,,,,,,,,,,,,,,,,,,,,,,,,,,,,,,,,,,,,,,,,,,,,,,,,,,,,,,,,,,,,,,,,,,,,,,,,,,,,,,,,,,,,,,,,,,,,,,,,,,,,,,,,,,,,,,,,,,,,,,,,,,,,,,,,,,,,,,,,,,,,,,,,,,,,,,,,,,,,,,,,,,,,,,,,,,,,,,,,,,,,,,,,,,,,,,,,,,,,,,,,,,,,,,,,,,,,,,,,,,,,,,,,,,,,,,,,,,,,,,,,,,,,,,,,,,,,,,,,,,,,,,,,,,,,,,,,,,,,,,,,,,,,,,,,,,,,,,,,,,,,,,,,,,,,,,,,,,,,,,,,,,,,,,,,,,,,,,,,,,,,,,,,,,,,,,,,,,,,,,,,,,,,,,,35-44,Male,,Bachelor's degree,,Black or African American,,1,0.772516646
R_3ci7VAzhiSvuj4d,Inventory Manager,,,,,,,,,,,,,,,,,,,,,,,,,,,,,,,,,,,,,,,,,,,,,,,,,,,,,,,,,,,,,,,,,,,,,,,,,,,,,,,,,,,,,,,,,,,,,,,,,,,,,,,,,,,,,,,,,,,,,,,,,,,,,,,,,,,,,,,,,,,,,,,,,,,,,,,,,,,,,,,,,,,,,,,,,,,,,,,,,,,,,,,,,,,,,,,,,,,,,,,,,,,,,,,,,,,,,,,,,,,,,,,,,,,,,,,,,,,,,,,,,,,,,,,,,,,,,,,,,,,,,,,,,,,,,,,,,,,,,,,,,,,,,,,,,,,,,,,,,,,,,,,,,,,,,,,,,,,,,,,,,,,,,,,,,,,,,,,,,,,,,,,,,,,,,,,,,,,,,,,,,,,,,,,,,,,,,,,,,,,,,,,,,,,,,,,,,,,,,,,,,,,,,,,,,,,,,,,,,,,,,,,,,,,,,,,,,,,,,,,,,,,,,,,,,,,,,,,,,,,,,,,,,,,,,,,,,,,,,,,,,,,,,,,,,,,,,,,,,,,,,100,70,0,75,0,0,0,25,0,0,65,0,35,0,0,0,0,0,0,0,0,75,0,0,0,15,0,0,25,20,0,0,0,0,20,0,15,45,100,0,0,0,15,100,0,40,53,0,0,100,0,0,25,0,0,0,0,45,0,0,75,0,100,0,0,48,0,32,0,0,100,45,0,0,0,0,0,0,1,85,0,0,0,0,0,35,0,0,0,80,0,0,50,0,25,0,0,100,0,0,72,0,0,0,0,100,0,0,0,0,0,0,0,57,0,0,55,0,0,0,0,0,80,50,0,0,0,0,0,0,0,0,0,0,25,0,0,35,25,0,0,0,0,0,85,75,0,0,0,65,100,50,0,65,0,50,0,0,0,0,0,100,0,0,0,0,45,,,,,,,,,,,,,,,,,,,,,,,,,,,,,,,,,,,,,,,,,,,,,,,,,,,,,,,,,,,,,,,,,,,,,,,,,,,,,,,,,,,,,,,,,,,,,,,,,,,,,,,,,,,,,,,,,,,,,,,,,,,,,,,,,,,,,,,,,,,,,,,,,,,,,,,,,,,,,,,,,,,,,,,,,,,,,,,,,,,,,,,,,,,,,,,,,,,,,,,,,,,,,,,,,,,,,,,,,,,,,,,,,,,,,,,,,,,,,,,,,,,,,,,,,,,,,,,,,,,,,,,,,,,,,,,,,,,,,,,,,,,,,,,,,,,,,,,,,,,,,,,,,,,,,,,,,,,,,,,,,,,,,,,,,,,45-54,Female,,Graduate degree,,Black or African American,,4,0.674119331
R_646nXvmBC1vvAj4,Financial Advisor,,,,,,,,,,,,,,,,,,,,,,,,,,,,,,,,,,,,,,,,,,,,,,,,,,,,,,,,,,,,,,,,,,,,,,,,,,,,,,,,,,,,,,,,,,,,,,,,,,,,,,,,,,,,,,,,,,,,,,,,,,,,,,,,,,,,,,,,,,,,,,,,,,,,,,,,,,,,,,,,,,,,,,,,,,,,,,,,,,,,,,,,,,,,,,,,,,,,,,,,,,,,,,,,,,,,,,,,,,,,,,,,,,,,,,,,,,,,,,,,,,,,,,,,,,,,,,,,,,,,,,,,,,,,,,,,,,,,,,,,,,,,,,,,,,,,,,,,,,,,,,,,,,,,,,,,,,,,,,,,,,,,,,,,,,,,,,,,,,,,,,,,,,,,,,,,,,,,,,,,,,,,,,,,,,,,,,,,,,,,,,,,,,,,,,,,,,,,,,,,,,,,,,,,,,,,,,,,,,,,,,,,,,,,,,,,,,,,,,,,,,,,,,,,,,,,,,,,,,,,,,,,,,,,,,,,,,,,,,,,,,,,,,,,,,,,,,,,,,,,,51,30,0,24,34,15,46,75,27,19,8,67,62,34,2,25,52,23,66,61,6,50,46,48,12,26,11,49,43,40,17,10,57,69,26,58,40,22,22,53,47,76,7,57,6,8,51,23,60,46,9,17,47,46,69,18,33,26,28,23,26,18,36,64,14,24,37,18,83,22,15,61,9,15,75,38,32,10,50,20,22,17,3,46,6,23,21,72,25,22,32,60,12,67,38,4,75,25,4,72,52,85,62,55,11,73,9,39,32,55,45,31,15,12,45,3,51,63,9,10,44,45,23,16,21,67,48,35,41,86,8,59,24,10,17,15,20,27,45,50,32,15,10,40,39,15,10,12,56,57,68,8,37,38,13,51,39,33,12,51,67,80,45,53,22,60,63,,,,,,,,,,,,,,,,,,,,,,,,,,,,,,,,,,,,,,,,,,,,,,,,,,,,,,,,,,,,,,,,,,,,,,,,,,,,,,,,,,,,,,,,,,,,,,,,,,,,,,,,,,,,,,,,,,,,,,,,,,,,,,,,,,,,,,,,,,,,,,,,,,,,,,,,,,,,,,,,,,,,,,,,,,,,,,,,,,,,,,,,,,,,,,,,,,,,,,,,,,,,,,,,,,,,,,,,,,,,,,,,,,,,,,,,,,,,,,,,,,,,,,,,,,,,,,,,,,,,,,,,,,,,,,,,,,,,,,,,,,,,,,,,,,,,,,,,,,,,,,,,,,,,,,,,,,,,,,,,,,,,,,,,,,,35-44,Female,,High school graduate,,White / Caucasian,,4,0.453391026
R_1ilvxjvtAh7WEsF,Retail Sales Associate,,,,,,,,,,,,,,,,,,,,,,,,,,,,,,,,,,,,,,,,,,,,,,,,,,,,,,,,,,,,,,,,,,,,,,,,,,,,,,,,,,,,,,,,,,,,,,,,,,,,,,,,,,,,,,,,,,,,,,,,,,,,,,,,,,,,,,,,,,,,,,,,,,,,,,,,,,,,,,,,,,,,,,,,,,,,,,,,,,,,,,,,,,,,,,,,,,,,,,,,,,,,,,,,,,,,,,,,,,,,,,,,,,,,,,,,,,,,,,,,,,,,,,,,,,,,,,,,,,,,,,,,,,,,,,,,,,,,,,,,,,,,,,,,,,,,,,,,,,,,,,,,,,,,,,,,,,,,,,,,,,,,,,,,,,,,,,,,,,,,,,,,,,,,,,,,,,,,,,,,,,,,,,,,,,,,,,,,,,,,,,,,,,,,,,,,,,,,,,,,,,,,,,,,,,,,,,,,,,,,,,,,,,,,,,,,,,,,,,,,,,,,,,,,,,,,,,,,,,,,,,,,,,,,,,,,,,,,,,,,,,,,,,,,,,,,,,,,,,,,,65,0,3,0,38,1,17,3,51,0,51,2,10,63,60,0,2,81,60,0,2,4,30,89,4,27,0,0,3,5,18,0,12,0,1,0,3,59,60,88,3,0,0,65,75,8,8,57,0,6,23,23,56,5,76,5,0,76,9,1,8,79,3,19,15,31,6,2,0,5,0,4,0,0,1,48,2,26,40,1,0,1,0,12,12,29,40,0,89,5,3,56,37,60,53,5,58,5,0,36,56,0,61,6,76,4,10,46,44,1,75,9,53,11,55,6,1,46,21,5,2,17,32,29,0,1,5,4,3,20,0,15,17,1,57,0,80,55,1,16,27,54,0,1,4,20,23,3,92,3,0,3,6,1,62,1,0,54,0,45,5,5,13,56,61,17,53,,,,,,,,,,,,,,,,,,,,,,,,,,,,,,,,,,,,,,,,,,,,,,,,,,,,,,,,,,,,,,,,,,,,,,,,,,,,,,,,,,,,,,,,,,,,,,,,,,,,,,,,,,,,,,,,,,,,,,,,,,,,,,,,,,,,,,,,,,,,,,,,,,,,,,,,,,,,,,,,,,,,,,,,,,,,,,,,,,,,,,,,,,,,,,,,,,,,,,,,,,,,,,,,,,,,,,,,,,,,,,,,,,,,,,,,,,,,,,,,,,,,,,,,,,,,,,,,,,,,,,,,,,,,,,,,,,,,,,,,,,,,,,,,,,,,,,,,,,,,,,,,,,,,,,,,,,,,,,,,,,,,,,,,,,,25-34,Female,,Bachelor's degree,,Black or African American,,4,0.924569742
R_5TR8ityT1u7nDkc,Retail Sales Associate,,,,,,,,,,,,,,,,,,,,,,,,,,,,,,,,,,,,,,,,,,,,,,,,,,,,,,,,,,,,,,,,,,,,,,,,,,,,,,,,,,,,,,,,,,,,,,,,,,,,,,,,,,,,,,,,,,,,,,,,,,,,,,,,,,,,,,,,,,,,,,,,,,,,,,,,,,,,,,,,,,,,,,,,,,,,,,,,,,,,,,,,,,,,,,,,,,,,,,,,,,,,,,,,,,,,,,,,,,,,,,,,,,,,,,,,,,,,,,,,,,,,,,,,,,,,,,,,,,,,,,,,,,,,,,,,,,,,,,,,,,,,,,,,,,,,,,,,,,,,,,,,,,,,,,,,,,,,,,,,,,,,,,,,,,,,,,,,,,,,,,,,,,,,,,,,,,,,,,,,,,,,,,,,,,,,,,,,,,,,,,,,,,,,,,,,,,,,,,,,,,,,,,,,,,,,,,,,,,,,,,,,,,,,,,,,,,,,,,,,,,,,,,,,,,,,,,,,,,,,,,,,,,,,,,,,,,,,,,,,,,,,,,,,,,,,,,,,,,,,,,,,,,,,,,,,,,,,,,,,,,,,,,,,,,,,,,,,,,,,,,,,,,,,,,,,,,,,,,,,,,,,,,,,,,,,,,,,,,,,,,,,,,,,,,,,,,,,,,,,,,,,,,,,,,,,,,,,,,,,,,,,,,,,,,,,,,,,,,,,,,,,,,,,,,,,,,,,,,,,,,,,,,,,,,,,,,,,,,,,,,,,,,,,,,,,,,,,,,,,,,,,,,,,,,,,,,,,,,,,,,,,,,,,,,,,,,,,,,,,,,,,,,,,,,,,,,,,,,,,,,,,,,,,,,,,,,,,,,,,,,,,,,,,,,,,,,,,,,,,,,,,,,,,,,,,,,,,,,,,,,,,,,,,,,,,96,52,73,31,53,11,71,22,73,77,49,48,14,85,71,15,51,84,67,86,96,77,97,60,18,58,75,97,70,15,69,24,74,9,87,63,60,77,77,65,84,87,67,77,5,84,64,92,57,97,97,87,42,76,64,68,22,71,68,37,35,32,9,65,41,81,59,72,58,70,35,46,76,82,65,30,98,82,75,40,42,70,69,91,84,66,63,40,37,74,23,78,15,90,97,82,82,81,96,29,37,24,27,10,63,65,30,75,72,77,95,66,27,89,70,86,81,20,94,57,80,75,92,52,87,92,17,65,84,60,97,12,68,35,54,95,95,10,40,70,39,64,66,67,68,80,55,32,70,38,60,25,87,8,65,82,15,14,59,85,77,80,71,23,89,57,45-54,Female,,High school graduate,,White / Caucasian,,6,0.723879237
R_1mh6xej546VCWm5,Financial Advisor,100,100,100,100,100,100,100,100,100,100,100,100,100,100,100,100,100,100,100,100,100,98,100,90,100,100,100,100,95,100,90,90,100,100,100,100,100,100,100,100,100,100,97,100,100,100,100,100,100,100,100,100,100,100,100,100,100,100,90,100,100,100,100,100,100,100,100,100,100,100,100,100,100,100,100,100,100,100,100,100,100,100,100,100,100,100,100,100,100,100,100,100,100,98,100,100,100,100,100,100,100,100,100,100,100,100,100,100,100,100,100,100,100,100,100,100,100,100,100,100,100,100,100,100,100,100,98,100,100,100,100,100,100,100,100,100,100,100,100,100,100,100,100,100,84,95,100,100,100,100,100,100,100,100,100,100,100,100,100,96,100,100,100,100,100,99,100,,,,,,,,,,,,,,,,,,,,,,,,,,,,,,,,,,,,,,,,,,,,,,,,,,,,,,,,,,,,,,,,,,,,,,,,,,,,,,,,,,,,,,,,,,,,,,,,,,,,,,,,,,,,,,,,,,,,,,,,,,,,,,,,,,,,,,,,,,,,,,,,,,,,,,,,,,,,,,,,,,,,,,,,,,,,,,,,,,,,,,,,,,,,,,,,,,,,,,,,,,,,,,,,,,,,,,,,,,,,,,,,,,,,,,,,,,,,,,,,,,,,,,,,,,,,,,,,,,,,,,,,,,,,,,,,,,,,,,,,,,,,,,,,,,,,,,,,,,,,,,,,,,,,,,,,,,,,,,,,,,,,,,,,,,,,,,,,,,,,,,,,,,,,,,,,,,,,,,,,,,,,,,,,,,,,,,,,,,,,,,,,,,,,,,,,,,,,,,,,,,,,,,,,,,,,,,,,,,,,,,,,,,,,,,,,,,,,,,,,,,,,,,,,,,,,,,,,,,,,,,,,,,,,,,,,,,,,,,,,,,,,,,,,,,,,,,,,,,,,,,,,,,,,,,,,,,,,,,,,,,,,,,,,,,,,,,,,,,,,,,,,,,,,,,,,,,,,,,,,,,,,,,,,,,,,,,,,,,,,,,,,,,,,,,,,,,,,,,,,,,,,,,,,,,,,,,,,,,,,,,,,,,,,,,,,,,,,,,,,,,,,,,,,,,,,,,,,,,,,,,,,,,,,,,,,,,,,,,,,,,,,,,,,,,,,,,,,,,,,,,,,,,,,,,,,,,,,,,,,,,,,,,,,,,,,,,,,,,,,,,,,,,,,,,,,,,,,,,,,,,,,,,,,,,,,,,,,,,,,,,,,,,,,,,,,,,,,,,,,,,,,,,,,,,,,,,,,,,,,,,,,,,,,,,,65 or above,Female,,Some college,,White / Caucasian,,1,0.853312543
R_1jCwqe55fDMg0pV,Retail Sales Associate,93,91,93,92,82,96,91,93,92,100,93,93,90,90,87,95,98,97,89,97,98,97,91,89,98,98,92,92,92,97,93,94,93,96,91,89,93,92,94,92,94,93,92,90,97,98,92,99,98,89,92,92,98,80,90,91,98,92,88,99,97,96,89,95,93,95,92,90,81,91,98,99,91,92,99,89,90,100,100,96,87,88,93,91,99,94,97,93,93,94,97,98,89,100,96,96,94,95,94,97,90,91,96,100,91,98,92,94,90,98,91,98,90,100,97,91,98,93,94,90,91,98,91,98,96,97,89,90,91,89,96,90,92,86,97,90,94,91,78,98,98,96,93,95,91,92,92,90,92,98,88,98,96,90,94,87,92,92,93,95,100,99,96,98,96,93,90,,,,,,,,,,,,,,,,,,,,,,,,,,,,,,,,,,,,,,,,,,,,,,,,,,,,,,,,,,,,,,,,,,,,,,,,,,,,,,,,,,,,,,,,,,,,,,,,,,,,,,,,,,,,,,,,,,,,,,,,,,,,,,,,,,,,,,,,,,,,,,,,,,,,,,,,,,,,,,,,,,,,,,,,,,,,,,,,,,,,,,,,,,,,,,,,,,,,,,,,,,,,,,,,,,,,,,,,,,,,,,,,,,,,,,,,,,,,,,,,,,,,,,,,,,,,,,,,,,,,,,,,,,,,,,,,,,,,,,,,,,,,,,,,,,,,,,,,,,,,,,,,,,,,,,,,,,,,,,,,,,,,,,,,,,,,,,,,,,,,,,,,,,,,,,,,,,,,,,,,,,,,,,,,,,,,,,,,,,,,,,,,,,,,,,,,,,,,,,,,,,,,,,,,,,,,,,,,,,,,,,,,,,,,,,,,,,,,,,,,,,,,,,,,,,,,,,,,,,,,,,,,,,,,,,,,,,,,,,,,,,,,,,,,,,,,,,,,,,,,,,,,,,,,,,,,,,,,,,,,,,,,,,,,,,,,,,,,,,,,,,,,,,,,,,,,,,,,,,,,,,,,,,,,,,,,,,,,,,,,,,,,,,,,,,,,,,,,,,,,,,,,,,,,,,,,,,,,,,,,,,,,,,,,,,,,,,,,,,,,,,,,,,,,,,,,,,,,,,,,,,,,,,,,,,,,,,,,,,,,,,,,,,,,,,,,,,,,,,,,,,,,,,,,,,,,,,,,,,,,,,,,,,,,,,,,,,,,,,,,,,,,,,,,,,,,,,,,,,,,,,,,,,,,,,,,,,,,,,,,,,,,,,,,,,,,,,,,,,,,,,,,,,,,,,,,,,,,,,,,,,,,,,,,,,,35-44,Male,,Bachelor's degree,,White / Caucasian,,1,0.126273873
R_7lftvIo3EwggUzf,Inventory Manager,,,,,,,,,,,,,,,,,,,,,,,,,,,,,,,,,,,,,,,,,,,,,,,,,,,,,,,,,,,,,,,,,,,,,,,,,,,,,,,,,,,,,,,,,,,,,,,,,,,,,,,,,,,,,,,,,,,,,,,,,,,,,,,,,,,,,,,,,,,,,,,,,,,,,,,,,,,,,,,,,,,,,,,,1,10,100,19,47,10,25,76,82,37,4,36,7,1,15,62,100,65,83,82,38,11,12,67,13,3,9,86,14,19,1,100,100,91,54,33,73,98,1,7,11,8,80,13,43,100,100,21,10,99,83,0,1,11,14,45,22,49,31,7,12,32,10,3,15,71,12,100,29,100,11,13,51,1,26,17,41,12,4,7,8,90,31,8,36,14,1,44,13,51,8,1,48,14,11,6,16,21,18,34,9,67,70,75,8,76,4,7,35,100,9,1,13,77,11,1,54,84,45,23,53,2,100,16,7,7,21,100,99,13,61,3,10,3,1,100,17,10,80,12,6,30,44,87,100,75,62,26,1,55,14,10,9,8,98,10,6,10,73,85,27,78,11,1,10,100,,,,,,,,,,,,,,,,,,,,,,,,,,,,,,,,,,,,,,,,,,,,,,,,,,,,,,,,,,,,,,,,,,,,,,,,,,,,,,,,,,,,,,,,,,,,,,,,,,,,,,,,,,,,,,,,,,,,,,,,,,,,,,,,,,,,,,,,,,,,,,,,,,,,,,,,,,,,,,,,,,,,,,,,,,,,,,,,,,,,,,,,,,,,,,,,,,,,,,,,,,,,,,,,,,,,,,,,,,,,,,,,,,,,,,,,,,,,,,,,,,,,,,,,,,,,,,,,,,,,,,,,,,,,,,,,,,,,,,,,,,,,,,,,,,,,,,,,,,,,,,,,,,,,,,,,,,,,,,,,,,,,,,,,,,,,,,,,,,,,,,,,,,,,,,,,,,,,,,,,,,,,,,,,,,,,,,,,,,,,,,,,,,,,,,,,,,,,,,,,,,,,,,,,,,,,,,,,,,,,,,,,,,,,,,,,,,,,,,,,,,,,,,,,,,,,,,,,,,,,,,,,,,,,,,,,,,,,,,,,,,,,,,,,,,,,,,,,,,,,,,,,,,,,,,,,,,,,,,,,,,,,,,,,,,,,,,,,,,,,,,,,,,,,,,,,,,,,,,,,,,,,,,,,,,,,,,,,,,,,,,,,,,,,,,,,,,,,,,,,,,,,,,,,,,,,,,,,,,,,,,,,,,,,,,,,,,,,,,,,,,,,,,,,,,,,,,,,,,,,,,,,,55-64,Female,,High school graduate,,White / Caucasian,,2,0.868097639
R_1HRq6wezPF45iEw,Retail Sales Associate,,,,,,,,,,,,,,,,,,,,,,,,,,,,,,,,,,,,,,,,,,,,,,,,,,,,,,,,,,,,,,,,,,,,,,,,,,,,,,,,,,,,,,,,,,,,,,,,,,,,,,,,,,,,,,,,,,,,,,,,,,,,,,,,,,,,,,,,,,,,,,,,,,,,,,,,,,,,,,,,,,,,,,,,93,99,98,92,99,100,100,100,100,100,0,100,90,100,100,100,100,100,56,100,100,100,100,89,100,100,100,100,100,100,100,100,100,100,100,99,100,99,95,90,100,100,100,100,100,100,100,100,100,100,100,0,100,100,100,100,100,100,100,100,100,100,100,85,100,89,100,100,100,97,100,100,100,100,100,99,100,91,100,100,100,100,100,100,100,100,76,100,100,100,100,100,100,100,100,100,100,100,74,100,100,100,100,100,100,100,97,100,100,100,100,95,100,99,100,100,95,100,100,100,100,90,100,100,100,100,100,49,100,97,100,100,100,100,100,100,100,93,100,100,100,100,100,100,100,100,98,91,100,100,100,91,100,100,100,100,95,100,100,100,100,100,100,100,100,97,,,,,,,,,,,,,,,,,,,,,,,,,,,,,,,,,,,,,,,,,,,,,,,,,,,,,,,,,,,,,,,,,,,,,,,,,,,,,,,,,,,,,,,,,,,,,,,,,,,,,,,,,,,,,,,,,,,,,,,,,,,,,,,,,,,,,,,,,,,,,,,,,,,,,,,,,,,,,,,,,,,,,,,,,,,,,,,,,,,,,,,,,,,,,,,,,,,,,,,,,,,,,,,,,,,,,,,,,,,,,,,,,,,,,,,,,,,,,,,,,,,,,,,,,,,,,,,,,,,,,,,,,,,,,,,,,,,,,,,,,,,,,,,,,,,,,,,,,,,,,,,,,,,,,,,,,,,,,,,,,,,,,,,,,,,,,,,,,,,,,,,,,,,,,,,,,,,,,,,,,,,,,,,,,,,,,,,,,,,,,,,,,,,,,,,,,,,,,,,,,,,,,,,,,,,,,,,,,,,,,,,,,,,,,,,,,,,,,,,,,,,,,,,,,,,,,,,,,,,,,,,,,,,,,,,,,,,,,,,,,,,,,,,,,,,,,,,,,,,,,,,,,,,,,,,,,,,,,,,,,,,,,,,,,,,,,,,,,,,,,,,,,,,,,,,,,,,,,,,,,,,,,,,,,,,,,,,,,,,,,,,,,,,,,,,,,,,,,,,,,,,,,,,,,,,,,,,,,,,,,,,,,,,,,,,,,,,,,,,,,,,,,,,,,,,,,,,,,,,,,,,,,25-34,Female,,Graduate degree,,White / Caucasian,,2,0.89726186
R_6YUk2QHLl5uWdxL,Inventory Manager,,,,,,,,,,,,,,,,,,,,,,,,,,,,,,,,,,,,,,,,,,,,,,,,,,,,,,,,,,,,,,,,,,,,,,,,,,,,,,,,,,,,,,,,,,,,,,,,,,,,,,,,,,,,,,,,,,,,,,,,,,,,,,,,,,,,,,,,,,,,,,,,,,,,,,,,,,,,,,,,,,,,,,,,,,,,,,,,,,,,,,,,,,,,,,,,,,,,,,,,,,,,,,,,,,,,,,,,,,,,,,,,,,,,,,,,,,,,,,,,,,,,,,,,,,,,,,,,,,,,,,,,,,,,,,,,,,,,,,,,,,,,,,,,,,,,,,,,,,,,,,,,,,,,,,,,,,,,,,,,,,,,,,,,,,,,,,,,,,,,,,,,,,,,,,,,,,,,,,,,,,,,,,,,,,,,,,,,,,,,,,,,,,,,,,,,,,,,,,,,,,,,,,,,,,,,,,,,,,,,,,,,,,,,,,,,,,,,,,,,,,,,,,,,,,,,,,,,,,,,,,,,,,,,,,,,,,,,,,,,,,,,,,,,,,,,,,,,,,,,,,,,,,,,,,,,,,,,,,,,,,,,,,,,,,,,,,,,,,,,,,,,,,,,,,,,,,,,,,,,,,,,,,,,,,,,,,,,,,,,,,,,,,,,,,,,,,,,,,,,,,,,,,,,,,,,,,,,,,,,,,,,,,,,,,,,,,,,,,,,,,,,,,,,,,,,,,,,,,,,,,,,,,,,,,,,,,,,,,,,,,,,,,,,,,,,,,,,,,,,,,,,,,,,,,,,,,,,,,,,,,,,,,,,,,,,,,,,,,,,,,,,,,,,,,,,,,,,,,,,,,,,,,,,,,,,,,,,,,,,,,,,,,,,,,,,,,,,,,,,,,,,,,,,,,,,,,,,,,,,,,,,,,,,,,,,78,75,58,78,74,65,73,65,70,72,71,70,65,76,68,62,72,72,75,70,78,75,78,76,68,70,74,78,70,67,74,62,76,72,72,74,68,70,76,70,78,75,75,72,65,77,72,78,70,78,76,72,76,80,62,75,72,76,76,63,76,74,78,80,72,76,70,67,72,70,64,74,75,72,74,76,76,69,72,71,70,75,72,74,77,67,74,78,68,77,72,70,69,78,63,76,74,76,76,63,60,70,64,62,66,70,68,70,74,70,74,74,68,68,76,72,70,68,76,72,78,78,79,78,76,75,70,74,74,65,73,68,78,64,64,78,74,72,63,70,69,70,72,74,70,78,70,70,78,68,74,70,78,78,78,72,65,62,64,64,78,75,76,74,74,66,55-64,Male,,Some college,,Hispanic or Latino,,6,0.719222085
R_3HH803qUyrVfTxt,Retail Sales Associate,,,,,,,,,,,,,,,,,,,,,,,,,,,,,,,,,,,,,,,,,,,,,,,,,,,,,,,,,,,,,,,,,,,,,,,,,,,,,,,,,,,,,,,,,,,,,,,,,,,,,,,,,,,,,,,,,,,,,,,,,,,,,,,,,,,,,,,,,,,,,,,,,,,,,,,,,,,,,,,,,,,,,,,,,,,,,,,,,,,,,,,,,,,,,,,,,,,,,,,,,,,,,,,,,,,,,,,,,,,,,,,,,,,,,,,,,,,,,,,,,,,,,,,,,,,,,,,,,,,,,,,,,,,,,,,,,,,,,,,,,,,,,,,,,,,,,,,,,,,,,,,,,,,,,,,,,,,,,,,,,,,,,,,,,,,,,,81,93,77,93,93,86,91,71,76,69,89,83,77,70,84,67,94,72,73,77,77,90,90,81,94,83,86,92,96,92,75,97,80,90,78,97,81,76,81,84,75,78,75,86,96,73,93,93,87,87,91,86,83,73,77,80,94,78,77,97,85,81,95,84,72,83,74,99,85,78,71,89,57,97,85,85,94,88,91,82,75,75,87,67,89,88,87,81,87,82,78,78,88,96,78,91,73,83,89,80,71,83,82,92,73,81,95,93,80,85,93,86,88,71,78,80,72,88,81,87,93,82,86,68,90,78,94,76,79,87,89,87,86,78,89,81,75,83,81,94,85,87,78,85,76,78,75,94,86,90,75,93,97,73,72,74,82,73,84,74,90,95,84,86,87,77,73,,,,,,,,,,,,,,,,,,,,,,,,,,,,,,,,,,,,,,,,,,,,,,,,,,,,,,,,,,,,,,,,,,,,,,,,,,,,,,,,,,,,,,,,,,,,,,,,,,,,,,,,,,,,,,,,,,,,,,,,,,,,,,,,,,,,,,,,,,,,,,,,,,,,,,,,,,,,,,,,,,,,,,,,,,,,,,,,,,,,,,,,,,,,,,,,,,,,,,,,,,,,,,,,,,,,,,,,,,,,,,,,,,,,,,,,,,,,,,,,,,,,,,,,,,,,,,,,,,,,,,,,,,,,,,,,,,,,,,,,,,,,,,,,,,,,,,,,,,,,,,,,,,,,,,,,,,,,,,,,,,,,,,,,,,,,,,,,,,,,,,,,,,,,,,,,,,,,,,,,,,,,,,,,,,,,,,,,,,,,,,,,,,,,,,,,,,,,,,,,,,,,,,,,,,,,,,,,,,,,,,,,,,,,,,,,,,,,,,,,,,,,,,,,,,,,,,,,,,,,,,,,,,,,,,,,,,,,,,,,,,,,,,,,,,,,,,,,,,35-44,Male,,High school graduate,,Hispanic or Latino,,3,0.55371964
R_3ohw4ur0bSrgZKF,Financial Advisor,,,,,,,,,,,,,,,,,,,,,,,,,,,,,,,,,,,,,,,,,,,,,,,,,,,,,,,,,,,,,,,,,,,,,,,,,,,,,,,,,,,,,,,,,,,,,,,,,,,,,,,,,,,,,,,,,,,,,,,,,,,,,,,,,,,,,,,,,,,,,,,,,,,,,,,,,,,,,,,,,,,,,,,,,,,,,,,,,,,,,,,,,,,,,,,,,,,,,,,,,,,,,,,,,,,,,,,,,,,,,,,,,,,,,,,,,,,,,,,,,,,,,,,,,,,,,,,,,,,,,,,,,,,,,,,,,,,,,,,,,,,,,,,,,,,,,,,,,,,,,,,,,,,,,,,,,,,,,,,,,,,,,,,,,,,,,,,,,,,,,,,,,,,,,,,,,,,,,,,,,,,,,,,,,,,,,,,,,,,,,,,,,,,,,,,,,,,,,,,,,,,,,,,,,,,,,,,,,,,,,,,,,,,,,,,,,,,,,,,,,,,,,,,,,,,,,,,,,,,,,,,,,,,,,,,,,,,,,,,,,,,,,,,,,,,,,,,,,,,,,,,,,,,,,,,,,,,,,,,,,,,,,,,,,,,,,,,,,,,,,,,,,,,,,,,,,,,,,,,,,,,,,,,,,,,,,,,,,,,,,,,,,,,,,,,,,,,,,,,,,,,,,,,,,,,,,,,,,,,,,,,,,,,,,,,,,,,,,,,,,,,,,,,,,,,,,,,,,,,,,,,,,,,,,,,,,,,,,,,,,,,,,,,,,,,,,,,,,,,,,,,,,,,,,,,,,,,,,,,,,,,,,,,,,,,,,,,,,,,,,,,,,,,,,,,,,,,,,,,,,,,,,,,,,,,,,,,,,,,,,,,,,,,,,,,,,,,,,,,,,,,,,,,,,,,,,,,,,,,,,,,,,,,,,,,,5,52,66,4,7,51,2,92,79,63,60,65,40,1,20,3,58,40,26,1,62,66,5,4,18,42,53,74,75,2,20,7,56,32,2,70,53,66,7,63,1,73,86,5,25,65,3,5,69,4,3,23,63,23,18,38,76,63,6,75,30,1,3,39,34,1,5,59,1,1,18,19,5,52,70,72,26,60,7,47,37,7,4,72,4,24,8,1,4,80,54,31,66,25,1,4,64,14,6,3,90,2,0,6,16,39,31,8,52,69,1,62,33,4,27,40,4,89,54,77,14,40,3,54,38,35,4,2,32,82,3,42,56,78,56,1,4,50,91,50,61,71,55,69,55,6,20,2,32,82,2,59,17,5,75,63,62,1,29,8,54,31,2,73,74,57,55-64,Female,,Bachelor's degree,,White / Caucasian,,6,0.849116071
R_6jf9kA6ZFhRqIqQ,Financial Advisor,,,,,,,,,,,,,,,,,,,,,,,,,,,,,,,,,,,,,,,,,,,,,,,,,,,,,,,,,,,,,,,,,,,,,,,,,,,,,,,,,,,,,,,,,,,,,,,,,,,,,,,,,,,,,,,,,,,,,,,,,,,,,,,,,,,,,,,,,,,,,,,,,,,,,,,,,,,,,,,,,,,,,,,,,,,,,,,,,,,,,,,,,,,,,,,,,,,,,,,,,,,,,,,,,,,,,,,,,,,,,,,,,,,,,,,,,,,,,,,,,,,,,,,,,,,,,,,,,,,,,,,,,,,,,,,,,,,,,,,,,,,,,,,,,,,,,,,,,,,,,,,,,,,,,,,,,,,,,,,,,,,,,,,,,,,,,,,,,,,,,,,,,,,,,,,,,,,,,,,,,,,,,,,,,,,,,,,,,,,,,,,,,,,,,,,,,,,,,,,,,,,,,,,,,,,,,,,,,,,,,,,,,,,,,,,,,,,,,,,,,,,,,,,,,,,,,,,,,,,,,,,,,,,,,,,,,,,,,,,,,,,,,,,,,,,,,,,,,,,,,,,,,,,,,,,,,,,,,,,,,,,,,,,,,,,,,,,,,,,,,,,,,,,,,,,,,,,,,,,,,,,,,,,,,,,,,,,,,,,,,,,,,,,,,,,,,,,,,,,,,,,,,,,,,,,,,,,,,,,,,,,,,,,,,,,,,,,,,,,,,,,,,,,,,,,,,,,,,,,,,,,,,,,,62,40,66,24,64,71,71,76,67,56,63,48,29,64,60,67,62,72,55,56,60,62,76,35,32,71,72,93,32,62,64,76,70,72,67,68,71,53,70,76,68,75,54,64,66,77,74,60,41,81,77,80,88,54,38,77,70,64,31,70,78,39,60,55,70,54,46,55,44,68,83,61,66,80,50,25,46,70,72,77,57,63,66,77,75,73,61,75,77,70,81,44,78,65,69,67,71,74,69,51,74,75,75,79,39,73,70,76,65,30,60,79,81,34,82,71,53,81,62,55,78,39,78,54,33,36,61,74,70,66,68,51,51,63,66,65,35,78,68,90,75,75,77,60,46,33,43,77,75,60,64,66,79,75,37,69,51,43,64,82,75,58,62,55,,,,,,,,,,,,,,,,,,,,,,,,,,,,,,,,,,,,,,,,,,,,,,,,,,,,,,,,,,,,,,,,,,,,,,,,,,,,,,,,,,,,,,,,,,,,,,,,,,,,,,,,,,,,,,,,,,,,,,,,,,,,,,,,,,,,,,,,,,,,,,,,,,,,,,,,,,,,,,,,,,,,,,,45-54,Female,,Bachelor's degree,,Black or African American,,5,0.764132027
R_6rrnhBu4shclbkq,Financial Advisor,,,,,,,,,,,,,,,,,,,,,,,,,,,,,,,,,,,,,,,,,,,,,,,,,,,,,,,,,,,,,,,,,,,,,,,,,,,,,,,,,,,,,,,,,,,,,,,,,,,,,,,,,,,,,,,,,,,,,,,,,,,,,,,,,,,,,,,,,,,,,,,,,,,,,,,,,,,,,,,,,,,,,,,,64,66,74,58,73,67,69,64,64,70,32,69,42,74,57,70,53,75,52,66,66,71,61,75,69,51,50,71,70,50,50,67,60,64,55,65,50,75,75,66,68,38,72,74,55,74,62,59,61,65,59,1,59,57,61,51,62,72,59,74,73,65,74,25,58,68,50,60,65,57,73,75,76,64,64,72,50,75,50,72,30,63,63,62,65,70,43,57,65,63,51,31,60,75,73,75,74,59,41,54,58,60,75,56,57,55,70,74,67,71,50,33,55,62,76,30,71,72,69,70,46,64,33,48,63,75,69,49,75,73,63,59,69,56,64,63,50,33,65,71,65,56,50,74,70,49,76,72,61,70,56,75,50,67,59,71,75,65,58,50,66,58,72,15,69,50,,,,,,,,,,,,,,,,,,,,,,,,,,,,,,,,,,,,,,,,,,,,,,,,,,,,,,,,,,,,,,,,,,,,,,,,,,,,,,,,,,,,,,,,,,,,,,,,,,,,,,,,,,,,,,,,,,,,,,,,,,,,,,,,,,,,,,,,,,,,,,,,,,,,,,,,,,,,,,,,,,,,,,,,,,,,,,,,,,,,,,,,,,,,,,,,,,,,,,,,,,,,,,,,,,,,,,,,,,,,,,,,,,,,,,,,,,,,,,,,,,,,,,,,,,,,,,,,,,,,,,,,,,,,,,,,,,,,,,,,,,,,,,,,,,,,,,,,,,,,,,,,,,,,,,,,,,,,,,,,,,,,,,,,,,,,,,,,,,,,,,,,,,,,,,,,,,,,,,,,,,,,,,,,,,,,,,,,,,,,,,,,,,,,,,,,,,,,,,,,,,,,,,,,,,,,,,,,,,,,,,,,,,,,,,,,,,,,,,,,,,,,,,,,,,,,,,,,,,,,,,,,,,,,,,,,,,,,,,,,,,,,,,,,,,,,,,,,,,,,,,,,,,,,,,,,,,,,,,,,,,,,,,,,,,,,,,,,,,,,,,,,,,,,,,,,,,,,,,,,,,,,,,,,,,,,,,,,,,,,,,,,,,,,,,,,,,,,,,,,,,,,,,,,,,,,,,,,,,,,,,,,,,,,,,,,,,,,,,,,,,,,,,,,,,,,,,,,,,,,,,,,,65 or above,Female,,Some college,,White / Caucasian,,2,0.8320339
R_7GqzXPmAHbU57Ou,Financial Advisor,42,67,58,35,37,60,61,50,49,55,66,55,62,83,42,21,53,72,50,39,39,62,45,18,54,73,44,40,57,27,75,65,35,62,35,65,61,73,67,71,34,69,35,73,36,84,38,35,54,36,59,60,78,60,55,55,79,56,43,48,31,41,65,69,60,54,57,45,41,62,63,70,53,25,33,59,91,65,75,61,48,79,79,82,84,42,68,50,63,37,52,34,25,56,57,56,74,58,54,68,31,68,33,72,43,68,69,48,37,67,70,26,71,42,57,55,21,76,88,75,21,67,46,24,43,64,36,84,18,54,83,55,31,36,70,56,40,41,57,65,57,68,20,65,13,76,47,35,35,55,66,61,62,36,62,61,28,73,33,62,76,57,55,36,66,41,61,,,,,,,,,,,,,,,,,,,,,,,,,,,,,,,,,,,,,,,,,,,,,,,,,,,,,,,,,,,,,,,,,,,,,,,,,,,,,,,,,,,,,,,,,,,,,,,,,,,,,,,,,,,,,,,,,,,,,,,,,,,,,,,,,,,,,,,,,,,,,,,,,,,,,,,,,,,,,,,,,,,,,,,,,,,,,,,,,,,,,,,,,,,,,,,,,,,,,,,,,,,,,,,,,,,,,,,,,,,,,,,,,,,,,,,,,,,,,,,,,,,,,,,,,,,,,,,,,,,,,,,,,,,,,,,,,,,,,,,,,,,,,,,,,,,,,,,,,,,,,,,,,,,,,,,,,,,,,,,,,,,,,,,,,,,,,,,,,,,,,,,,,,,,,,,,,,,,,,,,,,,,,,,,,,,,,,,,,,,,,,,,,,,,,,,,,,,,,,,,,,,,,,,,,,,,,,,,,,,,,,,,,,,,,,,,,,,,,,,,,,,,,,,,,,,,,,,,,,,,,,,,,,,,,,,,,,,,,,,,,,,,,,,,,,,,,,,,,,,,,,,,,,,,,,,,,,,,,,,,,,,,,,,,,,,,,,,,,,,,,,,,,,,,,,,,,,,,,,,,,,,,,,,,,,,,,,,,,,,,,,,,,,,,,,,,,,,,,,,,,,,,,,,,,,,,,,,,,,,,,,,,,,,,,,,,,,,,,,,,,,,,,,,,,,,,,,,,,,,,,,,,,,,,,,,,,,,,,,,,,,,,,,,,,,,,,,,,,,,,,,,,,,,,,,,,,,,,,,,,,,,,,,,,,,,,,,,,,,,,,,,,,,,,,,,,,,,,,,,,,,,,,,,,,,,,,,,,,,,,,,,,,,,,,,,,,,,,,,,,,,,,,,,,,,,,,,,,,,,,,,,,,,,,,,,18-24,Female,,Some college,,White / Caucasian,,1,0.59167809
R_3ptiJLb2wquEowh,Retail Sales Associate,15,40,78,65,60,80,45,35,10,85,55,15,69,5,50,84,15,85,10,20,50,87,39,50,49,80,40,75,89,62,75,50,30,92,70,45,5,19,83,35,25,80,85,45,33,60,38,51,55,41,91,25,80,90,30,79,20,40,75,36,15,35,50,55,30,65,70,41,50,80,85,90,85,40,75,30,30,20,65,40,25,15,65,10,40,30,80,55,20,31,35,80,55,80,44,40,65,87,40,89,5,5,55,85,70,60,85,50,40,70,20,31,50,40,30,60,50,9,26,15,20,81,10,50,60,38,65,82,70,60,22,35,50,60,40,77,85,10,10,55,65,75,75,88,20,55,20,80,34,94,45,70,57,10,87,19,15,85,25,85,50,86,35,10,30,75,65,,,,,,,,,,,,,,,,,,,,,,,,,,,,,,,,,,,,,,,,,,,,,,,,,,,,,,,,,,,,,,,,,,,,,,,,,,,,,,,,,,,,,,,,,,,,,,,,,,,,,,,,,,,,,,,,,,,,,,,,,,,,,,,,,,,,,,,,,,,,,,,,,,,,,,,,,,,,,,,,,,,,,,,,,,,,,,,,,,,,,,,,,,,,,,,,,,,,,,,,,,,,,,,,,,,,,,,,,,,,,,,,,,,,,,,,,,,,,,,,,,,,,,,,,,,,,,,,,,,,,,,,,,,,,,,,,,,,,,,,,,,,,,,,,,,,,,,,,,,,,,,,,,,,,,,,,,,,,,,,,,,,,,,,,,,,,,,,,,,,,,,,,,,,,,,,,,,,,,,,,,,,,,,,,,,,,,,,,,,,,,,,,,,,,,,,,,,,,,,,,,,,,,,,,,,,,,,,,,,,,,,,,,,,,,,,,,,,,,,,,,,,,,,,,,,,,,,,,,,,,,,,,,,,,,,,,,,,,,,,,,,,,,,,,,,,,,,,,,,,,,,,,,,,,,,,,,,,,,,,,,,,,,,,,,,,,,,,,,,,,,,,,,,,,,,,,,,,,,,,,,,,,,,,,,,,,,,,,,,,,,,,,,,,,,,,,,,,,,,,,,,,,,,,,,,,,,,,,,,,,,,,,,,,,,,,,,,,,,,,,,,,,,,,,,,,,,,,,,,,,,,,,,,,,,,,,,,,,,,,,,,,,,,,,,,,,,,,,,,,,,,,,,,,,,,,,,,,,,,,,,,,,,,,,,,,,,,,,,,,,,,,,,,,,,,,,,,,,,,,,,,,,,,,,,,,,,,,,,,,,,,,,,,,,,,,,,,,,,,,,,,,,,,,,,,,,,,,,,,,,,,,,,,,,,,25-34,Female,,Some college,,Black or African American,,1,0.902865228
R_7Xb5TUnFrcBctzC,Retail Sales Associate,65,75,80,70,75,75,75,70,70,75,75,65,75,70,75,75,65,75,70,70,75,75,75,75,75,75,75,75,75,75,75,75,70,75,75,70,65,65,75,70,70,75,75,75,65,75,65,75,75,60,75,70,75,75,75,75,65,75,75,75,60,75,75,75,65,75,75,75,70,75,75,75,75,75,75,65,70,70,75,70,70,65,75,70,75,75,75,60,75,75,70,75,70,75,70,75,70,75,75,75,65,70,75,75,75,70,75,75,75,75,70,70,75,70,75,75,75,65,70,75,60,75,70,75,75,70,75,75,70,75,70,70,75,75,70,75,75,60,70,75,75,75,75,75,75,75,65,75,70,75,70,75,65,70,75,70,70,75,75,75,70,75,70,60,70,75,75,,,,,,,,,,,,,,,,,,,,,,,,,,,,,,,,,,,,,,,,,,,,,,,,,,,,,,,,,,,,,,,,,,,,,,,,,,,,,,,,,,,,,,,,,,,,,,,,,,,,,,,,,,,,,,,,,,,,,,,,,,,,,,,,,,,,,,,,,,,,,,,,,,,,,,,,,,,,,,,,,,,,,,,,,,,,,,,,,,,,,,,,,,,,,,,,,,,,,,,,,,,,,,,,,,,,,,,,,,,,,,,,,,,,,,,,,,,,,,,,,,,,,,,,,,,,,,,,,,,,,,,,,,,,,,,,,,,,,,,,,,,,,,,,,,,,,,,,,,,,,,,,,,,,,,,,,,,,,,,,,,,,,,,,,,,,,,,,,,,,,,,,,,,,,,,,,,,,,,,,,,,,,,,,,,,,,,,,,,,,,,,,,,,,,,,,,,,,,,,,,,,,,,,,,,,,,,,,,,,,,,,,,,,,,,,,,,,,,,,,,,,,,,,,,,,,,,,,,,,,,,,,,,,,,,,,,,,,,,,,,,,,,,,,,,,,,,,,,,,,,,,,,,,,,,,,,,,,,,,,,,,,,,,,,,,,,,,,,,,,,,,,,,,,,,,,,,,,,,,,,,,,,,,,,,,,,,,,,,,,,,,,,,,,,,,,,,,,,,,,,,,,,,,,,,,,,,,,,,,,,,,,,,,,,,,,,,,,,,,,,,,,,,,,,,,,,,,,,,,,,,,,,,,,,,,,,,,,,,,,,,,,,,,,,,,,,,,,,,,,,,,,,,,,,,,,,,,,,,,,,,,,,,,,,,,,,,,,,,,,,,,,,,,,,,,,,,,,,,,,,,,,,,,,,,,,,,,,,,,,,,,,,,,,,,,,,,,,,,,,,,,,,,,,,,,,,,,,,,,,,,,,,,,,,,,55-64,Male,,Some college,,White / Caucasian,,1,0.631123368
R_3kaenJXf7u0EFMd,Inventory Manager,,,,,,,,,,,,,,,,,,,,,,,,,,,,,,,,,,,,,,,,,,,,,,,,,,,,,,,,,,,,,,,,,,,,,,,,,,,,,,,,,,,,,,,,,,,,,,,,,,,,,,,,,,,,,,,,,,,,,,,,,,,,,,,,,,,,,,,,,,,,,,,,,,,,,,,,,,,,,,,,,,,,,,,,,,,,,,,,,,,,,,,,,,,,,,,,,,,,,,,,,,,,,,,,,,,,,,,,,,,,,,,,,,,,,,,,,,,,,,,,,,,,,,,,,,,,,,,,,,,,,,,,,,,,,,,,,,,,,,,,,,,,,,,,,,,,,,,,,,,,,,,,,,,,,,,,,,,,,,,,,,,,,,,,,,,,,,,,,,,,,,,,,,,,,,,,,,,,,,,,,,,,,,,,,,,,,,,,,,,,,,,,,,,,,,,,,,,,,,,,,,,,,,,,,,,,,,,,,,,,,,,,,,,,,,,,,,,,,,,,,,,,,,,,,,,,,,,,,,,,,,,,,,,,,,,,,,,,,,,,,,,,,,,,,,,,,,,,,,,,,93,91,61,74,90,60,83,78,87,84,77,81,90,86,63,54,69,90,90,27,82,80,67,94,90,85,60,43,78,92,51,64,73,24,93,72,91,91,95,93,90,84,66,53,94,80,90,97,72,82,45,88,96,85,96,85,79,92,96,26,51,89,79,80,80,84,92,84,18,67,89,59,76,52,83,87,89,89,93,84,88,69,16,83,89,79,95,62,91,87,72,89,73,99,89,50,92,74,45,92,91,17,97,93,88,93,46,97,94,72,93,83,82,60,98,76,73,93,91,84,48,84,94,73,74,85,88,87,94,83,79,74,31,84,96,65,96,83,77,76,95,75,40,91,85,87,54,86,92,50,90,84,56,89,90,78,62,86,49,92,21,88,85,95,93,77,90,,,,,,,,,,,,,,,,,,,,,,,,,,,,,,,,,,,,,,,,,,,,,,,,,,,,,,,,,,,,,,,,,,,,,,,,,,,,,,,,,,,,,,,,,,,,,,,,,,,,,,,,,,,,,,,,,,,,,,,,,,,,,,,,,,,,,,,,,,,,,,,,,,,,,,,,,,,,,,,,,,,,,,,,,,,,,,,,,,,,,,,,,,,,,,,,,,,,,,,,,,,,,,,,,,,,,,,,,,,,,,,,,,,,,,,,,,,,,,,,,,,,,,,,,,,,,,,,,,,,,,,,,,,,,,,,,,,,,,,,,,,,,,,,,,,,,,,,,,,,,,,,,,,,,,,,,,,,,,,,,,,,,,,,,,,35-44,Prefer not to say,,Bachelor's degree,,Hispanic or Latino,,4,0.930028352
R_3wQYwFpiyI720yU,Risk Analyst,,,,,,,,,,,,,,,,,,,,,,,,,,,,,,,,,,,,,,,,,,,,,,,,,,,,,,,,,,,,,,,,,,,,,,,,,,,,,,,,,,,,,,,,,,,,,,,,,,,,,,,,,,,,,,,,,,,,,,,,,,,,,,,,,,,,,,,,,,,,,,,,,,,,,,,,,,,,,,,,,,,,,,,,35,2,100,54,30,29,100,56,58,38,1,45,3,26,95,49,48,67,89,63,71,22,100,100,82,0,31,100,56,39,0,51,47,35,29,27,100,20,41,41,69,0,100,100,0,0,59,100,31,100,70,0,0,77,22,62,47,100,69,90,81,60,99,0,48,44,18,46,17,50,66,28,100,0,19,6,35,0,23,39,0,48,89,81,53,51,13,73,9,100,35,100,35,83,40,6,33,35,11,39,88,93,53,0,55,59,62,100,53,81,11,17,35,46,2,0,100,49,23,75,40,0,41,34,23,36,45,67,100,72,71,9,9,4,83,68,7,4,47,12,45,69,0,4,100,52,100,31,27,73,31,15,50,100,94,25,9,71,7,64,100,17,25,0,2,60,,,,,,,,,,,,,,,,,,,,,,,,,,,,,,,,,,,,,,,,,,,,,,,,,,,,,,,,,,,,,,,,,,,,,,,,,,,,,,,,,,,,,,,,,,,,,,,,,,,,,,,,,,,,,,,,,,,,,,,,,,,,,,,,,,,,,,,,,,,,,,,,,,,,,,,,,,,,,,,,,,,,,,,,,,,,,,,,,,,,,,,,,,,,,,,,,,,,,,,,,,,,,,,,,,,,,,,,,,,,,,,,,,,,,,,,,,,,,,,,,,,,,,,,,,,,,,,,,,,,,,,,,,,,,,,,,,,,,,,,,,,,,,,,,,,,,,,,,,,,,,,,,,,,,,,,,,,,,,,,,,,,,,,,,,,,,,,,,,,,,,,,,,,,,,,,,,,,,,,,,,,,,,,,,,,,,,,,,,,,,,,,,,,,,,,,,,,,,,,,,,,,,,,,,,,,,,,,,,,,,,,,,,,,,,,,,,,,,,,,,,,,,,,,,,,,,,,,,,,,,,,,,,,,,,,,,,,,,,,,,,,,,,,,,,,,,,,,,,,,,,,,,,,,,,,,,,,,,,,,,,,,,,,,,,,,,,,,,,,,,,,,,,,,,,,,,,,,,,,,,,,,,,,,,,,,,,,,,,,,,,,,,,,,,,,,,,,,,,,,,,,,,,,,,,,,,,,,,,,,,,,,,,,,,,,,,,,,,,,,,,,,,,,,,,,,,,,,,,,,,,,,,35-44,Female,,Some college,,Black or African American,,2,0.733978857
R_6dNgEn5iz9iq5ux,Retail Sales Associate,,,,,,,,,,,,,,,,,,,,,,,,,,,,,,,,,,,,,,,,,,,,,,,,,,,,,,,,,,,,,,,,,,,,,,,,,,,,,,,,,,,,,,,,,,,,,,,,,,,,,,,,,,,,,,,,,,,,,,,,,,,,,,,,,,,,,,,,,,,,,,,,,,,,,,,,,,,,,,,,,,,,,,,,50,22,22,17,35,30,22,83,65,10,42,37,70,77,27,80,73,30,95,62,64,54,32,24,43,100,68,52,20,100,35,46,93,48,100,95,100,19,27,19,42,85,37,54,79,66,96,88,51,68,57,0,80,100,58,69,39,10,41,43,8,25,81,18,85,41,73,94,35,80,33,47,60,32,87,30,31,55,75,33,100,10,64,60,54,43,34,100,33,37,23,80,85,25,19,65,39,75,59,94,59,41,29,100,56,70,21,27,23,31,77,17,45,51,44,67,33,59,75,39,70,62,72,61,100,14,48,93,54,17,93,70,55,55,47,92,51,55,52,39,34,85,90,38,22,91,20,21,100,71,23,40,64,66,87,34,44,62,77,76,44,73,50,46,59,74,,,,,,,,,,,,,,,,,,,,,,,,,,,,,,,,,,,,,,,,,,,,,,,,,,,,,,,,,,,,,,,,,,,,,,,,,,,,,,,,,,,,,,,,,,,,,,,,,,,,,,,,,,,,,,,,,,,,,,,,,,,,,,,,,,,,,,,,,,,,,,,,,,,,,,,,,,,,,,,,,,,,,,,,,,,,,,,,,,,,,,,,,,,,,,,,,,,,,,,,,,,,,,,,,,,,,,,,,,,,,,,,,,,,,,,,,,,,,,,,,,,,,,,,,,,,,,,,,,,,,,,,,,,,,,,,,,,,,,,,,,,,,,,,,,,,,,,,,,,,,,,,,,,,,,,,,,,,,,,,,,,,,,,,,,,,,,,,,,,,,,,,,,,,,,,,,,,,,,,,,,,,,,,,,,,,,,,,,,,,,,,,,,,,,,,,,,,,,,,,,,,,,,,,,,,,,,,,,,,,,,,,,,,,,,,,,,,,,,,,,,,,,,,,,,,,,,,,,,,,,,,,,,,,,,,,,,,,,,,,,,,,,,,,,,,,,,,,,,,,,,,,,,,,,,,,,,,,,,,,,,,,,,,,,,,,,,,,,,,,,,,,,,,,,,,,,,,,,,,,,,,,,,,,,,,,,,,,,,,,,,,,,,,,,,,,,,,,,,,,,,,,,,,,,,,,,,,,,,,,,,,,,,,,,,,,,,,,,,,,,,,,,,,,,,,,,,,,,,,,,,,,,18-24,Female,,Some college,,White / Caucasian,,2,0.61065981
R_18l8rdjhNI83vuF,Risk Analyst,,,,,,,,,,,,,,,,,,,,,,,,,,,,,,,,,,,,,,,,,,,,,,,,,,,,,,,,,,,,,,,,,,,,,,,,,,,,,,,,,,,,,,,,,,,,,,,,,,,,,,,,,,,,,,,,,,,,,,,,,,,,,,,,,,,,,,,,,,,,,,,,,,,,,,,,,,,,,,,,,,,,,,,,30,38,99,100,57,52,86,48,82,28,13,47,46,34,48,46,30,81,1,6,76,61,58,76,59,1,4,27,80,44,8,57,44,47,55,44,27,48,100,52,50,1,75,96,11,84,11,26,62,19,61,1,28,62,17,30,100,90,11,70,50,52,84,29,45,100,36,30,67,69,100,48,66,19,44,48,39,87,52,43,1,24,48,24,82,100,26,23,75,29,100,1,31,82,46,60,79,47,0,1,33,51,100,52,50,55,50,32,48,47,14,56,54,11,85,0,46,42,60,93,27,62,1,100,22,73,68,21,83,56,81,62,84,16,44,30,80,48,32,48,13,36,16,100,47,15,80,84,46,30,22,68,47,35,52,100,62,100,65,27,33,42,53,0,71,6,,,,,,,,,,,,,,,,,,,,,,,,,,,,,,,,,,,,,,,,,,,,,,,,,,,,,,,,,,,,,,,,,,,,,,,,,,,,,,,,,,,,,,,,,,,,,,,,,,,,,,,,,,,,,,,,,,,,,,,,,,,,,,,,,,,,,,,,,,,,,,,,,,,,,,,,,,,,,,,,,,,,,,,,,,,,,,,,,,,,,,,,,,,,,,,,,,,,,,,,,,,,,,,,,,,,,,,,,,,,,,,,,,,,,,,,,,,,,,,,,,,,,,,,,,,,,,,,,,,,,,,,,,,,,,,,,,,,,,,,,,,,,,,,,,,,,,,,,,,,,,,,,,,,,,,,,,,,,,,,,,,,,,,,,,,,,,,,,,,,,,,,,,,,,,,,,,,,,,,,,,,,,,,,,,,,,,,,,,,,,,,,,,,,,,,,,,,,,,,,,,,,,,,,,,,,,,,,,,,,,,,,,,,,,,,,,,,,,,,,,,,,,,,,,,,,,,,,,,,,,,,,,,,,,,,,,,,,,,,,,,,,,,,,,,,,,,,,,,,,,,,,,,,,,,,,,,,,,,,,,,,,,,,,,,,,,,,,,,,,,,,,,,,,,,,,,,,,,,,,,,,,,,,,,,,,,,,,,,,,,,,,,,,,,,,,,,,,,,,,,,,,,,,,,,,,,,,,,,,,,,,,,,,,,,,,,,,,,,,,,,,,,,,,,,,,,,,,,,,,,,,,,55-64,Male,,Bachelor's degree,,White / Caucasian,,2,0.638433502
R_7uJnpLjGuYJx51u,Retail Sales Associate,,,,,,,,,,,,,,,,,,,,,,,,,,,,,,,,,,,,,,,,,,,,,,,,,,,,,,,,,,,,,,,,,,,,,,,,,,,,,,,,,,,,,,,,,,,,,,,,,,,,,,,,,,,,,,,,,,,,,,,,,,,,,,,,,,,,,,,,,,,,,,,,,,,,,,,,,,,,,,,,,,,,,,,,20,21,83,15,18,80,35,85,74,20,18,20,12,68,61,25,70,70,83,71,26,11,31,15,65,93,17,72,35,41,4,69,67,77,85,78,47,26,8,20,78,30,44,67,18,26,81,16,18,73,93,14,39,74,20,77,26,77,47,12,31,24,22,16,15,16,26,91,26,54,17,36,32,20,72,8,20,33,51,21,73,83,61,44,82,28,15,91,79,20,82,67,77,32,17,16,51,19,14,77,16,75,33,25,65,96,44,20,43,21,14,20,34,81,18,21,47,17,16,48,60,15,50,46,18,14,11,30,54,26,85,23,22,25,33,83,16,11,80,26,19,75,16,57,67,75,24,36,26,70,14,68,39,67,58,5,16,19,22,71,31,74,41,54,34,70,,,,,,,,,,,,,,,,,,,,,,,,,,,,,,,,,,,,,,,,,,,,,,,,,,,,,,,,,,,,,,,,,,,,,,,,,,,,,,,,,,,,,,,,,,,,,,,,,,,,,,,,,,,,,,,,,,,,,,,,,,,,,,,,,,,,,,,,,,,,,,,,,,,,,,,,,,,,,,,,,,,,,,,,,,,,,,,,,,,,,,,,,,,,,,,,,,,,,,,,,,,,,,,,,,,,,,,,,,,,,,,,,,,,,,,,,,,,,,,,,,,,,,,,,,,,,,,,,,,,,,,,,,,,,,,,,,,,,,,,,,,,,,,,,,,,,,,,,,,,,,,,,,,,,,,,,,,,,,,,,,,,,,,,,,,,,,,,,,,,,,,,,,,,,,,,,,,,,,,,,,,,,,,,,,,,,,,,,,,,,,,,,,,,,,,,,,,,,,,,,,,,,,,,,,,,,,,,,,,,,,,,,,,,,,,,,,,,,,,,,,,,,,,,,,,,,,,,,,,,,,,,,,,,,,,,,,,,,,,,,,,,,,,,,,,,,,,,,,,,,,,,,,,,,,,,,,,,,,,,,,,,,,,,,,,,,,,,,,,,,,,,,,,,,,,,,,,,,,,,,,,,,,,,,,,,,,,,,,,,,,,,,,,,,,,,,,,,,,,,,,,,,,,,,,,,,,,,,,,,,,,,,,,,,,,,,,,,,,,,,,,,,,,,,,,,,,,,,,,,,,,,,18-24,Female,,Bachelor's degree,,Black or African American,,2,0.673723444
R_52m30O5vc6Qiaju,Retail Sales Associate,,,,,,,,,,,,,,,,,,,,,,,,,,,,,,,,,,,,,,,,,,,,,,,,,,,,,,,,,,,,,,,,,,,,,,,,,,,,,,,,,,,,,,,,,,,,,,,,,,,,,,,,,,,,,,,,,,,,,,,,,,,,,,,,,,,,,,,,,,,,,,,,,,,,,,,,,,,,,,,,,,,,,,,,,,,,,,,,,,,,,,,,,,,,,,,,,,,,,,,,,,,,,,,,,,,,,,,,,,,,,,,,,,,,,,,,,,,,,,,,,,,,,,,,,,,,,,,,,,,,,,,,,,,,,,,,,,,,,,,,,,,,,,,,,,,,,,,,,,,,,,,,,,,,,,,,,,,,,,,,,,,,,,,,,,,,,,59,50,84,90,75,47,70,70,52,70,85,82,80,85,80,50,80,61,70,85,75,85,70,76,90,81,55,90,80,90,50,60,40,75,80,85,69,66,65,86,50,82,50,75,90,66,85,51,57,75,80,87,80,68,75,60,71,40,90,95,54,80,84,66,70,50,44,92,85,65,45,85,49,81,90,75,90,51,80,56,50,55,61,85,80,80,89,66,89,70,51,50,80,89,54,90,45,70,60,62,69,60,61,74,53,67,90,72,50,85,91,65,81,89,94,60,65,52,55,75,85,65,90,70,81,51,90,84,75,84,91,50,43,60,81,80,90,86,89,85,82,68,54,85,65,64,80,90,90,50,60,95,86,69,55,60,89,45,60,60,61,65,70,70,90,50,75,,,,,,,,,,,,,,,,,,,,,,,,,,,,,,,,,,,,,,,,,,,,,,,,,,,,,,,,,,,,,,,,,,,,,,,,,,,,,,,,,,,,,,,,,,,,,,,,,,,,,,,,,,,,,,,,,,,,,,,,,,,,,,,,,,,,,,,,,,,,,,,,,,,,,,,,,,,,,,,,,,,,,,,,,,,,,,,,,,,,,,,,,,,,,,,,,,,,,,,,,,,,,,,,,,,,,,,,,,,,,,,,,,,,,,,,,,,,,,,,,,,,,,,,,,,,,,,,,,,,,,,,,,,,,,,,,,,,,,,,,,,,,,,,,,,,,,,,,,,,,,,,,,,,,,,,,,,,,,,,,,,,,,,,,,,,,,,,,,,,,,,,,,,,,,,,,,,,,,,,,,,,,,,,,,,,,,,,,,,,,,,,,,,,,,,,,,,,,,,,,,,,,,,,,,,,,,,,,,,,,,,,,,,,,,,,,,,,,,,,,,,,,,,,,,,,,,,,,,,,,,,,,,,,,,,,,,,,,,,,,,,,,,,,,,,,,,,,,,55-64,Female,,Bachelor's degree,,Multiple ethnicity,white/asian,3,0.71912835
R_6R3TPM6Jg45OlIF,Financial Advisor,60,70,40,66,70,66,50,66,66,40,79,66,50,75,66,33,55,75,60,75,66,70,55,50,39,40,73,60,39,70,33,70,55,39,60,59,55,63,49,75,69,60,70,75,44,66,60,69,60,50,66,55,50,66,55,70,80,33,55,50,66,66,66,75,73,73,70,40,55,50,59,75,66,55,69,45,45,59,63,70,44,73,79,77,79,60,60,75,69,55,79,66,33,55,55,45,50,77,50,70,55,59,36,60,60,66,66,69,40,39,75,39,66,44,66,60,33,80,80,66,50,60,60,70,50,79,79,66,70,75,80,66,73,70,70,60,60,79,79,70,50,73,33,69,50,33,44,69,59,66,60,73,60,70,70,40,59,53,60,44,66,70,50,80,50,79,60,,,,,,,,,,,,,,,,,,,,,,,,,,,,,,,,,,,,,,,,,,,,,,,,,,,,,,,,,,,,,,,,,,,,,,,,,,,,,,,,,,,,,,,,,,,,,,,,,,,,,,,,,,,,,,,,,,,,,,,,,,,,,,,,,,,,,,,,,,,,,,,,,,,,,,,,,,,,,,,,,,,,,,,,,,,,,,,,,,,,,,,,,,,,,,,,,,,,,,,,,,,,,,,,,,,,,,,,,,,,,,,,,,,,,,,,,,,,,,,,,,,,,,,,,,,,,,,,,,,,,,,,,,,,,,,,,,,,,,,,,,,,,,,,,,,,,,,,,,,,,,,,,,,,,,,,,,,,,,,,,,,,,,,,,,,,,,,,,,,,,,,,,,,,,,,,,,,,,,,,,,,,,,,,,,,,,,,,,,,,,,,,,,,,,,,,,,,,,,,,,,,,,,,,,,,,,,,,,,,,,,,,,,,,,,,,,,,,,,,,,,,,,,,,,,,,,,,,,,,,,,,,,,,,,,,,,,,,,,,,,,,,,,,,,,,,,,,,,,,,,,,,,,,,,,,,,,,,,,,,,,,,,,,,,,,,,,,,,,,,,,,,,,,,,,,,,,,,,,,,,,,,,,,,,,,,,,,,,,,,,,,,,,,,,,,,,,,,,,,,,,,,,,,,,,,,,,,,,,,,,,,,,,,,,,,,,,,,,,,,,,,,,,,,,,,,,,,,,,,,,,,,,,,,,,,,,,,,,,,,,,,,,,,,,,,,,,,,,,,,,,,,,,,,,,,,,,,,,,,,,,,,,,,,,,,,,,,,,,,,,,,,,,,,,,,,,,,,,,,,,,,,,,,,,,,,,,,,,,,,,,,,,,,,,,,,,,,,,,,,,,,,,,,,,,,,,,,,,,,,,,,,,,,,,,,65 or above,Male,,Bachelor's degree,,White / Caucasian,,1,0.743330566
R_7JsdvCV74vAIJqh,Retail Sales Associate,,,,,,,,,,,,,,,,,,,,,,,,,,,,,,,,,,,,,,,,,,,,,,,,,,,,,,,,,,,,,,,,,,,,,,,,,,,,,,,,,,,,,,,,,,,,,,,,,,,,,,,,,,,,,,,,,,,,,,,,,,,,,,,,,,,,,,,,,,,,,,,,,,,,,,,,,,,,,,,,,,,,,,,,42,44,29,27,26,57,19,76,66,26,2,55,58,99,26,78,88,35,76,63,52,43,37,21,57,53,49,42,53,83,52,31,82,48,91,97,67,48,43,23,58,1,80,41,83,27,64,67,48,39,81,0,41,71,85,89,38,18,73,31,73,34,56,16,68,25,78,91,44,48,34,64,61,81,82,25,54,41,34,59,70,49,46,59,59,35,16,55,66,44,30,33,99,69,7,43,52,52,61,81,61,95,44,47,53,91,36,14,38,31,48,33,50,100,74,0,32,39,84,36,57,85,68,59,65,26,64,72,10,21,66,69,27,52,56,79,31,53,69,50,66,85,73,29,47,68,33,34,49,81,36,51,41,45,100,80,61,44,46,77,42,100,59,0,61,50,,,,,,,,,,,,,,,,,,,,,,,,,,,,,,,,,,,,,,,,,,,,,,,,,,,,,,,,,,,,,,,,,,,,,,,,,,,,,,,,,,,,,,,,,,,,,,,,,,,,,,,,,,,,,,,,,,,,,,,,,,,,,,,,,,,,,,,,,,,,,,,,,,,,,,,,,,,,,,,,,,,,,,,,,,,,,,,,,,,,,,,,,,,,,,,,,,,,,,,,,,,,,,,,,,,,,,,,,,,,,,,,,,,,,,,,,,,,,,,,,,,,,,,,,,,,,,,,,,,,,,,,,,,,,,,,,,,,,,,,,,,,,,,,,,,,,,,,,,,,,,,,,,,,,,,,,,,,,,,,,,,,,,,,,,,,,,,,,,,,,,,,,,,,,,,,,,,,,,,,,,,,,,,,,,,,,,,,,,,,,,,,,,,,,,,,,,,,,,,,,,,,,,,,,,,,,,,,,,,,,,,,,,,,,,,,,,,,,,,,,,,,,,,,,,,,,,,,,,,,,,,,,,,,,,,,,,,,,,,,,,,,,,,,,,,,,,,,,,,,,,,,,,,,,,,,,,,,,,,,,,,,,,,,,,,,,,,,,,,,,,,,,,,,,,,,,,,,,,,,,,,,,,,,,,,,,,,,,,,,,,,,,,,,,,,,,,,,,,,,,,,,,,,,,,,,,,,,,,,,,,,,,,,,,,,,,,,,,,,,,,,,,,,,,,,,,,,,,,,,,,,,,35-44,Female,,Bachelor's degree,,Black or African American,,2,0.832948096
R_60zzjZcGGl24aqZ,Retail Sales Associate,60,65,80,75,75,75,65,65,65,80,75,60,75,70,75,75,65,75,60,61,75,80,75,65,60,75,75,75,80,75,75,65,60,75,75,65,75,65,80,65,75,75,75,75,75,75,75,75,65,60,75,75,80,75,75,75,60,75,80,65,66,75,80,75,75,75,80,75,75,75,80,80,75,76,75,70,60,65,75,66,60,75,80,75,80,65,75,75,65,75,75,75,75,76,75,65,80,75,60,75,60,60,70,75,80,65,75,75,65,75,75,65,75,75,60,75,75,70,75,65,60,70,65,75,70,75,75,75,75,75,75,65,65,75,65,75,75,60,65,75,75,75,75,75,65,75,70,75,75,75,65,75,75,60,80,65,65,75,75,75,80,75,75,70,55,75,75,,,,,,,,,,,,,,,,,,,,,,,,,,,,,,,,,,,,,,,,,,,,,,,,,,,,,,,,,,,,,,,,,,,,,,,,,,,,,,,,,,,,,,,,,,,,,,,,,,,,,,,,,,,,,,,,,,,,,,,,,,,,,,,,,,,,,,,,,,,,,,,,,,,,,,,,,,,,,,,,,,,,,,,,,,,,,,,,,,,,,,,,,,,,,,,,,,,,,,,,,,,,,,,,,,,,,,,,,,,,,,,,,,,,,,,,,,,,,,,,,,,,,,,,,,,,,,,,,,,,,,,,,,,,,,,,,,,,,,,,,,,,,,,,,,,,,,,,,,,,,,,,,,,,,,,,,,,,,,,,,,,,,,,,,,,,,,,,,,,,,,,,,,,,,,,,,,,,,,,,,,,,,,,,,,,,,,,,,,,,,,,,,,,,,,,,,,,,,,,,,,,,,,,,,,,,,,,,,,,,,,,,,,,,,,,,,,,,,,,,,,,,,,,,,,,,,,,,,,,,,,,,,,,,,,,,,,,,,,,,,,,,,,,,,,,,,,,,,,,,,,,,,,,,,,,,,,,,,,,,,,,,,,,,,,,,,,,,,,,,,,,,,,,,,,,,,,,,,,,,,,,,,,,,,,,,,,,,,,,,,,,,,,,,,,,,,,,,,,,,,,,,,,,,,,,,,,,,,,,,,,,,,,,,,,,,,,,,,,,,,,,,,,,,,,,,,,,,,,,,,,,,,,,,,,,,,,,,,,,,,,,,,,,,,,,,,,,,,,,,,,,,,,,,,,,,,,,,,,,,,,,,,,,,,,,,,,,,,,,,,,,,,,,,,,,,,,,,,,,,,,,,,,,,,,,,,,,,,,,,,,,,,,,,,,,,,,,,,,,,,,,,,,,,,,,,,,,,,,,,,,,,,,,,,,,25-34,Male,,Bachelor's degree,,White / Caucasian,,1,0.869628821
R_3q6IKHLXjgjKgSZ,Retail Sales Associate,,,,,,,,,,,,,,,,,,,,,,,,,,,,,,,,,,,,,,,,,,,,,,,,,,,,,,,,,,,,,,,,,,,,,,,,,,,,,,,,,,,,,,,,,,,,,,,,,,,,,,,,,,,,,,,,,,,,,,,,,,,,,,,,,,,,,,,,,,,,,,,,,,,,,,,,,,,,,,,,,,,,,,,,,,,,,,,,,,,,,,,,,,,,,,,,,,,,,,,,,,,,,,,,,,,,,,,,,,,,,,,,,,,,,,,,,,,,,,,,,,,,,,,,,,,,,,,,,,,,,,,,,,,,,,,,,,,,,,,,,,,,,,,,,,,,,,,,,,,,,,,,,,,,,,,,,,,,,,,,,,,,,,,,,,,,,,,,,,,,,,,,,,,,,,,,,,,,,,,,,,,,,,,,,,,,,,,,,,,,,,,,,,,,,,,,,,,,,,,,,,,,,,,,,,,,,,,,,,,,,,,,,,,,,,,,,,,,,,,,,,,,,,,,,,,,,,,,,,,,,,,,,,,,,,,,,,,,,,,,,,,,,,,,,,,,,,,,,,,,,,,,,,,,,,,,,,,,,,,,,,,,,,,,,,,,,,,,,,,,,,,,,,,,,,,,,,,,,,,,,,,,,,,,,,,,,,,,,,,,,,,,,,,,,,,,,,,,,,,,,,,,,,,,,,,,,,,,,,,,,,,,,,,,,,,,,,,,,,,,,,,,,,,,,,,,,,,,,,,,,,,,,,,,,,,,,,,,,,,,,,,,,,,,,,,,,,,,,,,,,,,,,,,,,,,,,,,,,,,,,,,,,,,,,,,,,,,,,,,,,,,,,,,,,,,,,,,,,,,,,,,,,,,,,,,,,,,,,,,,,,,,,,,,,,,,,,,,,,,,,,,,,,,,,,,,,,,,,,,,,,,,,,,,,,,,73,56,64,70,78,45,75,40,56,53,61,56,56,63,60,70,58,70,63,72,66,73,70,65,64,65,60,77,56,66,50,65,64,71,65,65,48,50,65,58,70,56,52,77,51,58,70,68,62,61,72,62,49,67,60,67,65,57,68,39,60,67,62,67,57,76,68,71,75,64,47,79,75,80,61,32,71,54,65,55,56,53,72,70,65,58,65,50,56,63,44,62,65,67,72,66,50,65,72,63,39,50,72,56,65,58,61,57,59,51,72,70,60,70,71,68,74,45,75,54,72,64,70,55,66,71,59,66,68,44,74,46,53,55,63,76,78,50,47,52,70,61,60,55,36,70,62,61,70,50,70,49,67,54,48,61,46,70,62,74,60,70,77,64,51,68,25-34,Male,,Some college,,Multiple ethnicity,Asian/White,6,0.673019278
R_595F2VVp5RYMJA8,Risk Analyst,,,,,,,,,,,,,,,,,,,,,,,,,,,,,,,,,,,,,,,,,,,,,,,,,,,,,,,,,,,,,,,,,,,,,,,,,,,,,,,,,,,,,,,,,,,,,,,,,,,,,,,,,,,,,,,,,,,,,,,,,,,,,,,,,,,,,,,,,,,,,,,,,,,,,,,,,,,,,,,,,,,,,,,,,,,,,,,,,,,,,,,,,,,,,,,,,,,,,,,,,,,,,,,,,,,,,,,,,,,,,,,,,,,,,,,,,,,,,,,,,,,,,,,,,,,,,,,,,,,,,,,,,,,,,,,,,,,,,,,,,,,,,,,,,,,,,,,,,,,,,,,,,,,,,,,,,,,,,,,,,,,,,,,,,,,,,,51,50,40,12,63,71,25,23,6,31,50,80,51,68,40,3,30,50,41,90,72,70,4,6,17,41,17,9,20,34,85,28,76,52,50,17,25,9,30,24,25,9,31,29,52,25,62,11,3,33,31,45,2,74,90,12,11,31,80,22,8,3,42,51,75,40,13,32,9,20,70,3,2,28,76,21,40,25,35,5,60,8,64,66,26,50,74,41,50,42,3,45,51,3,13,29,35,23,74,31,33,29,70,30,100,100,33,42,31,33,100,12,30,63,71,11,49,21,50,15,51,85,40,5,15,61,16,53,32,49,75,52,34,63,50,18,82,3,30,39,75,29,48,42,30,15,52,41,56,44,6,8,29,51,24,72,79,28,40,88,15,10,10,61,21,52,17,,,,,,,,,,,,,,,,,,,,,,,,,,,,,,,,,,,,,,,,,,,,,,,,,,,,,,,,,,,,,,,,,,,,,,,,,,,,,,,,,,,,,,,,,,,,,,,,,,,,,,,,,,,,,,,,,,,,,,,,,,,,,,,,,,,,,,,,,,,,,,,,,,,,,,,,,,,,,,,,,,,,,,,,,,,,,,,,,,,,,,,,,,,,,,,,,,,,,,,,,,,,,,,,,,,,,,,,,,,,,,,,,,,,,,,,,,,,,,,,,,,,,,,,,,,,,,,,,,,,,,,,,,,,,,,,,,,,,,,,,,,,,,,,,,,,,,,,,,,,,,,,,,,,,,,,,,,,,,,,,,,,,,,,,,,,,,,,,,,,,,,,,,,,,,,,,,,,,,,,,,,,,,,,,,,,,,,,,,,,,,,,,,,,,,,,,,,,,,,,,,,,,,,,,,,,,,,,,,,,,,,,,,,,,,,,,,,,,,,,,,,,,,,,,,,,,,,,,,,,,,,,,,,,,,,,,,,,,,,,,,,,,,,,,,,,,,,,,,35-44,Male,,Some college,,Black or African American,,3,0.853615803
R_1KuOl6UCyeYFw2R,Financial Advisor,,,,,,,,,,,,,,,,,,,,,,,,,,,,,,,,,,,,,,,,,,,,,,,,,,,,,,,,,,,,,,,,,,,,,,,,,,,,,,,,,,,,,,,,,,,,,,,,,,,,,,,,,,,,,,,,,,,,,,,,,,,,,,,,,,,,,,,,,,,,,,,,,,,,,,,,,,,,,,,,,,,,,,,,,,,,,,,,,,,,,,,,,,,,,,,,,,,,,,,,,,,,,,,,,,,,,,,,,,,,,,,,,,,,,,,,,,,,,,,,,,,,,,,,,,,,,,,,,,,,,,,,,,,,,,,,,,,,,,,,,,,,,,,,,,,,,,,,,,,,,,,,,,,,,,,,,,,,,,,,,,,,,,,,,,,,,,,,,,,,,,,,,,,,,,,,,,,,,,,,,,,,,,,,,,,,,,,,,,,,,,,,,,,,,,,,,,,,,,,,,,,,,,,,,,,,,,,,,,,,,,,,,,,,,,,,,,,,,,,,,,,,,,,,,,,,,,,,,,,,,,,,,,,,,,,,,,,,,,,,,,,,,,,,,,,,,,,,,,,,,,,,,,,,,,,,,,,,,,,,,,,,,,,,,,,,,,,,,,,,,,,,,,,,,,,,,,,,,,,,,,,,,,,,,,,,,,,,,,,,,,,,,,,,,,,,,,,,,,,,,,,,,,,,,,,,,,,,,,,,,,,,,,,,,,,,,,,,,,,,,,,,,,,,,,,,,,,,,,,,,,,,,,,,,,,,,,,,,,,,,,,,,,,,,,,,,,,,,,,,,,,,,,,,,,,,,,,,,,,,,,,,,,,,,,,,,,,,,,,,,,,,,,,,,,,,,,,,,,,,,,,,,,,,,,,,,,,,,,,,,,,,,,,,,,,,,,,,,,,,,,,,,,,,,,,,,,,,,,,,,,,,,,,,,,,,49,45,50,44,52,75,67,69,61,79,33,65,59,65,25,10,59,86,56,37,79,52,53,16,32,75,64,85,83,40,69,43,53,29,20,76,81,71,79,76,78,89,66,64,52,88,62,77,62,67,57,30,77,77,22,73,32,78,58,24,63,20,79,45,64,74,60,82,52,65,20,35,61,58,81,84,70,73,56,71,48,42,58,81,57,32,58,34,23,70,79,59,84,69,55,78,87,32,67,24,88,63,19,53,35,52,71,27,82,72,48,84,82,36,55,81,53,54,45,89,85,76,74,71,64,59,16,61,77,72,73,70,66,44,70,75,22,88,69,80,73,80,80,85,26,48,67,66,50,79,47,86,74,27,71,67,79,34,84,65,82,60,70,79,70,75,25-34,Male,,Bachelor's degree,,Asian,,6,0.750765674
R_7HABKqrvv3CBGfL,Inventory Manager,,,,,,,,,,,,,,,,,,,,,,,,,,,,,,,,,,,,,,,,,,,,,,,,,,,,,,,,,,,,,,,,,,,,,,,,,,,,,,,,,,,,,,,,,,,,,,,,,,,,,,,,,,,,,,,,,,,,,,,,,,,,,,,,,,,,,,,,,,,,,,,,,,,,,,,,,,,,,,,,,,,,,,,,,,,,,,,,,,,,,,,,,,,,,,,,,,,,,,,,,,,,,,,,,,,,,,,,,,,,,,,,,,,,,,,,,,,,,,,,,,,,,,,,,,,,,,,,,,,,,,,,,,,,,,,,,,,,,,,,,,,,,,,,,,,,,,,,,,,,,,,,,,,,,,,,,,,,,,,,,,,,,,,,,,,,,,,,,,,,,,,,,,,,,,,,,,,,,,,,,,,,,,,,,,,,,,,,,,,,,,,,,,,,,,,,,,,,,,,,,,,,,,,,,,,,,,,,,,,,,,,,,,,,,,,,,,,,,,,,,,,,,,,,,,,,,,,,,,,,,,,,,,,,,,,,,,,,,,,,,,,,,,,,,,,,,,,,,,,,,,,,,,,,,,,,,,,,,,,,,,,,,,,,,,,,,,,,,,,,,,,,,,,,,,,,,,,,,,,,,,,,,,,,,,,,,,,,,,,,,,,,,,,,,,,,,,,,,,,,,,,,,,,,,,,,,,,,,,,,,,,,,,,,,,,,,,,,,,,,,,,,,,,,,,,,,,,,,,,,,,,,,,,,55,32,58,53,84,68,56,60,43,39,56,48,36,80,43,62,67,73,75,38,62,57,55,46,61,77,47,52,54,58,67,59,59,32,39,70,51,55,55,58,57,79,65,49,57,55,69,36,53,43,53,50,67,42,78,40,73,50,66,55,68,50,60,48,71,67,68,77,56,33,49,57,65,81,62,61,34,68,57,51,46,41,57,71,68,65,52,72,47,62,71,70,54,45,64,81,62,51,52,58,74,61,38,64,68,54,57,68,83,70,52,60,34,66,71,42,65,55,55,45,61,54,68,75,68,77,22,61,60,66,72,40,55,54,60,66,46,71,69,69,74,49,65,51,39,56,40,46,66,71,51,52,60,74,59,77,60,71,59,57,64,57,63,73,,,,,,,,,,,,,,,,,,,,,,,,,,,,,,,,,,,,,,,,,,,,,,,,,,,,,,,,,,,,,,,,,,,,,,,,,,,,,,,,,,,,,,,,,,,,,,,,,,,,,,,,,,,,,,,,,,,,,,,,,,,,,,,,,,,,,,,,,,,,,,,,,,,,,,,,,,,,,,,,,,,,,,,45-54,Male,,Some college,,White / Caucasian,,5,0.342343075
R_7ilh0SFXgfOU5ky,Risk Analyst,,,,,,,,,,,,,,,,,,,,,,,,,,,,,,,,,,,,,,,,,,,,,,,,,,,,,,,,,,,,,,,,,,,,,,,,,,,,,,,,,,,,,,,,,,,,,,,,,,,,,,,,,,,,,,,,,,,,,,,,,,,,,,,,,,,,,,,,,,,,,,,,,,,,,,,,,,,,,,,,,,,,,,,,,,,,,,,,,,,,,,,,,,,,,,,,,,,,,,,,,,,,,,,,,,,,,,,,,,,,,,,,,,,,,,,,,,,,,,,,,,,,,,,,,,,,,,,,,,,,,,,,,,,,,,,,,,,,,,,,,,,,,,,,,,,,,,,,,,,,,,,,,,,,,,,,,,,,,,,,,,,,,,,,,,,,,,,,,,,,,,,,,,,,,,,,,,,,,,,,,,,,,,,,,,,,,,,,,,,,,,,,,,,,,,,,,,,,,,,,,,,,,,,,,,,,,,,,,,,,,,,,,,,,,,,,,,,,,,,,,,,,,,,,,,,,,,,,,,,,,,,,,,,,,,,,,,,,,,,,,,,,,,,,,,,,,,,,,,,,,,,,,,,,,,,,,,,,,,,,,,,,,,,,,,,,,,,,,,,,,,,,,,,,,,,,,,,,,,,,,,,,,,,,,,,,,,,,,,,,,,,,,,,,,,,,,,,,,,,,,,,,,,,,,,,,,,,,,,,,,,,,,,,,,,,,,,,,,,,,,,,,,,,,,,,,,,,,,,,,,,,,,,,,69,75,69,69,69,68,69,69,69,70,69,69,69,70,67,69,70,69,70,67,71,71,67,70,70,68,70,69,69,69,69,69,70,69,68,70,70,74,69,69,69,74,69,70,69,69,69,71,69,70,70,70,69,67,69,69,70,70,69,69,69,67,69,69,70,69,70,69,69,70,70,69,69,68,70,69,70,70,69,70,69,69,69,70,69,70,70,70,70,70,70,73,70,70,71,69,69,69,68,63,70,69,65,74,69,69,69,70,70,70,69,69,70,69,67,70,70,70,69,72,69,70,69,70,69,69,71,69,69,71,73,69,69,69,69,69,69,70,69,68,71,71,69,71,69,69,69,70,69,69,70,72,71,69,69,69,61,69,69,73,70,70,75,69,,,,,,,,,,,,,,,,,,,,,,,,,,,,,,,,,,,,,,,,,,,,,,,,,,,,,,,,,,,,,,,,,,,,,,,,,,,,,,,,,,,,,,,,,,,,,,,,,,,,,,,,,,,,,,,,,,,,,,,,,,,,,,,,,,,,,,,,,,,,,,,,,,,,,,,,,,,,,,,,,,,,,,,45-54,Female,,Graduate degree,,White / Caucasian,,5,0.589313797
R_1rjQtEVZWmbjXCP,Financial Advisor,,,,,,,,,,,,,,,,,,,,,,,,,,,,,,,,,,,,,,,,,,,,,,,,,,,,,,,,,,,,,,,,,,,,,,,,,,,,,,,,,,,,,,,,,,,,,,,,,,,,,,,,,,,,,,,,,,,,,,,,,,,,,,,,,,,,,,,,,,,,,,,,,,,,,,,,,,,,,,,,,,,,,,,,,,,,,,,,,,,,,,,,,,,,,,,,,,,,,,,,,,,,,,,,,,,,,,,,,,,,,,,,,,,,,,,,,,,,,,,,,,,,,,,,,,,,,,,,,,,,,,,,,,,,,,,,,,,,,,,,,,,,,,,,,,,,,,,,,,,,,,,,,,,,,,,,,,,,,,,,,,,,,,,,,,,,,,,,,,,,,,,,,,,,,,,,,,,,,,,,,,,,,,,,,,,,,,,,,,,,,,,,,,,,,,,,,,,,,,,,,,,,,,,,,,,,,,,,,,,,,,,,,,,,,,,,,,,,,,,,,,,,,,,,,,,,,,,,,,,,,,,,,,,,,,,,,,,,,,,,,,,,,,,,,,,,,,,,,,,,,,,,,,,,,,,,,,,,,,,,,,,,,,,,,,,,,,,,,,,,,,,,,,,,,,,,,,,,,,,,,,,,,,,,,,,,,,,,,,,,,,,,,,,,,,,,,,,,,,,,,,,,,,,,,,,,,,,,,,,,,,,,,,,,,,,,,,,,,,,,,,,,,,,,,,,,,,,,,,,,,,,,,,,,85,4,100,0,0,0,80,5,100,0,50,40,10,26,100,0,20,85,0,5,0,3,50,10,0,0,0,100,0,0,23,85,0,10,50,1,40,0,100,25,0,100,40,30,100,71,0,10,40,50,95,30,40,0,0,5,100,0,0,70,10,0,0,20,100,50,10,2,20,100,65,0,50,80,55,0,0,100,0,70,0,0,0,50,40,0,5,1,5,50,100,0,1,75,50,0,11,0,39,0,35,100,15,40,35,80,15,80,5,0,26,60,0,0,100,0,2,30,0,30,95,0,100,10,50,0,20,10,80,48,5,10,0,15,85,80,1,85,0,100,95,25,0,30,0,0,3,100,25,33,25,50,50,100,0,5,0,20,15,0,11,0,70,0,,,,,,,,,,,,,,,,,,,,,,,,,,,,,,,,,,,,,,,,,,,,,,,,,,,,,,,,,,,,,,,,,,,,,,,,,,,,,,,,,,,,,,,,,,,,,,,,,,,,,,,,,,,,,,,,,,,,,,,,,,,,,,,,,,,,,,,,,,,,,,,,,,,,,,,,,,,,,,,,,,,,,,,18-24,Male,,High school graduate,,White / Caucasian,,5,0.934781237
R_3hhzoVFQG7JGXTP,Retail Sales Associate,18,50,64,57,58,63,61,22,42,57,60,10,68,4,29,38,59,68,24,24,62,68,67,67,39,63,61,58,55,53,65,24,9,55,53,52,18,9,61,22,27,52,67,60,6,66,13,38,46,13,34,26,66,60,45,66,17,68,60,60,6,55,58,59,20,59,64,68,63,65,66,41,62,60,65,35,63,29,62,13,71,12,68,12,41,37,63,45,74,64,22,65,19,62,42,65,66,29,54,63,14,58,33,63,60,62,66,62,14,62,35,60,63,28,40,61,58,20,15,36,65,62,29,27,67,52,45,68,55,38,12,21,41,41,65,61,61,18,41,63,61,60,38,66,41,59,12,66,27,33,32,60,66,43,64,55,25,62,60,62,59,66,72,12,15,34,61,,,,,,,,,,,,,,,,,,,,,,,,,,,,,,,,,,,,,,,,,,,,,,,,,,,,,,,,,,,,,,,,,,,,,,,,,,,,,,,,,,,,,,,,,,,,,,,,,,,,,,,,,,,,,,,,,,,,,,,,,,,,,,,,,,,,,,,,,,,,,,,,,,,,,,,,,,,,,,,,,,,,,,,,,,,,,,,,,,,,,,,,,,,,,,,,,,,,,,,,,,,,,,,,,,,,,,,,,,,,,,,,,,,,,,,,,,,,,,,,,,,,,,,,,,,,,,,,,,,,,,,,,,,,,,,,,,,,,,,,,,,,,,,,,,,,,,,,,,,,,,,,,,,,,,,,,,,,,,,,,,,,,,,,,,,,,,,,,,,,,,,,,,,,,,,,,,,,,,,,,,,,,,,,,,,,,,,,,,,,,,,,,,,,,,,,,,,,,,,,,,,,,,,,,,,,,,,,,,,,,,,,,,,,,,,,,,,,,,,,,,,,,,,,,,,,,,,,,,,,,,,,,,,,,,,,,,,,,,,,,,,,,,,,,,,,,,,,,,,,,,,,,,,,,,,,,,,,,,,,,,,,,,,,,,,,,,,,,,,,,,,,,,,,,,,,,,,,,,,,,,,,,,,,,,,,,,,,,,,,,,,,,,,,,,,,,,,,,,,,,,,,,,,,,,,,,,,,,,,,,,,,,,,,,,,,,,,,,,,,,,,,,,,,,,,,,,,,,,,,,,,,,,,,,,,,,,,,,,,,,,,,,,,,,,,,,,,,,,,,,,,,,,,,,,,,,,,,,,,,,,,,,,,,,,,,,,,,,,,,,,,,,,,,,,,,,,,,,,,,,,,,,,,,,,,,,,,,,,,,,,,,,,,,,,,,,,,,,,,,,,,,,,,,,,,,,,,,,,,,,,,,,,,,,,,25-34,Male,,Graduate degree,,White / Caucasian,,1,0.739117926
R_3pGWh7TnQmZrD4t,Risk Analyst,,,,,,,,,,,,,,,,,,,,,,,,,,,,,,,,,,,,,,,,,,,,,,,,,,,,,,,,,,,,,,,,,,,,,,,,,,,,,,,,,,,,,,,,,,,,,,,,,,,,,,,,,,,,,,,,,,,,,,,,,,,,,,,,,,,,,,,,,,,,,,,,,,,,,,,,,,,,,,,,,,,,,,,,,,,,,,,,,,,,,,,,,,,,,,,,,,,,,,,,,,,,,,,,,,,,,,,,,,,,,,,,,,,,,,,,,,,,,,,,,,,,,,,,,,,,,,,,,,,,,,,,,,,,,,,,,,,,,,,,,,,,,,,,,,,,,,,,,,,,,,,,,,,,,,,,,,,,,,,,,,,,,,,,,,,,,,,,,,,,,,,,,,,,,,,,,,,,,,,,,,,,,,,,,,,,,,,,,,,,,,,,,,,,,,,,,,,,,,,,,,,,,,,,,,,,,,,,,,,,,,,,,,,,,,,,,,,,,,,,,,,,,,,,,,,,,,,,,,,,,,,,,,,,,,,,,,,,,,,,,,,,,,,,,,,,,,,,,,,,,,,,,,,,,,,,,,,,,,,,,,,,,,,,,,,,,,,,,,,,,,,,,,,,,,,,,,,,,,,,,,,,,,,,,,,,,,,,,,,,,,,,,,,,,,,,,,,,,,,,,,,,,,,,,,,,,,,,,,,,,,,,,,,,,,,,,,,,,,,,,,,,,,,,,,,,,,,,,,,,,,,,,,,,,,,,,,,,,,,,,,,,,,,,,,,,,,,,,,,,,,,,,,,,,,,,,,,,,,,,,,,,,,,,,,,,,,,,,,,,,,,,,,,,,,,,,,,,,,,,,,,,,,,,,,,,,,,,,,,,,,,,,,,,,,,,,,,,,,,,,,,,,,,,,,,,,,,,,,,,,,,,,,,,,,,,76,88,92,76,81,95,55,86,86,88,76,79,94,86,79,85,80,82,87,86,80,80,79,73,75,94,93,85,81,97,84,89,77,87,73,76,88,87,93,87,83,81,75,70,94,94,79,83,90,74,80,83,91,76,62,84,85,71,83,85,73,87,90,74,83,74,78,79,66,86,84,85,80,74,76,100,73,80,80,84,72,77,90,86,91,74,84,86,67,91,90,72,92,79,71,78,87,82,87,77,80,87,67,85,87,92,87,72,86,85,89,85,87,78,73,77,68,84,77,93,86,87,79,81,82,79,78,78,89,97,83,82,91,93,93,73,82,92,92,96,85,78,92,82,84,78,72,90,82,84,91,90,78,81,90,73,84,84,86,78,98,83,78,94,86,93,25-34,Male,,Some college,,Multiple ethnicity,Black / White,6,0.644274619
R_5E7lo92cMirKB8L,Financial Advisor,,,,,,,,,,,,,,,,,,,,,,,,,,,,,,,,,,,,,,,,,,,,,,,,,,,,,,,,,,,,,,,,,,,,,,,,,,,,,,,,,,,,,,,,,,,,,,,,,,,,,,,,,,,,,,,,,,,,,,,,,,,,,,,,,,,,,,,,,,,,,,,,,,,,,,,,,,,,,,,,,,,,,,,,,,,,,,,,,,,,,,,,,,,,,,,,,,,,,,,,,,,,,,,,,,,,,,,,,,,,,,,,,,,,,,,,,,,,,,,,,,,,,,,,,,,,,,,,,,,,,,,,,,,,,,,,,,,,,,,,,,,,,,,,,,,,,,,,,,,,,,,,,,,,,,,,,,,,,,,,,,,,,,,,,,,,,,,,,,,,,,,,,,,,,,,,,,,,,,,,,,,,,,,,,,,,,,,,,,,,,,,,,,,,,,,,,,,,,,,,,,,,,,,,,,,,,,,,,,,,,,,,,,,,,,,,,,,,,,,,,,,,,,,,,,,,,,,,,,,,,,,,,,,,,,,,,,,,,,,,,,,,,,,,,,,,,,,,,,,,,67,51,35,55,60,51,58,55,61,45,55,55,50,54,29,48,46,59,65,45,37,40,61,59,30,50,65,30,56,62,40,40,50,40,57,50,54,60,55,55,56,61,33,61,51,34,56,56,45,65,49,50,55,60,55,55,46,60,53,30,40,60,58,65,35,60,35,40,60,50,40,60,52,60,40,58,46,60,60,55,43,50,20,63,47,58,70,35,55,31,55,65,56,70,61,40,66,45,35,60,57,50,57,55,49,55,59,57,55,50,56,55,51,39,61,40,70,56,50,27,30,54,54,55,49,57,52,60,35,58,54,57,49,50,55,40,67,60,52,50,60,50,46,62,55,54,30,55,55,35,50,50,54,56,50,53,53,60,47,62,49,60,70,59,61,54,55,,,,,,,,,,,,,,,,,,,,,,,,,,,,,,,,,,,,,,,,,,,,,,,,,,,,,,,,,,,,,,,,,,,,,,,,,,,,,,,,,,,,,,,,,,,,,,,,,,,,,,,,,,,,,,,,,,,,,,,,,,,,,,,,,,,,,,,,,,,,,,,,,,,,,,,,,,,,,,,,,,,,,,,,,,,,,,,,,,,,,,,,,,,,,,,,,,,,,,,,,,,,,,,,,,,,,,,,,,,,,,,,,,,,,,,,,,,,,,,,,,,,,,,,,,,,,,,,,,,,,,,,,,,,,,,,,,,,,,,,,,,,,,,,,,,,,,,,,,,,,,,,,,,,,,,,,,,,,,,,,,,,,,,,,,,45-54,Female,,Bachelor's degree,,Asian,,4,0.555900819
R_3HGnuin6lhOvGaS,Retail Sales Associate,,,,,,,,,,,,,,,,,,,,,,,,,,,,,,,,,,,,,,,,,,,,,,,,,,,,,,,,,,,,,,,,,,,,,,,,,,,,,,,,,,,,,,,,,,,,,,,,,,,,,,,,,,,,,,,,,,,,,,,,,,,,,,,,,,,,,,,,,,,,,,,,,,,,,,,,,,,,,,,,,,,,,,,,1,1,1,1,1,10,1,90,20,1,1,20,60,70,1,100,98,20,100,60,90,1,20,1,1,70,1,20,1,90,30,15,100,84,80,30,100,90,0,1,70,20,1,10,90,30,1,30,10,20,90,0,1,50,70,90,1,1,70,21,0,50,1,0,63,1,20,80,1,100,1,1,30,1,90,1,70,1,20,1,100,90,5,20,9,1,79,100,10,70,20,10,100,30,1,1,5,98,5,100,80,60,1,55,50,100,20,0,90,1,1,1,1,70,10,1,0,1,1,1,100,10,91,40,1,1,1,100,1,1,50,14,80,29,1,100,1,20,70,1,35,90,80,50,55,100,1,1,30,100,1,40,1,1,100,1,1,80,50,80,80,1,10,1,1,50,,,,,,,,,,,,,,,,,,,,,,,,,,,,,,,,,,,,,,,,,,,,,,,,,,,,,,,,,,,,,,,,,,,,,,,,,,,,,,,,,,,,,,,,,,,,,,,,,,,,,,,,,,,,,,,,,,,,,,,,,,,,,,,,,,,,,,,,,,,,,,,,,,,,,,,,,,,,,,,,,,,,,,,,,,,,,,,,,,,,,,,,,,,,,,,,,,,,,,,,,,,,,,,,,,,,,,,,,,,,,,,,,,,,,,,,,,,,,,,,,,,,,,,,,,,,,,,,,,,,,,,,,,,,,,,,,,,,,,,,,,,,,,,,,,,,,,,,,,,,,,,,,,,,,,,,,,,,,,,,,,,,,,,,,,,,,,,,,,,,,,,,,,,,,,,,,,,,,,,,,,,,,,,,,,,,,,,,,,,,,,,,,,,,,,,,,,,,,,,,,,,,,,,,,,,,,,,,,,,,,,,,,,,,,,,,,,,,,,,,,,,,,,,,,,,,,,,,,,,,,,,,,,,,,,,,,,,,,,,,,,,,,,,,,,,,,,,,,,,,,,,,,,,,,,,,,,,,,,,,,,,,,,,,,,,,,,,,,,,,,,,,,,,,,,,,,,,,,,,,,,,,,,,,,,,,,,,,,,,,,,,,,,,,,,,,,,,,,,,,,,,,,,,,,,,,,,,,,,,,,,,,,,,,,,,,,,,,,,,,,,,,,,,,,,,,,,,,,,,,,,,,,55-64,Female,,Bachelor's degree,,Black or African American,,2,0.837097257
R_1fok57bZ3LCBhQt,Financial Advisor,,,,,,,,,,,,,,,,,,,,,,,,,,,,,,,,,,,,,,,,,,,,,,,,,,,,,,,,,,,,,,,,,,,,,,,,,,,,,,,,,,,,,,,,,,,,,,,,,,,,,,,,,,,,,,,,,,,,,,,,,,,,,,,,,,,,,,,,,,,,,,,,,,,,,,,,,,,,,,,,,,,,,,,,,,,,,,,,,,,,,,,,,,,,,,,,,,,,,,,,,,,,,,,,,,,,,,,,,,,,,,,,,,,,,,,,,,,,,,,,,,,,,,,,,,,,,,,,,,,,,,,,,,,,,,,,,,,,,,,,,,,,,,,,,,,,,,,,,,,,,,,,,,,,,,,,,,,,,,,,,,,,,,,,,,,,,,,,,,,,,,,,,,,,,,,,,,,,,,,,,,,,,,,,,,,,,,,,,,,,,,,,,,,,,,,,,,,,,,,,,,,,,,,,,,,,,,,,,,,,,,,,,,,,,,,,,,,,,,,,,,,,,,,,,,,,,,,,,,,,,,,,,,,,,,,,,,,,,,,,,,,,,,,,,,,,,,,,,,,,,25,35,20,45,60,25,30,60,60,20,25,55,25,45,10,25,35,25,35,45,25,45,45,55,25,20,55,45,60,45,15,25,35,55,25,45,35,25,25,15,20,65,20,25,33,25,45,25,25,55,10,25,55,35,70,35,25,30,45,25,25,20,50,60,30,55,25,40,75,35,25,65,33,10,45,45,25,35,55,45,25,15,10,66,10,25,45,30,55,10,45,55,25,55,45,25,55,25,25,45,20,70,45,70,25,45,10,60,55,45,45,40,25,25,55,25,50,60,45,25,25,25,45,45,25,35,55,10,55,55,35,35,10,25,25,30,55,45,25,40,55,30,20,55,25,25,15,45,60,35,35,15,25,55,25,40,20,45,25,55,50,65,65,55,55,50,50,,,,,,,,,,,,,,,,,,,,,,,,,,,,,,,,,,,,,,,,,,,,,,,,,,,,,,,,,,,,,,,,,,,,,,,,,,,,,,,,,,,,,,,,,,,,,,,,,,,,,,,,,,,,,,,,,,,,,,,,,,,,,,,,,,,,,,,,,,,,,,,,,,,,,,,,,,,,,,,,,,,,,,,,,,,,,,,,,,,,,,,,,,,,,,,,,,,,,,,,,,,,,,,,,,,,,,,,,,,,,,,,,,,,,,,,,,,,,,,,,,,,,,,,,,,,,,,,,,,,,,,,,,,,,,,,,,,,,,,,,,,,,,,,,,,,,,,,,,,,,,,,,,,,,,,,,,,,,,,,,,,,,,,,,,,45-54,Male,,Graduate degree,,Hispanic or Latino,,4,0.628129165
R_1rUmRhVo0WRHsKt,Inventory Manager,,,,,,,,,,,,,,,,,,,,,,,,,,,,,,,,,,,,,,,,,,,,,,,,,,,,,,,,,,,,,,,,,,,,,,,,,,,,,,,,,,,,,,,,,,,,,,,,,,,,,,,,,,,,,,,,,,,,,,,,,,,,,,,,,,,,,,,,,,,,,,,,,,,,,,,,,,,,,,,,,,,,,,,,,,,,,,,,,,,,,,,,,,,,,,,,,,,,,,,,,,,,,,,,,,,,,,,,,,,,,,,,,,,,,,,,,,,,,,,,,,,,,,,,,,,,,,,,,,,,,,,,,,,,,,,,,,,,,,,,,,,,,,,,,,,,,,,,,,,,,,,,,,,,,,,,,,,,,,,,,,,,,,,,,,,,,,40,45,55,30,35,60,45,40,45,40,65,55,60,65,60,50,35,40,65,55,55,30,30,30,50,35,55,50,40,30,40,50,35,40,60,50,60,35,40,50,35,35,30,65,50,55,50,50,30,40,45,50,30,45,60,30,40,60,60,45,25,40,50,50,60,55,35,55,55,45,50,40,35,40,60,50,50,30,30,40,50,60,55,55,50,40,50,40,55,50,35,35,60,30,40,55,50,40,50,40,40,30,35,40,35,40,60,60,40,40,35,45,30,55,60,35,60,40,45,35,60,40,55,35,50,55,45,65,50,65,50,25,50,40,60,60,40,40,30,65,55,35,50,65,65,35,40,50,40,55,30,45,55,50,50,60,55,35,55,40,30,35,55,55,45,25,55,,,,,,,,,,,,,,,,,,,,,,,,,,,,,,,,,,,,,,,,,,,,,,,,,,,,,,,,,,,,,,,,,,,,,,,,,,,,,,,,,,,,,,,,,,,,,,,,,,,,,,,,,,,,,,,,,,,,,,,,,,,,,,,,,,,,,,,,,,,,,,,,,,,,,,,,,,,,,,,,,,,,,,,,,,,,,,,,,,,,,,,,,,,,,,,,,,,,,,,,,,,,,,,,,,,,,,,,,,,,,,,,,,,,,,,,,,,,,,,,,,,,,,,,,,,,,,,,,,,,,,,,,,,,,,,,,,,,,,,,,,,,,,,,,,,,,,,,,,,,,,,,,,,,,,,,,,,,,,,,,,,,,,,,,,,,,,,,,,,,,,,,,,,,,,,,,,,,,,,,,,,,,,,,,,,,,,,,,,,,,,,,,,,,,,,,,,,,,,,,,,,,,,,,,,,,,,,,,,,,,,,,,,,,,,,,,,,,,,,,,,,,,,,,,,,,,,,,,,,,,,,,,,,,,,,,,,,,,,,,,,,,,,,,,,,,,,,,,,35-44,Male,,Bachelor's degree,,Asian,,3,0.830663021
R_3VDq3z6nvDtWHHr,Financial Advisor,,,,,,,,,,,,,,,,,,,,,,,,,,,,,,,,,,,,,,,,,,,,,,,,,,,,,,,,,,,,,,,,,,,,,,,,,,,,,,,,,,,,,,,,,,,,,,,,,,,,,,,,,,,,,,,,,,,,,,,,,,,,,,,,,,,,,,,,,,,,,,,,,,,,,,,,,,,,,,,,,,,,,,,,,,,,,,,,,,,,,,,,,,,,,,,,,,,,,,,,,,,,,,,,,,,,,,,,,,,,,,,,,,,,,,,,,,,,,,,,,,,,,,,,,,,,,,,,,,,,,,,,,,,,,,,,,,,,,,,,,,,,,,,,,,,,,,,,,,,,,,,,,,,,,,,,,,,,,,,,,,,,,,,,,,,,,,9,52,40,14,57,56,18,11,12,1,53,30,15,54,46,30,60,42,52,51,37,47,15,9,44,25,7,64,34,64,4,75,8,14,51,69,24,9,60,34,4,4,2,46,43,13,54,21,25,32,20,57,36,48,37,60,27,6,42,13,21,19,47,71,22,2,16,42,3,47,30,0,1,1,26,41,73,33,76,2,2,18,40,22,39,26,55,10,50,27,3,1,40,10,4,38,26,53,47,7,5,8,1,41,25,33,47,5,1,62,51,4,27,54,53,49,13,10,1,49,21,9,34,18,44,41,61,48,6,2,40,1,7,7,49,13,60,13,18,79,62,16,28,43,8,1,3,80,8,32,13,34,53,11,1,15,63,5,100,72,60,14,8,59,59,1,6,,,,,,,,,,,,,,,,,,,,,,,,,,,,,,,,,,,,,,,,,,,,,,,,,,,,,,,,,,,,,,,,,,,,,,,,,,,,,,,,,,,,,,,,,,,,,,,,,,,,,,,,,,,,,,,,,,,,,,,,,,,,,,,,,,,,,,,,,,,,,,,,,,,,,,,,,,,,,,,,,,,,,,,,,,,,,,,,,,,,,,,,,,,,,,,,,,,,,,,,,,,,,,,,,,,,,,,,,,,,,,,,,,,,,,,,,,,,,,,,,,,,,,,,,,,,,,,,,,,,,,,,,,,,,,,,,,,,,,,,,,,,,,,,,,,,,,,,,,,,,,,,,,,,,,,,,,,,,,,,,,,,,,,,,,,,,,,,,,,,,,,,,,,,,,,,,,,,,,,,,,,,,,,,,,,,,,,,,,,,,,,,,,,,,,,,,,,,,,,,,,,,,,,,,,,,,,,,,,,,,,,,,,,,,,,,,,,,,,,,,,,,,,,,,,,,,,,,,,,,,,,,,,,,,,,,,,,,,,,,,,,,,,,,,,,,,,,,,,18-24,Female,,Bachelor's degree,,Asian,,3,0.374470796
R_1Xif1B0oXjlBYcy,Retail Sales Associate,,,,,,,,,,,,,,,,,,,,,,,,,,,,,,,,,,,,,,,,,,,,,,,,,,,,,,,,,,,,,,,,,,,,,,,,,,,,,,,,,,,,,,,,,,,,,,,,,,,,,,,,,,,,,,,,,,,,,,,,,,,,,,,,,,,,,,,,,,,,,,,,,,,,,,,,,,,,,,,,,,,,,,,,,,,,,,,,,,,,,,,,,,,,,,,,,,,,,,,,,,,,,,,,,,,,,,,,,,,,,,,,,,,,,,,,,,,,,,,,,,,,,,,,,,,,,,,,,,,,,,,,,,,,,,,,,,,,,,,,,,,,,,,,,,,,,,,,,,,,,,,,,,,,,,,,,,,,,,,,,,,,,,,,,,,,,,,,,,,,,,,,,,,,,,,,,,,,,,,,,,,,,,,,,,,,,,,,,,,,,,,,,,,,,,,,,,,,,,,,,,,,,,,,,,,,,,,,,,,,,,,,,,,,,,,,,,,,,,,,,,,,,,,,,,,,,,,,,,,,,,,,,,,,,,,,,,,,,,,,,,,,,,,,,,,,,,,,,,,,,,,,,,,,,,,,,,,,,,,,,,,,,,,,,,,,,,,,,,,,,,,,,,,,,,,,,,,,,,,,,,,,,,,,,,,,,,,,,,,,,,,,,,,,,,,,,,,,,,,,,,,,,,,,,,,,,,,,,,,,,,,,,,,,,,,,,,,,,,,,,,,,,,,,,,,,,,,,,,,,,,,,,,,,,,,,,,,,,,,,,,,,,,,,,,,,,,,,,,,,,,,,,,,,,,,,,,,,,,,,,,,,,,,,,,,,,,,,,,,,,,,,,,,,,,,,,,,,,,,,,,,,,,,,,,,,,,,,,,,,,,,,,,,,,,,,,,,,,,,,,,,,,,,,,,,,,,,,,,,,,,,,,,,,,,,,81,65,62,78,74,50,76,43,65,58,70,57,57,80,64,75,62,68,66,72,70,71,74,78,69,69,64,72,68,72,64,64,59,61,80,68,59,56,77,60,74,55,57,71,62,54,73,74,65,68,79,57,49,72,58,72,58,62,77,59,68,61,70,81,62,74,76,65,71,66,62,69,78,59,62,49,68,65,82,59,56,65,74,76,63,65,68,67,64,68,48,66,66,72,71,84,54,63,77,62,46,60,74,67,66,64,57,68,57,70,68,58,64,68,72,70,75,54,70,52,85,65,70,67,68,71,60,75,72,54,76,59,56,60,74,76,78,54,58,59,64,60,65,51,54,74,72,66,69,61,70,52,73,61,62,62,53,78,68,74,58,65,71,61,60,60,45-54,Female,,Bachelor's degree,,White / Caucasian,,6,0.772858162
R_5f6PC5dDvO6XtXz,Retail Sales Associate,,,,,,,,,,,,,,,,,,,,,,,,,,,,,,,,,,,,,,,,,,,,,,,,,,,,,,,,,,,,,,,,,,,,,,,,,,,,,,,,,,,,,,,,,,,,,,,,,,,,,,,,,,,,,,,,,,,,,,,,,,,,,,,,,,,,,,,,,,,,,,,,,,,,,,,,,,,,,,,,,,,,,,,,,,,,,,,,,,,,,,,,,,,,,,,,,,,,,,,,,,,,,,,,,,,,,,,,,,,,,,,,,,,,,,,,,,,,,,,,,,,,,,,,,,,,,,,,,,,,,,,,,,,,,,,,,,,,,,,,,,,,,,,,,,,,,,,,,,,,,,,,,,,,,,,,,,,,,,,,,,,,,,,,,,,,,,,,,,,,,,,,,,,,,,,,,,,,,,,,,,,,,,,,,,,,,,,,,,,,,,,,,,,,,,,,,,,,,,,,,,,,,,,,,,,,,,,,,,,,,,,,,,,,,,,,,,,,,,,,,,,,,,,,,,,,,,,,,,,,,,,,,,,,,,,,,,,,,,,,,,,,,,,,,,,,,,,,,,,,,,,,,,,,,,,,,,,,,,,,,,,,,,,,,,,,,,,,,,,,,,,,,,,,,,,,,,,,,,,,,,,,,,,,,,,,,,,,,,,,,,,,,,,,,,,,,,,,,,,,,,,,,,,,,,,,,,,,,,,,,,,,,,,,,,,,,,,,,,,,,,,,,,,,,,,,,,,,,,,,,,,,,,,,81,0,100,1,49,10,54,53,58,1,61,44,1,38,54,100,100,72,25,46,87,79,29,3,1,41,40,92,1,46,28,64,36,79,77,7,53,98,81,87,88,51,7,52,7,88,11,6,11,79,82,60,1,11,30,82,67,42,1,91,55,3,3,17,44,54,1,64,1,65,1,65,71,79,75,0,25,97,99,71,1,35,4,78,5,70,16,100,8,13,98,2,64,24,71,49,94,41,100,20,40,46,42,10,66,56,21,78,87,87,61,48,84,44,0,62,7,45,45,71,76,7,65,0,1,1,2,78,31,100,68,71,1,31,90,100,10,65,43,80,55,74,48,48,66,5,5,53,63,60,89,66,14,79,1,66,33,13,47,86,69,54,6,0,,,,,,,,,,,,,,,,,,,,,,,,,,,,,,,,,,,,,,,,,,,,,,,,,,,,,,,,,,,,,,,,,,,,,,,,,,,,,,,,,,,,,,,,,,,,,,,,,,,,,,,,,,,,,,,,,,,,,,,,,,,,,,,,,,,,,,,,,,,,,,,,,,,,,,,,,,,,,,,,,,,,,,,35-44,Female,,High school graduate,,Hispanic or Latino,,5,0.740004022
R_5zZNQ4VkdNfekrn,Risk Analyst,,,,,,,,,,,,,,,,,,,,,,,,,,,,,,,,,,,,,,,,,,,,,,,,,,,,,,,,,,,,,,,,,,,,,,,,,,,,,,,,,,,,,,,,,,,,,,,,,,,,,,,,,,,,,,,,,,,,,,,,,,,,,,,,,,,,,,,,,,,,,,,,,,,,,,,,,,,,,,,,,,,,,,,,,,,,,,,,,,,,,,,,,,,,,,,,,,,,,,,,,,,,,,,,,,,,,,,,,,,,,,,,,,,,,,,,,,,,,,,,,,,,,,,,,,,,,,,,,,,,,,,,,,,,,,,,,,,,,,,,,,,,,,,,,,,,,,,,,,,,,,,,,,,,,,,,,,,,,,,,,,,,,,,,,,,,,,80,50,100,60,100,100,100,100,100,50,100,70,100,100,100,100,100,100,100,100,70,100,100,40,50,100,50,100,50,100,100,50,80,90,100,100,50,50,100,40,50,40,30,100,100,100,70,100,30,100,100,100,50,100,50,100,100,100,80,50,60,50,100,100,70,80,100,100,100,100,20,80,30,100,100,50,100,100,100,30,50,70,100,70,100,100,40,100,100,100,50,20,100,100,100,100,40,100,20,100,100,100,100,100,80,90,80,100,50,100,100,21,100,100,100,100,40,100,100,100,100,30,100,100,100,100,100,100,100,100,100,30,100,40,100,100,80,60,100,100,70,100,100,100,100,50,50,100,30,100,50,30,100,100,80,100,80,20,100,100,100,100,100,100,100,61,100,,,,,,,,,,,,,,,,,,,,,,,,,,,,,,,,,,,,,,,,,,,,,,,,,,,,,,,,,,,,,,,,,,,,,,,,,,,,,,,,,,,,,,,,,,,,,,,,,,,,,,,,,,,,,,,,,,,,,,,,,,,,,,,,,,,,,,,,,,,,,,,,,,,,,,,,,,,,,,,,,,,,,,,,,,,,,,,,,,,,,,,,,,,,,,,,,,,,,,,,,,,,,,,,,,,,,,,,,,,,,,,,,,,,,,,,,,,,,,,,,,,,,,,,,,,,,,,,,,,,,,,,,,,,,,,,,,,,,,,,,,,,,,,,,,,,,,,,,,,,,,,,,,,,,,,,,,,,,,,,,,,,,,,,,,,,,,,,,,,,,,,,,,,,,,,,,,,,,,,,,,,,,,,,,,,,,,,,,,,,,,,,,,,,,,,,,,,,,,,,,,,,,,,,,,,,,,,,,,,,,,,,,,,,,,,,,,,,,,,,,,,,,,,,,,,,,,,,,,,,,,,,,,,,,,,,,,,,,,,,,,,,,,,,,,,,,,,,,,18-24,Female,,Bachelor's degree,,White / Caucasian,,3,0.813833569
R_70wFWD4NKxsgssV,Financial Advisor,,,,,,,,,,,,,,,,,,,,,,,,,,,,,,,,,,,,,,,,,,,,,,,,,,,,,,,,,,,,,,,,,,,,,,,,,,,,,,,,,,,,,,,,,,,,,,,,,,,,,,,,,,,,,,,,,,,,,,,,,,,,,,,,,,,,,,,,,,,,,,,,,,,,,,,,,,,,,,,,,,,,,,,,,,,,,,,,,,,,,,,,,,,,,,,,,,,,,,,,,,,,,,,,,,,,,,,,,,,,,,,,,,,,,,,,,,,,,,,,,,,,,,,,,,,,,,,,,,,,,,,,,,,,,,,,,,,,,,,,,,,,,,,,,,,,,,,,,,,,,,,,,,,,,,,,,,,,,,,,,,,,,,,,,,,,,,65,85,100,90,100,90,50,100,95,85,95,100,100,100,95,95,95,95,95,95,100,95,50,85,90,95,95,100,95,90,100,50,85,100,90,50,65,100,100,95,94,100,50,95,100,95,95,95,90,95,100,50,100,100,95,100,100,95,85,95,50,50,90,95,100,100,100,100,50,95,95,85,5,95,95,100,100,100,95,5,95,90,95,95,95,100,95,95,95,100,65,5,100,49,95,95,95,85,95,95,85,90,95,100,100,100,95,100,90,85,100,50,95,95,95,50,100,95,90,100,95,94,95,95,100,95,65,100,95,95,95,50,95,90,95,95,95,90,100,95,100,95,95,95,95,95,100,96,95,95,100,95,85,95,90,95,95,5,90,100,90,95,100,95,65,5,95,,,,,,,,,,,,,,,,,,,,,,,,,,,,,,,,,,,,,,,,,,,,,,,,,,,,,,,,,,,,,,,,,,,,,,,,,,,,,,,,,,,,,,,,,,,,,,,,,,,,,,,,,,,,,,,,,,,,,,,,,,,,,,,,,,,,,,,,,,,,,,,,,,,,,,,,,,,,,,,,,,,,,,,,,,,,,,,,,,,,,,,,,,,,,,,,,,,,,,,,,,,,,,,,,,,,,,,,,,,,,,,,,,,,,,,,,,,,,,,,,,,,,,,,,,,,,,,,,,,,,,,,,,,,,,,,,,,,,,,,,,,,,,,,,,,,,,,,,,,,,,,,,,,,,,,,,,,,,,,,,,,,,,,,,,,,,,,,,,,,,,,,,,,,,,,,,,,,,,,,,,,,,,,,,,,,,,,,,,,,,,,,,,,,,,,,,,,,,,,,,,,,,,,,,,,,,,,,,,,,,,,,,,,,,,,,,,,,,,,,,,,,,,,,,,,,,,,,,,,,,,,,,,,,,,,,,,,,,,,,,,,,,,,,,,,,,,,,,,45-54,Female,,Associate's degree,Associates Degree,White / Caucasian,,3,0.841525539
R_7OothyC1JhWEmWu,Financial Advisor,,,,,,,,,,,,,,,,,,,,,,,,,,,,,,,,,,,,,,,,,,,,,,,,,,,,,,,,,,,,,,,,,,,,,,,,,,,,,,,,,,,,,,,,,,,,,,,,,,,,,,,,,,,,,,,,,,,,,,,,,,,,,,,,,,,,,,,,,,,,,,,,,,,,,,,,,,,,,,,,,,,,,,,,56,50,91,85,81,95,93,50,93,96,34,88,74,93,54,83,93,84,77,94,95,63,77,97,62,68,93,82,86,66,11,80,70,77,94,57,89,96,88,52,82,24,95,96,44,97,90,58,82,82,94,0,30,72,42,95,70,93,73,81,94,96,69,42,36,91,59,97,95,34,93,82,73,5,22,95,96,57,42,95,19,37,14,50,66,94,57,95,91,92,71,76,88,81,94,90,15,61,24,77,23,88,97,93,90,88,89,91,94,92,47,92,19,96,95,0,92,95,73,50,17,27,71,47,91,80,91,81,86,75,71,88,94,31,97,93,17,87,96,94,69,19,14,96,79,90,95,92,70,75,91,63,62,41,79,83,19,66,75,82,93,86,83,0,85,70,,,,,,,,,,,,,,,,,,,,,,,,,,,,,,,,,,,,,,,,,,,,,,,,,,,,,,,,,,,,,,,,,,,,,,,,,,,,,,,,,,,,,,,,,,,,,,,,,,,,,,,,,,,,,,,,,,,,,,,,,,,,,,,,,,,,,,,,,,,,,,,,,,,,,,,,,,,,,,,,,,,,,,,,,,,,,,,,,,,,,,,,,,,,,,,,,,,,,,,,,,,,,,,,,,,,,,,,,,,,,,,,,,,,,,,,,,,,,,,,,,,,,,,,,,,,,,,,,,,,,,,,,,,,,,,,,,,,,,,,,,,,,,,,,,,,,,,,,,,,,,,,,,,,,,,,,,,,,,,,,,,,,,,,,,,,,,,,,,,,,,,,,,,,,,,,,,,,,,,,,,,,,,,,,,,,,,,,,,,,,,,,,,,,,,,,,,,,,,,,,,,,,,,,,,,,,,,,,,,,,,,,,,,,,,,,,,,,,,,,,,,,,,,,,,,,,,,,,,,,,,,,,,,,,,,,,,,,,,,,,,,,,,,,,,,,,,,,,,,,,,,,,,,,,,,,,,,,,,,,,,,,,,,,,,,,,,,,,,,,,,,,,,,,,,,,,,,,,,,,,,,,,,,,,,,,,,,,,,,,,,,,,,,,,,,,,,,,,,,,,,,,,,,,,,,,,,,,,,,,,,,,,,,,,,,,,,,,,,,,,,,,,,,,,,,,,,,,,,,,,,,,,45-54,Male,,Bachelor's degree,,White / Caucasian,,2,0.756143449
R_33dtGaFA3rrtQto,Inventory Manager,,,,,,,,,,,,,,,,,,,,,,,,,,,,,,,,,,,,,,,,,,,,,,,,,,,,,,,,,,,,,,,,,,,,,,,,,,,,,,,,,,,,,,,,,,,,,,,,,,,,,,,,,,,,,,,,,,,,,,,,,,,,,,,,,,,,,,,,,,,,,,,,,,,,,,,,,,,,,,,,,,,,,,,,,,,,,,,,,,,,,,,,,,,,,,,,,,,,,,,,,,,,,,,,,,,,,,,,,,,,,,,,,,,,,,,,,,,,,,,,,,,,,,,,,,,,,,,,,,,,,,,,,,,,,,,,,,,,,,,,,,,,,,,,,,,,,,,,,,,,,,,,,,,,,,,,,,,,,,,,,,,,,,,,,,,,,,,,,,,,,,,,,,,,,,,,,,,,,,,,,,,,,,,,,,,,,,,,,,,,,,,,,,,,,,,,,,,,,,,,,,,,,,,,,,,,,,,,,,,,,,,,,,,,,,,,,,,,,,,,,,,,,,,,,,,,,,,,,,,,,,,,,,,,,,,,,,,,,,,,,,,,,,,,,,,,,,,,,,,,,50,76,26,61,59,56,53,69,64,52,54,54,68,49,45,51,47,58,53,74,52,59,55,48,22,57,45,58,67,72,20,71,79,64,76,53,51,35,59,50,53,57,35,56,48,47,65,43,79,54,25,47,61,77,55,48,63,49,58,72,65,46,91,56,46,67,29,55,87,52,78,51,33,66,84,63,51,58,64,82,56,58,30,53,47,55,48,74,49,49,51,56,73,56,53,39,57,49,33,64,53,52,56,66,49,77,31,55,51,62,57,70,56,50,49,36,70,53,58,48,61,52,53,49,51,83,56,44,45,55,82,82,24,65,56,65,50,53,75,62,57,57,37,64,66,67,32,88,53,62,82,44,66,75,53,74,56,50,36,57,56,76,52,58,57,57,57,,,,,,,,,,,,,,,,,,,,,,,,,,,,,,,,,,,,,,,,,,,,,,,,,,,,,,,,,,,,,,,,,,,,,,,,,,,,,,,,,,,,,,,,,,,,,,,,,,,,,,,,,,,,,,,,,,,,,,,,,,,,,,,,,,,,,,,,,,,,,,,,,,,,,,,,,,,,,,,,,,,,,,,,,,,,,,,,,,,,,,,,,,,,,,,,,,,,,,,,,,,,,,,,,,,,,,,,,,,,,,,,,,,,,,,,,,,,,,,,,,,,,,,,,,,,,,,,,,,,,,,,,,,,,,,,,,,,,,,,,,,,,,,,,,,,,,,,,,,,,,,,,,,,,,,,,,,,,,,,,,,,,,,,,,,55-64,Female,,Some college,,White / Caucasian,,4,0.907008517
R_3MtJqX8mLFzpO37,Inventory Manager,,,,,,,,,,,,,,,,,,,,,,,,,,,,,,,,,,,,,,,,,,,,,,,,,,,,,,,,,,,,,,,,,,,,,,,,,,,,,,,,,,,,,,,,,,,,,,,,,,,,,,,,,,,,,,,,,,,,,,,,,,,,,,,,,,,,,,,,,,,,,,,,,,,,,,,,,,,,,,,,,,,,,,,,,,,,,,,,,,,,,,,,,,,,,,,,,,,,,,,,,,,,,,,,,,,,,,,,,,,,,,,,,,,,,,,,,,,,,,,,,,,,,,,,,,,,,,,,,,,,,,,,,,,,,,,,,,,,,,,,,,,,,,,,,,,,,,,,,,,,,,,,,,,,,,,,,,,,,,,,,,,,,,,,,,,,,,,,,,,,,,,,,,,,,,,,,,,,,,,,,,,,,,,,,,,,,,,,,,,,,,,,,,,,,,,,,,,,,,,,,,,,,,,,,,,,,,,,,,,,,,,,,,,,,,,,,,,,,,,,,,,,,,,,,,,,,,,,,,,,,,,,,,,,,,,,,,,,,,,,,,,,,,,,,,,,,,,,,,,,,75,75,60,75,75,75,75,75,75,75,75,75,75,75,60,60,75,75,75,75,75,75,75,75,75,75,75,75,75,75,75,75,75,75,75,75,75,50,75,75,75,75,50,75,60,75,75,75,75,75,50,75,75,75,75,75,75,75,75,75,75,75,75,75,75,75,75,50,75,75,75,75,75,60,75,75,75,75,75,75,75,75,50,75,60,75,75,75,75,50,75,75,60,75,75,75,75,60,60,75,75,75,75,75,75,75,75,75,75,75,75,75,75,75,75,75,75,75,75,60,75,75,75,75,75,75,75,75,75,75,75,75,75,75,75,75,75,75,75,75,75,75,60,75,75,75,50,75,75,75,75,75,60,75,75,75,75,75,60,75,75,75,75,75,75,75,75,,,,,,,,,,,,,,,,,,,,,,,,,,,,,,,,,,,,,,,,,,,,,,,,,,,,,,,,,,,,,,,,,,,,,,,,,,,,,,,,,,,,,,,,,,,,,,,,,,,,,,,,,,,,,,,,,,,,,,,,,,,,,,,,,,,,,,,,,,,,,,,,,,,,,,,,,,,,,,,,,,,,,,,,,,,,,,,,,,,,,,,,,,,,,,,,,,,,,,,,,,,,,,,,,,,,,,,,,,,,,,,,,,,,,,,,,,,,,,,,,,,,,,,,,,,,,,,,,,,,,,,,,,,,,,,,,,,,,,,,,,,,,,,,,,,,,,,,,,,,,,,,,,,,,,,,,,,,,,,,,,,,,,,,,,,55-64,Female,,Graduate degree,,White / Caucasian,,4,1
R_6PB5IcMhLArQAPX,Inventory Manager,,,,,,,,,,,,,,,,,,,,,,,,,,,,,,,,,,,,,,,,,,,,,,,,,,,,,,,,,,,,,,,,,,,,,,,,,,,,,,,,,,,,,,,,,,,,,,,,,,,,,,,,,,,,,,,,,,,,,,,,,,,,,,,,,,,,,,,,,,,,,,,,,,,,,,,,,,,,,,,,,,,,,,,,,,,,,,,,,,,,,,,,,,,,,,,,,,,,,,,,,,,,,,,,,,,,,,,,,,,,,,,,,,,,,,,,,,,,,,,,,,,,,,,,,,,,,,,,,,,,,,,,,,,,,,,,,,,,,,,,,,,,,,,,,,,,,,,,,,,,,,,,,,,,,,,,,,,,,,,,,,,,,,,,,,,,,,,,,,,,,,,,,,,,,,,,,,,,,,,,,,,,,,,,,,,,,,,,,,,,,,,,,,,,,,,,,,,,,,,,,,,,,,,,,,,,,,,,,,,,,,,,,,,,,,,,,,,,,,,,,,,,,,,,,,,,,,,,,,,,,,,,,,,,,,,,,,,,,,,,,,,,,,,,,,,,,,,,,,,,,,,,,,,,,,,,,,,,,,,,,,,,,,,,,,,,,,,,,,,,,,,,,,,,,,,,,,,,,,,,,,,,,,,,,,,,,,,,,,,,,,,,,,,,,,,,,,,,,,,,,,,,,,,,,,,,,,,,,,,,,,,,,,,,,,,,,,,,,,,,,,,,,,,,,,,,,,,,,,,,,,,,,,,,,,,,,,,,,,,,,,,,,,,,,,,,,,,,,,,,,,,,,,,,,,,,,,,,,,,,,,,,,,,,,,,,,,,,,,,,,,,,,,,,,,,,,,,,,,,,,,,,,,,,,,,,,,,,,,,,,,,,,,,,,,,,,,,,,,,,,,,,,,,,,,,,,,,,,,,,,,,,,,,,,,,,41,54,34,17,21,76,42,73,71,49,43,37,44,32,32,26,18,41,83,12,38,45,52,10,4,18,60,53,69,3,54,34,59,38,7,61,75,57,61,76,23,76,78,45,36,89,8,58,56,52,46,21,61,42,36,35,57,61,48,39,37,9,39,36,55,49,10,53,7,10,24,9,38,43,42,68,49,58,50,63,57,18,2,63,44,9,41,23,16,88,70,58,28,51,59,50,96,40,39,16,67,40,6,28,28,38,41,47,64,58,4,64,27,48,45,65,32,43,19,82,39,43,48,73,35,51,13,51,53,50,36,64,77,44,56,33,20,53,72,80,56,59,74,83,8,39,62,10,46,37,35,71,57,21,84,77,73,3,33,39,63,27,54,35,59,58,25-34,Female,,Bachelor's degree,,Hispanic or Latino,,6,0.729301814
R_3ZX8yzYOIktzzAl,Financial Advisor,,,,,,,,,,,,,,,,,,,,,,,,,,,,,,,,,,,,,,,,,,,,,,,,,,,,,,,,,,,,,,,,,,,,,,,,,,,,,,,,,,,,,,,,,,,,,,,,,,,,,,,,,,,,,,,,,,,,,,,,,,,,,,,,,,,,,,,,,,,,,,,,,,,,,,,,,,,,,,,,,,,,,,,,100,100,100,100,100,100,100,100,100,100,100,100,100,100,100,100,100,100,100,100,100,100,100,100,100,100,100,100,100,100,100,100,100,100,100,100,100,100,100,100,100,100,100,100,100,100,100,100,100,100,100,0,100,100,100,100,100,100,100,100,100,100,100,100,100,100,100,100,100,100,100,100,100,100,100,100,100,100,100,100,100,100,100,100,100,100,100,100,100,100,100,100,100,100,100,100,100,100,100,100,100,100,100,100,100,100,100,100,100,100,100,100,100,100,100,0,100,100,100,100,100,100,100,100,100,100,100,100,100,100,100,100,100,100,100,100,100,100,100,100,100,100,100,100,100,100,100,100,100,100,100,100,100,100,100,100,100,100,100,100,100,100,100,0,100,100,,,,,,,,,,,,,,,,,,,,,,,,,,,,,,,,,,,,,,,,,,,,,,,,,,,,,,,,,,,,,,,,,,,,,,,,,,,,,,,,,,,,,,,,,,,,,,,,,,,,,,,,,,,,,,,,,,,,,,,,,,,,,,,,,,,,,,,,,,,,,,,,,,,,,,,,,,,,,,,,,,,,,,,,,,,,,,,,,,,,,,,,,,,,,,,,,,,,,,,,,,,,,,,,,,,,,,,,,,,,,,,,,,,,,,,,,,,,,,,,,,,,,,,,,,,,,,,,,,,,,,,,,,,,,,,,,,,,,,,,,,,,,,,,,,,,,,,,,,,,,,,,,,,,,,,,,,,,,,,,,,,,,,,,,,,,,,,,,,,,,,,,,,,,,,,,,,,,,,,,,,,,,,,,,,,,,,,,,,,,,,,,,,,,,,,,,,,,,,,,,,,,,,,,,,,,,,,,,,,,,,,,,,,,,,,,,,,,,,,,,,,,,,,,,,,,,,,,,,,,,,,,,,,,,,,,,,,,,,,,,,,,,,,,,,,,,,,,,,,,,,,,,,,,,,,,,,,,,,,,,,,,,,,,,,,,,,,,,,,,,,,,,,,,,,,,,,,,,,,,,,,,,,,,,,,,,,,,,,,,,,,,,,,,,,,,,,,,,,,,,,,,,,,,,,,,,,,,,,,,,,,,,,,,,,,,,,,,,,,,,,,,,,,,,,,,,,,,,,,,,,,,,65 or above,Female,,Some college,,White / Caucasian,,2,1
R_7OCrBZ6wCadmzqg,Inventory Manager,,,,,,,,,,,,,,,,,,,,,,,,,,,,,,,,,,,,,,,,,,,,,,,,,,,,,,,,,,,,,,,,,,,,,,,,,,,,,,,,,,,,,,,,,,,,,,,,,,,,,,,,,,,,,,,,,,,,,,,,,,,,,,,,,,,,,,,,,,,,,,,,,,,,,,,,,,,,,,,,,,,,,,,,,,,,,,,,,,,,,,,,,,,,,,,,,,,,,,,,,,,,,,,,,,,,,,,,,,,,,,,,,,,,,,,,,,,,,,,,,,,,,,,,,,,,,,,,,,,,,,,,,,,,,,,,,,,,,,,,,,,,,,,,,,,,,,,,,,,,,,,,,,,,,,,,,,,,,,,,,,,,,,,,,,,,,,,,,,,,,,,,,,,,,,,,,,,,,,,,,,,,,,,,,,,,,,,,,,,,,,,,,,,,,,,,,,,,,,,,,,,,,,,,,,,,,,,,,,,,,,,,,,,,,,,,,,,,,,,,,,,,,,,,,,,,,,,,,,,,,,,,,,,,,,,,,,,,,,,,,,,,,,,,,,,,,,,,,,,,,75,75,65,75,75,75,75,75,70,70,75,75,75,75,25,75,75,70,75,75,75,75,75,75,75,70,75,75,75,75,70,75,75,75,75,70,65,70,75,65,75,75,75,75,70,65,75,70,75,75,75,75,75,75,75,51,75,70,75,70,75,65,75,75,70,75,65,75,75,75,75,75,65,75,75,70,75,75,75,75,75,75,70,74,50,75,75,75,70,65,75,75,75,75,75,75,75,75,70,75,75,75,75,75,66,75,75,75,75,75,75,70,66,75,75,65,75,75,70,70,75,75,75,70,70,75,75,70,70,75,70,75,75,75,75,75,75,70,70,75,75,71,75,75,75,70,75,75,75,75,75,70,75,75,70,75,75,75,75,75,75,75,75,70,65,75,75,,,,,,,,,,,,,,,,,,,,,,,,,,,,,,,,,,,,,,,,,,,,,,,,,,,,,,,,,,,,,,,,,,,,,,,,,,,,,,,,,,,,,,,,,,,,,,,,,,,,,,,,,,,,,,,,,,,,,,,,,,,,,,,,,,,,,,,,,,,,,,,,,,,,,,,,,,,,,,,,,,,,,,,,,,,,,,,,,,,,,,,,,,,,,,,,,,,,,,,,,,,,,,,,,,,,,,,,,,,,,,,,,,,,,,,,,,,,,,,,,,,,,,,,,,,,,,,,,,,,,,,,,,,,,,,,,,,,,,,,,,,,,,,,,,,,,,,,,,,,,,,,,,,,,,,,,,,,,,,,,,,,,,,,,,,65 or above,Male,,Some college,,White / Caucasian,,4,0.275211395
R_310dvQnvjVIk3Bv,Inventory Manager,,,,,,,,,,,,,,,,,,,,,,,,,,,,,,,,,,,,,,,,,,,,,,,,,,,,,,,,,,,,,,,,,,,,,,,,,,,,,,,,,,,,,,,,,,,,,,,,,,,,,,,,,,,,,,,,,,,,,,,,,,,,,,,,,,,,,,,,,,,,,,,,,,,,,,,,,,,,,,,,,,,,,,,,,,,,,,,,,,,,,,,,,,,,,,,,,,,,,,,,,,,,,,,,,,,,,,,,,,,,,,,,,,,,,,,,,,,,,,,,,,,,,,,,,,,,,,,,,,,,,,,,,,,,,,,,,,,,,,,,,,,,,,,,,,,,,,,,,,,,,,,,,,,,,,,,,,,,,,,,,,,,,,,,,,,,,,,,,,,,,,,,,,,,,,,,,,,,,,,,,,,,,,,,,,,,,,,,,,,,,,,,,,,,,,,,,,,,,,,,,,,,,,,,,,,,,,,,,,,,,,,,,,,,,,,,,,,,,,,,,,,,,,,,,,,,,,,,,,,,,,,,,,,,,,,,,,,,,,,,,,,,,,,,,,,,,,,,,,,,,,,,,,,,,,,,,,,,,,,,,,,,,,,,,,,,,,,,,,,,,,,,,,,,,,,,,,,,,,,,,,,,,,,,,,,,,,,,,,,,,,,,,,,,,,,,,,,,,,,,,,,,,,,,,,,,,,,,,,,,,,,,,,,,,,,,,,,,,,,,,,,,,,,,,,,,,,,,,,,,,,,,,,,,5,21,12,5,40,71,60,15,3,10,7,11,20,35,3,5,17,21,60,65,2,10,75,10,3,35,20,30,4,61,50,60,56,5,11,52,3,35,3,15,6,31,5,20,30,14,70,4,3,65,10,40,30,7,2,25,10,40,8,60,65,8,4,5,25,25,44,12,5,40,71,4,50,75,3,4,16,12,40,50,10,30,50,50,85,12,55,30,50,10,15,5,4,25,80,56,40,3,4,12,60,75,30,35,5,21,62,29,14,3,5,60,31,16,70,50,4,4,15,5,17,2,5,18,2,5,25,70,55,12,20,30,4,4,5,12,5,21,15,21,55,60,80,20,3,5,5,54,65,15,5,49,60,19,40,75,15,3,60,34,5,60,3,5,,,,,,,,,,,,,,,,,,,,,,,,,,,,,,,,,,,,,,,,,,,,,,,,,,,,,,,,,,,,,,,,,,,,,,,,,,,,,,,,,,,,,,,,,,,,,,,,,,,,,,,,,,,,,,,,,,,,,,,,,,,,,,,,,,,,,,,,,,,,,,,,,,,,,,,,,,,,,,,,,,,,,,,45-54,Female,,Bachelor's degree,,White / Caucasian,,5,0.752170823
R_3Hty4APUDCIQja5,Inventory Manager,,,,,,,,,,,,,,,,,,,,,,,,,,,,,,,,,,,,,,,,,,,,,,,,,,,,,,,,,,,,,,,,,,,,,,,,,,,,,,,,,,,,,,,,,,,,,,,,,,,,,,,,,,,,,,,,,,,,,,,,,,,,,,,,,,,,,,,,,,,,,,,,,,,,,,,,,,,,,,,,,,,,,,,,,,,,,,,,,,,,,,,,,,,,,,,,,,,,,,,,,,,,,,,,,,,,,,,,,,,,,,,,,,,,,,,,,,,,,,,,,,,,,,,,,,,,,,,,,,,,,,,,,,,,,,,,,,,,,,,,,,,,,,,,,,,,,,,,,,,,,,,,,,,,,,,,,,,,,,,,,,,,,,,,,,,,,,,,,,,,,,,,,,,,,,,,,,,,,,,,,,,,,,,,,,,,,,,,,,,,,,,,,,,,,,,,,,,,,,,,,,,,,,,,,,,,,,,,,,,,,,,,,,,,,,,,,,,,,,,,,,,,,,,,,,,,,,,,,,,,,,,,,,,,,,,,,,,,,,,,,,,,,,,,,,,,,,,,,,,,,,,,,,,,,,,,,,,,,,,,,,,,,,,,,,,,,,,,,,,,,,,,,,,,,,,,,,,,,,,,,,,,,,,,,,,,,,,,,,,,,,,,,,,,,,,,,,,,,,,,,,,,,,,,,,,,,,,,,,,,,,,,,,,,,,,,,,,,,,,,,,,,,,,,,,,,,,,,,,,,,,,,,,,,,,,,,,,,,,,,,,,,,,,,,,,,,,,,,,,,,,,,,,,,,,,,,,,,,,,,,,,,,,,,,,,,,,,,,,,,,,,,,,,,,,,,,,,,,,,,,,,,,,,,,,,,,,,,,,,,,,,,,,,,,,,,,,,,,,,,,,,,,,,,,,,,,,,,,,,,,,,,,,,,,,,,10,13,20,13,16,31,46,19,12,23,59,56,25,54,28,1,28,32,38,5,23,7,47,4,34,19,13,19,37,29,11,48,8,6,8,27,33,38,33,58,22,26,52,20,14,31,25,13,19,49,51,8,20,11,7,30,50,5,26,18,48,4,25,52,2,20,52,4,4,6,15,37,26,4,12,6,27,39,2,13,3,45,7,9,31,15,23,8,7,66,50,39,9,14,8,25,77,9,12,0,9,0,7,16,7,10,44,8,43,11,2,43,3,15,13,13,42,19,27,10,8,31,14,29,18,45,0,35,17,6,28,49,23,4,23,20,52,25,10,58,56,19,67,12,42,48,52,4,5,12,27,42,15,0,26,36,36,15,11,29,12,40,35,18,31,15,18-24,Female,,Some college,,Asian,,6,0.313029909
R_3PFcSfLnRkjJwVX,Financial Advisor,,,,,,,,,,,,,,,,,,,,,,,,,,,,,,,,,,,,,,,,,,,,,,,,,,,,,,,,,,,,,,,,,,,,,,,,,,,,,,,,,,,,,,,,,,,,,,,,,,,,,,,,,,,,,,,,,,,,,,,,,,,,,,,,,,,,,,,,,,,,,,,,,,,,,,,,,,,,,,,,,,,,,,,,,,,,,,,,,,,,,,,,,,,,,,,,,,,,,,,,,,,,,,,,,,,,,,,,,,,,,,,,,,,,,,,,,,,,,,,,,,,,,,,,,,,,,,,,,,,,,,,,,,,,,,,,,,,,,,,,,,,,,,,,,,,,,,,,,,,,,,,,,,,,,,,,,,,,,,,,,,,,,,,,,,,,,,,,,,,,,,,,,,,,,,,,,,,,,,,,,,,,,,,,,,,,,,,,,,,,,,,,,,,,,,,,,,,,,,,,,,,,,,,,,,,,,,,,,,,,,,,,,,,,,,,,,,,,,,,,,,,,,,,,,,,,,,,,,,,,,,,,,,,,,,,,,,,,,,,,,,,,,,,,,,,,,,,,,,,,,,,,,,,,,,,,,,,,,,,,,,,,,,,,,,,,,,,,,,,,,,,,,,,,,,,,,,,,,,,,,,,,,,,,,,,,,,,,,,,,,,,,,,,,,,,,,,,,,,,,,,,,,,,,,,,,,,,,,,,,,,,,,,,,,,,,,,,,,,,,,,,,,,,,,,,,,,,,,,,,,,,,,,,,,,,,,,,,,,,,,,,,,,,,,,,,,,,,,,,,,,,,,,,,,,,,,,,,,,,,,,,,,,,,,,,,,,,,,,,,,,,,,,,,,,,,,,,,,,,,,,,,,,,,,,,,,,,,,,,,,,,,,,,,,,,,,,,,,,,,,,,,,,,,,,,,,,,,,,,,,,,,,,,,,,,,64,81,84,71,72,87,60,74,77,74,76,75,89,86,83,62,64,88,81,68,76,74,84,73,61,87,76,80,73,66,83,70,76,67,64,84,67,68,82,63,90,75,74,75,81,73,51,79,85,84,81,78,65,78,56,83,81,76,79,75,82,55,72,91,82,76,60,84,62,79,61,78,72,77,77,55,68,80,79,66,74,74,65,80,84,53,86,55,70,71,73,67,81,73,78,88,72,65,82,84,80,51,60,73,79,65,82,66,77,84,57,77,54,68,69,64,59,66,78,73,69,85,75,72,85,83,73,88,81,75,76,82,84,60,84,66,83,72,72,78,65,80,84,88,73,80,75,55,76,80,78,66,69,58,65,76,71,71,54,65,76,81,71,72,81,82,45-54,Female,,Some college,,Black or African American,,6,0.542636752
R_538WDEIUIAPqsYK,Retail Sales Associate,,,,,,,,,,,,,,,,,,,,,,,,,,,,,,,,,,,,,,,,,,,,,,,,,,,,,,,,,,,,,,,,,,,,,,,,,,,,,,,,,,,,,,,,,,,,,,,,,,,,,,,,,,,,,,,,,,,,,,,,,,,,,,,,,,,,,,,,,,,,,,,,,,,,,,,,,,,,,,,,,,,,,,,,,,,,,,,,,,,,,,,,,,,,,,,,,,,,,,,,,,,,,,,,,,,,,,,,,,,,,,,,,,,,,,,,,,,,,,,,,,,,,,,,,,,,,,,,,,,,,,,,,,,,,,,,,,,,,,,,,,,,,,,,,,,,,,,,,,,,,,,,,,,,,,,,,,,,,,,,,,,,,,,,,,,,,,,,,,,,,,,,,,,,,,,,,,,,,,,,,,,,,,,,,,,,,,,,,,,,,,,,,,,,,,,,,,,,,,,,,,,,,,,,,,,,,,,,,,,,,,,,,,,,,,,,,,,,,,,,,,,,,,,,,,,,,,,,,,,,,,,,,,,,,,,,,,,,,,,,,,,,,,,,,,,,,,,,,,,,,,,,,,,,,,,,,,,,,,,,,,,,,,,,,,,,,,,,,,,,,,,,,,,,,,,,,,,,,,,,,,,,,,,,,,,,,,,,,,,,,,,,,,,,,,,,,,,,,,,,,,,,,,,,,,,,,,,,,,,,,,,,,,,,,,,,,,,,,,,,,,,,,,,,,,,,,,,,,,,,,,,,,,,,65,47,73,64,35,50,61,62,67,47,74,72,26,41,59,81,56,70,44,50,81,67,46,49,71,75,30,62,46,49,44,46,48,52,66,35,64,69,73,68,64,69,92,66,26,53,73,48,100,41,61,63,49,35,93,33,45,44,53,40,49,50,89,92,62,68,57,59,81,48,42,58,40,49,86,16,80,59,69,80,43,55,47,51,35,58,43,73,39,55,79,42,32,17,51,54,59,79,92,40,21,46,44,45,97,53,46,51,43,72,77,29,70,50,55,39,100,71,59,68,77,71,75,48,80,49,48,56,41,70,56,45,52,79,63,82,42,68,26,56,40,66,52,62,85,46,71,42,47,86,87,37,47,65,35,50,36,93,47,67,71,48,71,57,,,,,,,,,,,,,,,,,,,,,,,,,,,,,,,,,,,,,,,,,,,,,,,,,,,,,,,,,,,,,,,,,,,,,,,,,,,,,,,,,,,,,,,,,,,,,,,,,,,,,,,,,,,,,,,,,,,,,,,,,,,,,,,,,,,,,,,,,,,,,,,,,,,,,,,,,,,,,,,,,,,,,,,45-54,Male,,High school graduate,,White / Caucasian,,5,0.919852821
R_7ie7dXRoSGlbKCs,Inventory Manager,,,,,,,,,,,,,,,,,,,,,,,,,,,,,,,,,,,,,,,,,,,,,,,,,,,,,,,,,,,,,,,,,,,,,,,,,,,,,,,,,,,,,,,,,,,,,,,,,,,,,,,,,,,,,,,,,,,,,,,,,,,,,,,,,,,,,,,,,,,,,,,,,,,,,,,,,,,,,,,,,,,,,,,,54,42,98,77,79,90,76,82,65,53,74,96,42,73,61,78,68,92,95,89,85,59,73,90,70,86,37,89,76,73,45,96,78,87,96,87,93,98,83,48,94,57,98,92,72,75,68,67,72,97,80,0,52,71,55,93,91,99,92,73,58,72,73,45,75,56,68,91,51,80,72,47,89,35,75,95,92,58,52,89,42,56,95,71,69,60,56,89,52,76,65,62,69,90,82,78,46,62,65,63,87,94,97,83,86,71,59,89,77,95,62,51,64,83,59,0,91,99,50,69,81,46,70,58,61,93,76,59,95,88,86,55,71,49,51,90,46,65,89,68,41,92,81,98,96,79,97,74,53,87,52,58,54,82,88,69,45,62,80,92,90,81,65,0,53,81,,,,,,,,,,,,,,,,,,,,,,,,,,,,,,,,,,,,,,,,,,,,,,,,,,,,,,,,,,,,,,,,,,,,,,,,,,,,,,,,,,,,,,,,,,,,,,,,,,,,,,,,,,,,,,,,,,,,,,,,,,,,,,,,,,,,,,,,,,,,,,,,,,,,,,,,,,,,,,,,,,,,,,,,,,,,,,,,,,,,,,,,,,,,,,,,,,,,,,,,,,,,,,,,,,,,,,,,,,,,,,,,,,,,,,,,,,,,,,,,,,,,,,,,,,,,,,,,,,,,,,,,,,,,,,,,,,,,,,,,,,,,,,,,,,,,,,,,,,,,,,,,,,,,,,,,,,,,,,,,,,,,,,,,,,,,,,,,,,,,,,,,,,,,,,,,,,,,,,,,,,,,,,,,,,,,,,,,,,,,,,,,,,,,,,,,,,,,,,,,,,,,,,,,,,,,,,,,,,,,,,,,,,,,,,,,,,,,,,,,,,,,,,,,,,,,,,,,,,,,,,,,,,,,,,,,,,,,,,,,,,,,,,,,,,,,,,,,,,,,,,,,,,,,,,,,,,,,,,,,,,,,,,,,,,,,,,,,,,,,,,,,,,,,,,,,,,,,,,,,,,,,,,,,,,,,,,,,,,,,,,,,,,,,,,,,,,,,,,,,,,,,,,,,,,,,,,,,,,,,,,,,,,,,,,,,,,,,,,,,,,,,,,,,,,,,,,,,,,,,,,,,,45-54,Male,,Some college,,White / Caucasian,,2,0.83594517
R_1WWHvnACS0KtJi9,Risk Analyst,,,,,,,,,,,,,,,,,,,,,,,,,,,,,,,,,,,,,,,,,,,,,,,,,,,,,,,,,,,,,,,,,,,,,,,,,,,,,,,,,,,,,,,,,,,,,,,,,,,,,,,,,,,,,,,,,,,,,,,,,,,,,,,,,,,,,,,,,,,,,,,,,,,,,,,,,,,,,,,,,,,,,,,,,,,,,,,,,,,,,,,,,,,,,,,,,,,,,,,,,,,,,,,,,,,,,,,,,,,,,,,,,,,,,,,,,,,,,,,,,,,,,,,,,,,,,,,,,,,,,,,,,,,,,,,,,,,,,,,,,,,,,,,,,,,,,,,,,,,,,,,,,,,,,,,,,,,,,,,,,,,,,,,,,,,,,,30,35,95,25,90,90,50,75,40,30,75,85,40,75,51,80,50,40,60,95,40,40,50,30,25,95,50,50,50,75,60,40,50,25,55,41,60,85,75,40,40,35,40,40,30,30,90,25,85,50,25,65,30,81,85,50,60,50,65,35,60,25,85,50,50,40,40,50,50,40,90,25,30,25,55,50,60,85,45,30,50,50,45,80,50,90,90,65,30,75,50,30,45,30,25,85,80,31,30,50,75,26,45,50,90,75,65,81,90,85,85,40,75,40,60,30,60,25,25,35,55,90,50,50,80,95,50,80,75,40,40,75,30,80,45,61,90,70,65,50,51,50,55,50,45,35,50,55,90,50,25,41,85,40,51,60,85,15,75,60,85,30,40,85,85,75,50,,,,,,,,,,,,,,,,,,,,,,,,,,,,,,,,,,,,,,,,,,,,,,,,,,,,,,,,,,,,,,,,,,,,,,,,,,,,,,,,,,,,,,,,,,,,,,,,,,,,,,,,,,,,,,,,,,,,,,,,,,,,,,,,,,,,,,,,,,,,,,,,,,,,,,,,,,,,,,,,,,,,,,,,,,,,,,,,,,,,,,,,,,,,,,,,,,,,,,,,,,,,,,,,,,,,,,,,,,,,,,,,,,,,,,,,,,,,,,,,,,,,,,,,,,,,,,,,,,,,,,,,,,,,,,,,,,,,,,,,,,,,,,,,,,,,,,,,,,,,,,,,,,,,,,,,,,,,,,,,,,,,,,,,,,,,,,,,,,,,,,,,,,,,,,,,,,,,,,,,,,,,,,,,,,,,,,,,,,,,,,,,,,,,,,,,,,,,,,,,,,,,,,,,,,,,,,,,,,,,,,,,,,,,,,,,,,,,,,,,,,,,,,,,,,,,,,,,,,,,,,,,,,,,,,,,,,,,,,,,,,,,,,,,,,,,,,,,,,65 or above,Female,,Some college,,Black or African American,,3,0.66068525
R_3DwhFl8EHop2rEu,Risk Analyst,80,80,42,80,81,43,81,80,80,70,80,50,80,80,80,30,81,81,47,80,80,60,70,81,80,62,80,80,80,80,55,81,49,43,79,80,71,80,44,80,80,80,80,79,60,52,24,80,80,25,80,80,79,80,80,80,80,48,80,80,81,80,91,80,85,80,80,50,58,81,80,85,80,80,80,80,80,81,81,81,80,81,80,80,81,80,70,80,80,80,80,50,59,80,61,80,58,80,80,81,80,80,51,80,80,75,80,80,80,80,80,80,91,80,79,80,28,81,80,80,75,80,80,81,80,80,80,80,80,80,80,80,81,79,80,80,80,80,80,80,58,81,51,58,80,70,40,80,26,80,80,80,80,80,80,80,79,53,80,63,80,80,80,80,75,80,80,,,,,,,,,,,,,,,,,,,,,,,,,,,,,,,,,,,,,,,,,,,,,,,,,,,,,,,,,,,,,,,,,,,,,,,,,,,,,,,,,,,,,,,,,,,,,,,,,,,,,,,,,,,,,,,,,,,,,,,,,,,,,,,,,,,,,,,,,,,,,,,,,,,,,,,,,,,,,,,,,,,,,,,,,,,,,,,,,,,,,,,,,,,,,,,,,,,,,,,,,,,,,,,,,,,,,,,,,,,,,,,,,,,,,,,,,,,,,,,,,,,,,,,,,,,,,,,,,,,,,,,,,,,,,,,,,,,,,,,,,,,,,,,,,,,,,,,,,,,,,,,,,,,,,,,,,,,,,,,,,,,,,,,,,,,,,,,,,,,,,,,,,,,,,,,,,,,,,,,,,,,,,,,,,,,,,,,,,,,,,,,,,,,,,,,,,,,,,,,,,,,,,,,,,,,,,,,,,,,,,,,,,,,,,,,,,,,,,,,,,,,,,,,,,,,,,,,,,,,,,,,,,,,,,,,,,,,,,,,,,,,,,,,,,,,,,,,,,,,,,,,,,,,,,,,,,,,,,,,,,,,,,,,,,,,,,,,,,,,,,,,,,,,,,,,,,,,,,,,,,,,,,,,,,,,,,,,,,,,,,,,,,,,,,,,,,,,,,,,,,,,,,,,,,,,,,,,,,,,,,,,,,,,,,,,,,,,,,,,,,,,,,,,,,,,,,,,,,,,,,,,,,,,,,,,,,,,,,,,,,,,,,,,,,,,,,,,,,,,,,,,,,,,,,,,,,,,,,,,,,,,,,,,,,,,,,,,,,,,,,,,,,,,,,,,,,,,,,,,,,,,,,,,,,,,,,,,,,,,,,,,,,,,,,,,,,,,,,,,,,,,,,,,,,,,,,,,,,,,,,,,,,,,,,,,45-54,Female,,Bachelor's degree,,White / Caucasian,,1,0.750367092
R_5NFcYKbE0VqohaX,Risk Analyst,,,,,,,,,,,,,,,,,,,,,,,,,,,,,,,,,,,,,,,,,,,,,,,,,,,,,,,,,,,,,,,,,,,,,,,,,,,,,,,,,,,,,,,,,,,,,,,,,,,,,,,,,,,,,,,,,,,,,,,,,,,,,,,,,,,,,,,,,,,,,,,,,,,,,,,,,,,,,,,,,,,,,,,,,,,,,,,,,,,,,,,,,,,,,,,,,,,,,,,,,,,,,,,,,,,,,,,,,,,,,,,,,,,,,,,,,,,,,,,,,,,,,,,,,,,,,,,,,,,,,,,,,,,,,,,,,,,,,,,,,,,,,,,,,,,,,,,,,,,,,,,,,,,,,,,,,,,,,,,,,,,,,,,,,,,,,,,,,,,,,,,,,,,,,,,,,,,,,,,,,,,,,,,,,,,,,,,,,,,,,,,,,,,,,,,,,,,,,,,,,,,,,,,,,,,,,,,,,,,,,,,,,,,,,,,,,,,,,,,,,,,,,,,,,,,,,,,,,,,,,,,,,,,,,,,,,,,,,,,,,,,,,,,,,,,,,,,,,,,,,,,,,,,,,,,,,,,,,,,,,,,,,,,,,,,,,,,,,,,,,,,,,,,,,,,,,,,,,,,,,,,,,,,,,,,,,,,,,,,,,,,,,,,,,,,,,,,,,,,,,,,,,,,,,,,,,,,,,,,,,,,,,,,,,,,,,,,,,,,,,,,,,,,,,,,,,,,,,,,,,,,,,,,,,,,,,,,,,,,,,,,,,,,,,,,,,,,,,,,,,,,,,,,,,,,,,,,,,,,,,,,,,,,,,,,,,,,,,,,,,,,,,,,,,,,,,,,,,,,,,,,,,,,,,,,,,,,,,,,,,,,,,,,,,,,,,,,,,,,,,,,,,,,,,,,,,,,,,,,,,,,,,,,,,,,,18,52,64,19,84,87,20,95,55,89,61,6,92,95,5,4,26,82,98,95,50,26,64,7,9,58,93,89,95,9,76,91,23,14,9,84,77,96,95,85,87,97,37,28,55,93,14,65,45,35,91,15,93,94,9,88,62,64,91,19,31,86,70,9,18,90,66,87,7,72,9,32,27,89,95,73,36,49,71,94,31,85,8,68,58,12,22,11,5,95,95,27,8,99,79,94,100,36,80,14,68,10,2,73,35,76,53,63,97,91,62,86,28,10,42,24,22,74,57,96,91,47,70,95,69,91,5,63,90,82,51,95,91,69,96,84,50,93,91,93,91,82,95,93,59,89,10,90,81,16,13,94,68,12,85,95,89,10,43,3,99,54,59,96,94,98,35-44,Female,,Bachelor's degree,,White / Caucasian,,6,0.720110153
R_5VNNxeSRZSRUE2w,Retail Sales Associate,,,,,,,,,,,,,,,,,,,,,,,,,,,,,,,,,,,,,,,,,,,,,,,,,,,,,,,,,,,,,,,,,,,,,,,,,,,,,,,,,,,,,,,,,,,,,,,,,,,,,,,,,,,,,,,,,,,,,,,,,,,,,,,,,,,,,,,,,,,,,,,,,,,,,,,,,,,,,,,,,,,,,,,,,,,,,,,,,,,,,,,,,,,,,,,,,,,,,,,,,,,,,,,,,,,,,,,,,,,,,,,,,,,,,,,,,,,,,,,,,,,,,,,,,,,,,,,,,,,,,,,,,,,,,,,,,,,,,,,,,,,,,,,,,,,,,,,,,,,,,,,,,,,,,,,,,,,,,,,,,,,,,,,,,,,,,,,,,,,,,,,,,,,,,,,,,,,,,,,,,,,,,,,,,,,,,,,,,,,,,,,,,,,,,,,,,,,,,,,,,,,,,,,,,,,,,,,,,,,,,,,,,,,,,,,,,,,,,,,,,,,,,,,,,,,,,,,,,,,,,,,,,,,,,,,,,,,,,,,,,,,,,,,,,,,,,,,,,,,,,96,27,63,23,55,53,48,55,72,32,87,54,64,83,70,83,81,84,63,2,39,56,18,100,66,59,7,14,27,74,100,23,100,6,55,3,100,88,50,89,88,90,33,61,42,73,63,43,23,56,50,77,100,83,87,65,31,91,80,32,58,100,73,22,73,52,64,33,9,20,8,15,86,31,49,85,26,84,38,28,37,73,62,13,46,67,35,12,94,41,20,88,15,90,100,67,100,83,9,14,100,16,76,18,100,79,100,73,76,15,81,25,44,67,53,86,53,83,89,43,8,24,56,43,25,82,23,87,68,86,100,39,82,11,100,15,90,100,19,72,84,70,64,73,76,40,25,34,76,30,46,86,15,19,100,32,28,82,29,50,13,86,84,100,73,77,100,,,,,,,,,,,,,,,,,,,,,,,,,,,,,,,,,,,,,,,,,,,,,,,,,,,,,,,,,,,,,,,,,,,,,,,,,,,,,,,,,,,,,,,,,,,,,,,,,,,,,,,,,,,,,,,,,,,,,,,,,,,,,,,,,,,,,,,,,,,,,,,,,,,,,,,,,,,,,,,,,,,,,,,,,,,,,,,,,,,,,,,,,,,,,,,,,,,,,,,,,,,,,,,,,,,,,,,,,,,,,,,,,,,,,,,,,,,,,,,,,,,,,,,,,,,,,,,,,,,,,,,,,,,,,,,,,,,,,,,,,,,,,,,,,,,,,,,,,,,,,,,,,,,,,,,,,,,,,,,,,,,,,,,,,,,25-34,Female,,Bachelor's degree,,White / Caucasian,,4,0.700559632
R_5YbKOP7DgltY5x3,Risk Analyst,,,,,,,,,,,,,,,,,,,,,,,,,,,,,,,,,,,,,,,,,,,,,,,,,,,,,,,,,,,,,,,,,,,,,,,,,,,,,,,,,,,,,,,,,,,,,,,,,,,,,,,,,,,,,,,,,,,,,,,,,,,,,,,,,,,,,,,,,,,,,,,,,,,,,,,,,,,,,,,,,,,,,,,,86,85,78,87,94,94,95,85,74,83,84,99,95,96,81,100,95,90,92,91,87,73,99,75,78,93,74,55,67,92,85,81,87,97,98,93,97,92,78,95,90,92,83,75,93,89,91,85,91,85,96,90,92,85,83,98,71,99,100,82,84,99,97,68,90,92,86,95,88,88,96,94,93,90,100,79,93,87,73,79,100,77,94,96,95,84,91,88,80,93,92,88,99,79,70,68,70,91,88,89,94,84,83,79,57,99,70,52,92,87,50,84,62,93,62,10,74,92,77,89,99,61,99,90,87,76,92,80,58,89,97,90,69,81,65,96,85,84,94,98,92,75,91,95,98,86,95,90,88,98,91,63,96,74,96,82,98,90,93,70,86,97,84,49,91,99,,,,,,,,,,,,,,,,,,,,,,,,,,,,,,,,,,,,,,,,,,,,,,,,,,,,,,,,,,,,,,,,,,,,,,,,,,,,,,,,,,,,,,,,,,,,,,,,,,,,,,,,,,,,,,,,,,,,,,,,,,,,,,,,,,,,,,,,,,,,,,,,,,,,,,,,,,,,,,,,,,,,,,,,,,,,,,,,,,,,,,,,,,,,,,,,,,,,,,,,,,,,,,,,,,,,,,,,,,,,,,,,,,,,,,,,,,,,,,,,,,,,,,,,,,,,,,,,,,,,,,,,,,,,,,,,,,,,,,,,,,,,,,,,,,,,,,,,,,,,,,,,,,,,,,,,,,,,,,,,,,,,,,,,,,,,,,,,,,,,,,,,,,,,,,,,,,,,,,,,,,,,,,,,,,,,,,,,,,,,,,,,,,,,,,,,,,,,,,,,,,,,,,,,,,,,,,,,,,,,,,,,,,,,,,,,,,,,,,,,,,,,,,,,,,,,,,,,,,,,,,,,,,,,,,,,,,,,,,,,,,,,,,,,,,,,,,,,,,,,,,,,,,,,,,,,,,,,,,,,,,,,,,,,,,,,,,,,,,,,,,,,,,,,,,,,,,,,,,,,,,,,,,,,,,,,,,,,,,,,,,,,,,,,,,,,,,,,,,,,,,,,,,,,,,,,,,,,,,,,,,,,,,,,,,,,,,,,,,,,,,,,,,,,,,,,,,,,,,,,,,,,,25-34,Female,,Bachelor's degree,,Black or African American,,2,0.473305456
R_7cCIu9sx1rNjNcn,Risk Analyst,,,,,,,,,,,,,,,,,,,,,,,,,,,,,,,,,,,,,,,,,,,,,,,,,,,,,,,,,,,,,,,,,,,,,,,,,,,,,,,,,,,,,,,,,,,,,,,,,,,,,,,,,,,,,,,,,,,,,,,,,,,,,,,,,,,,,,,,,,,,,,,,,,,,,,,,,,,,,,,,,,,,,,,,77,43,77,65,52,63,81,60,73,70,64,62,59,69,34,67,58,83,71,80,73,75,74,87,73,70,52,79,68,63,28,66,78,75,72,72,79,73,66,67,70,51,71,60,40,80,80,57,66,75,75,2,40,70,72,77,79,73,75,73,84,49,70,48,73,63,55,77,65,74,77,74,57,74,63,75,61,84,29,78,76,78,67,78,77,76,46,77,80,73,31,81,87,76,62,68,79,78,22,72,37,63,89,32,63,70,71,72,70,64,41,65,33,65,80,46,69,75,75,82,53,52,74,41,76,87,67,74,78,66,74,68,55,32,73,81,30,48,85,71,48,74,42,87,77,71,82,71,58,68,70,88,38,73,79,75,75,71,29,76,65,68,70,25,80,77,,,,,,,,,,,,,,,,,,,,,,,,,,,,,,,,,,,,,,,,,,,,,,,,,,,,,,,,,,,,,,,,,,,,,,,,,,,,,,,,,,,,,,,,,,,,,,,,,,,,,,,,,,,,,,,,,,,,,,,,,,,,,,,,,,,,,,,,,,,,,,,,,,,,,,,,,,,,,,,,,,,,,,,,,,,,,,,,,,,,,,,,,,,,,,,,,,,,,,,,,,,,,,,,,,,,,,,,,,,,,,,,,,,,,,,,,,,,,,,,,,,,,,,,,,,,,,,,,,,,,,,,,,,,,,,,,,,,,,,,,,,,,,,,,,,,,,,,,,,,,,,,,,,,,,,,,,,,,,,,,,,,,,,,,,,,,,,,,,,,,,,,,,,,,,,,,,,,,,,,,,,,,,,,,,,,,,,,,,,,,,,,,,,,,,,,,,,,,,,,,,,,,,,,,,,,,,,,,,,,,,,,,,,,,,,,,,,,,,,,,,,,,,,,,,,,,,,,,,,,,,,,,,,,,,,,,,,,,,,,,,,,,,,,,,,,,,,,,,,,,,,,,,,,,,,,,,,,,,,,,,,,,,,,,,,,,,,,,,,,,,,,,,,,,,,,,,,,,,,,,,,,,,,,,,,,,,,,,,,,,,,,,,,,,,,,,,,,,,,,,,,,,,,,,,,,,,,,,,,,,,,,,,,,,,,,,,,,,,,,,,,,,,,,,,,,,,,,,,,,,,,,,18-24,Female,,Some college,,Black or African American,,2,0.83254609
R_7hFkcLz1Segogvn,Financial Advisor,,,,,,,,,,,,,,,,,,,,,,,,,,,,,,,,,,,,,,,,,,,,,,,,,,,,,,,,,,,,,,,,,,,,,,,,,,,,,,,,,,,,,,,,,,,,,,,,,,,,,,,,,,,,,,,,,,,,,,,,,,,,,,,,,,,,,,,,,,,,,,,,,,,,,,,,,,,,,,,,,,,,,,,,,,,,,,,,,,,,,,,,,,,,,,,,,,,,,,,,,,,,,,,,,,,,,,,,,,,,,,,,,,,,,,,,,,,,,,,,,,,,,,,,,,,,,,,,,,,,,,,,,,,,,,,,,,,,,,,,,,,,,,,,,,,,,,,,,,,,,,,,,,,,,,,,,,,,,,,,,,,,,,,,,,,,,,76,75,85,73,75,70,57,72,63,76,70,66,69,77,71,75,71,72,74,76,78,64,52,65,69,81,73,72,64,73,75,65,65,81,74,74,62,72,77,75,69,80,60,70,71,79,65,68,69,75,71,75,67,68,69,76,76,79,73,73,77,61,66,78,62,78,72,76,55,73,70,57,58,64,56,69,69,62,85,75,73,76,73,68,63,67,74,77,73,77,77,72,77,65,71,63,82,70,80,81,84,66,66,70,60,64,61,81,69,73,77,59,69,79,81,82,70,68,65,69,76,68,70,70,72,70,76,72,62,79,77,75,74,70,71,77,75,71,73,78,75,71,77,77,75,74,68,73,76,68,78,66,71,79,80,76,85,69,74,75,58,80,59,81,76,74,65,,,,,,,,,,,,,,,,,,,,,,,,,,,,,,,,,,,,,,,,,,,,,,,,,,,,,,,,,,,,,,,,,,,,,,,,,,,,,,,,,,,,,,,,,,,,,,,,,,,,,,,,,,,,,,,,,,,,,,,,,,,,,,,,,,,,,,,,,,,,,,,,,,,,,,,,,,,,,,,,,,,,,,,,,,,,,,,,,,,,,,,,,,,,,,,,,,,,,,,,,,,,,,,,,,,,,,,,,,,,,,,,,,,,,,,,,,,,,,,,,,,,,,,,,,,,,,,,,,,,,,,,,,,,,,,,,,,,,,,,,,,,,,,,,,,,,,,,,,,,,,,,,,,,,,,,,,,,,,,,,,,,,,,,,,,,,,,,,,,,,,,,,,,,,,,,,,,,,,,,,,,,,,,,,,,,,,,,,,,,,,,,,,,,,,,,,,,,,,,,,,,,,,,,,,,,,,,,,,,,,,,,,,,,,,,,,,,,,,,,,,,,,,,,,,,,,,,,,,,,,,,,,,,,,,,,,,,,,,,,,,,,,,,,,,,,,,,,,,35-44,Female,,Some college,,White / Caucasian,,3,0.132145537
R_7PbDQTsIa8PrCWl,Retail Sales Associate,,,,,,,,,,,,,,,,,,,,,,,,,,,,,,,,,,,,,,,,,,,,,,,,,,,,,,,,,,,,,,,,,,,,,,,,,,,,,,,,,,,,,,,,,,,,,,,,,,,,,,,,,,,,,,,,,,,,,,,,,,,,,,,,,,,,,,,,,,,,,,,,,,,,,,,,,,,,,,,,,,,,,,,,,,,,,,,,,,,,,,,,,,,,,,,,,,,,,,,,,,,,,,,,,,,,,,,,,,,,,,,,,,,,,,,,,,,,,,,,,,,,,,,,,,,,,,,,,,,,,,,,,,,,,,,,,,,,,,,,,,,,,,,,,,,,,,,,,,,,,,,,,,,,,,,,,,,,,,,,,,,,,,,,,,,,,,,,,,,,,,,,,,,,,,,,,,,,,,,,,,,,,,,,,,,,,,,,,,,,,,,,,,,,,,,,,,,,,,,,,,,,,,,,,,,,,,,,,,,,,,,,,,,,,,,,,,,,,,,,,,,,,,,,,,,,,,,,,,,,,,,,,,,,,,,,,,,,,,,,,,,,,,,,,,,,,,,,,,,,,,,,,,,,,,,,,,,,,,,,,,,,,,,,,,,,,,,,,,,,,,,,,,,,,,,,,,,,,,,,,,,,,,,,,,,,,,,,,,,,,,,,,,,,,,,,,,,,,,,,,,,,,,,,,,,,,,,,,,,,,,,,,,,,,,,,,,,,,,,,,,,,,,,,,,,,,,,,,,,,,,,,,,,,60,39,75,56,65,52,35,40,55,60,40,65,21,65,65,59,49,45,60,40,75,75,35,45,35,65,20,46,40,44,45,29,15,55,60,19,51,80,80,59,55,34,50,54,45,56,61,45,75,42,42,24,35,59,50,50,61,50,52,49,60,55,55,35,50,79,40,70,64,30,30,45,65,46,70,50,55,43,60,75,31,35,40,40,60,65,35,27,40,37,61,45,49,29,56,70,45,65,69,15,57,51,45,44,70,38,40,40,82,60,60,34,33,45,21,60,60,75,43,51,75,75,75,54,54,42,45,27,60,61,30,65,41,70,66,66,60,85,20,45,45,65,50,21,55,60,55,35,40,70,55,35,47,55,46,58,13,65,70,55,55,37,49,35,,,,,,,,,,,,,,,,,,,,,,,,,,,,,,,,,,,,,,,,,,,,,,,,,,,,,,,,,,,,,,,,,,,,,,,,,,,,,,,,,,,,,,,,,,,,,,,,,,,,,,,,,,,,,,,,,,,,,,,,,,,,,,,,,,,,,,,,,,,,,,,,,,,,,,,,,,,,,,,,,,,,,,,25-34,Male,,High school graduate,,Black or African American,,5,0.621929571
R_6UjuDNjxpE1HFyV,Financial Advisor,,,,,,,,,,,,,,,,,,,,,,,,,,,,,,,,,,,,,,,,,,,,,,,,,,,,,,,,,,,,,,,,,,,,,,,,,,,,,,,,,,,,,,,,,,,,,,,,,,,,,,,,,,,,,,,,,,,,,,,,,,,,,,,,,,,,,,,,,,,,,,,,,,,,,,,,,,,,,,,,,,,,,,,,,,,,,,,,,,,,,,,,,,,,,,,,,,,,,,,,,,,,,,,,,,,,,,,,,,,,,,,,,,,,,,,,,,,,,,,,,,,,,,,,,,,,,,,,,,,,,,,,,,,,,,,,,,,,,,,,,,,,,,,,,,,,,,,,,,,,,,,,,,,,,,,,,,,,,,,,,,,,,,,,,,,,,,76,21,100,60,100,78,36,88,29,60,75,58,91,86,92,51,72,70,92,95,90,63,15,25,70,75,82,96,39,77,100,69,33,96,90,77,28,59,63,77,2,45,36,66,79,58,84,83,36,73,89,55,29,100,91,48,86,62,91,82,23,47,39,85,80,93,62,89,95,83,75,36,12,94,43,62,98,98,85,26,52,33,85,86,52,91,78,51,73,93,16,22,76,67,34,36,80,83,96,77,70,30,74,98,93,99,97,100,22,72,98,41,84,90,79,33,84,26,72,93,30,77,83,76,51,97,93,86,85,61,75,28,51,52,67,80,100,47,86,75,82,76,75,94,52,54,41,75,73,81,27,91,34,76,45,79,95,28,82,95,76,56,30,96,90,22,98,,,,,,,,,,,,,,,,,,,,,,,,,,,,,,,,,,,,,,,,,,,,,,,,,,,,,,,,,,,,,,,,,,,,,,,,,,,,,,,,,,,,,,,,,,,,,,,,,,,,,,,,,,,,,,,,,,,,,,,,,,,,,,,,,,,,,,,,,,,,,,,,,,,,,,,,,,,,,,,,,,,,,,,,,,,,,,,,,,,,,,,,,,,,,,,,,,,,,,,,,,,,,,,,,,,,,,,,,,,,,,,,,,,,,,,,,,,,,,,,,,,,,,,,,,,,,,,,,,,,,,,,,,,,,,,,,,,,,,,,,,,,,,,,,,,,,,,,,,,,,,,,,,,,,,,,,,,,,,,,,,,,,,,,,,,,,,,,,,,,,,,,,,,,,,,,,,,,,,,,,,,,,,,,,,,,,,,,,,,,,,,,,,,,,,,,,,,,,,,,,,,,,,,,,,,,,,,,,,,,,,,,,,,,,,,,,,,,,,,,,,,,,,,,,,,,,,,,,,,,,,,,,,,,,,,,,,,,,,,,,,,,,,,,,,,,,,,,,,35-44,Female,,Bachelor's degree,,Hispanic or Latino,,3,0.812429237
R_7EWpYFBCTXI3BAl,Inventory Manager,93,94,83,95,92,83,93,85,92,91,96,96,65,83,96,5,96,85,82,93,85,38,85,37,69,85,94,84,80,85,81,53,57,97,96,94,95,92,93,77,92,83,96,93,84,95,83,98,86,71,97,79,93,88,85,88,85,91,92,83,90,91,53,95,92,94,96,96,89,93,90,79,84,82,84,84,61,93,90,97,72,90,91,97,95,95,76,96,84,94,89,44,93,94,89,92,96,91,12,93,84,92,82,87,91,92,91,85,97,32,95,93,69,96,90,96,68,91,90,98,96,95,68,85,88,91,88,72,71,91,93,79,96,86,92,95,50,92,86,91,81,83,16,94,55,60,53,95,80,95,95,88,63,93,86,77,65,88,91,96,96,74,88,92,84,72,94,,,,,,,,,,,,,,,,,,,,,,,,,,,,,,,,,,,,,,,,,,,,,,,,,,,,,,,,,,,,,,,,,,,,,,,,,,,,,,,,,,,,,,,,,,,,,,,,,,,,,,,,,,,,,,,,,,,,,,,,,,,,,,,,,,,,,,,,,,,,,,,,,,,,,,,,,,,,,,,,,,,,,,,,,,,,,,,,,,,,,,,,,,,,,,,,,,,,,,,,,,,,,,,,,,,,,,,,,,,,,,,,,,,,,,,,,,,,,,,,,,,,,,,,,,,,,,,,,,,,,,,,,,,,,,,,,,,,,,,,,,,,,,,,,,,,,,,,,,,,,,,,,,,,,,,,,,,,,,,,,,,,,,,,,,,,,,,,,,,,,,,,,,,,,,,,,,,,,,,,,,,,,,,,,,,,,,,,,,,,,,,,,,,,,,,,,,,,,,,,,,,,,,,,,,,,,,,,,,,,,,,,,,,,,,,,,,,,,,,,,,,,,,,,,,,,,,,,,,,,,,,,,,,,,,,,,,,,,,,,,,,,,,,,,,,,,,,,,,,,,,,,,,,,,,,,,,,,,,,,,,,,,,,,,,,,,,,,,,,,,,,,,,,,,,,,,,,,,,,,,,,,,,,,,,,,,,,,,,,,,,,,,,,,,,,,,,,,,,,,,,,,,,,,,,,,,,,,,,,,,,,,,,,,,,,,,,,,,,,,,,,,,,,,,,,,,,,,,,,,,,,,,,,,,,,,,,,,,,,,,,,,,,,,,,,,,,,,,,,,,,,,,,,,,,,,,,,,,,,,,,,,,,,,,,,,,,,,,,,,,,,,,,,,,,,,,,,,,,,,,,,,,,,,,,,,,,,,,,,,,,,,,,,,,,,,,,,,,,,,,,,,,,,,,,,,,,,,,,,,,,,,,,,,,,,25-34,Female,,Some college,,White / Caucasian,,1,0.809259484
R_7jANHmStixPu6rr,Risk Analyst,,,,,,,,,,,,,,,,,,,,,,,,,,,,,,,,,,,,,,,,,,,,,,,,,,,,,,,,,,,,,,,,,,,,,,,,,,,,,,,,,,,,,,,,,,,,,,,,,,,,,,,,,,,,,,,,,,,,,,,,,,,,,,,,,,,,,,,,,,,,,,,,,,,,,,,,,,,,,,,,,,,,,,,,,,,,,,,,,,,,,,,,,,,,,,,,,,,,,,,,,,,,,,,,,,,,,,,,,,,,,,,,,,,,,,,,,,,,,,,,,,,,,,,,,,,,,,,,,,,,,,,,,,,,,,,,,,,,,,,,,,,,,,,,,,,,,,,,,,,,,,,,,,,,,,,,,,,,,,,,,,,,,,,,,,,,,,,,,,,,,,,,,,,,,,,,,,,,,,,,,,,,,,,,,,,,,,,,,,,,,,,,,,,,,,,,,,,,,,,,,,,,,,,,,,,,,,,,,,,,,,,,,,,,,,,,,,,,,,,,,,,,,,,,,,,,,,,,,,,,,,,,,,,,,,,,,,,,,,,,,,,,,,,,,,,,,,,,,,,,,75,56,60,72,60,80,71,69,46,58,53,57,64,57,72,52,70,79,78,75,55,60,70,64,68,70,67,59,56,69,58,75,62,59,68,83,66,82,46,54,72,85,64,76,49,49,65,53,78,77,62,61,49,57,67,62,82,53,51,53,69,51,85,72,72,72,54,80,84,79,60,84,56,65,84,63,71,62,63,78,59,68,53,74,45,66,74,75,48,59,71,71,75,69,75,39,83,71,51,85,70,73,69,63,73,72,61,56,76,75,62,57,62,68,52,56,67,73,63,68,57,47,57,75,67,66,82,69,54,79,79,73,48,62,47,67,54,64,65,71,63,49,61,70,79,73,54,62,66,81,74,66,82,77,63,79,73,69,57,66,80,80,73,56,70,84,54,,,,,,,,,,,,,,,,,,,,,,,,,,,,,,,,,,,,,,,,,,,,,,,,,,,,,,,,,,,,,,,,,,,,,,,,,,,,,,,,,,,,,,,,,,,,,,,,,,,,,,,,,,,,,,,,,,,,,,,,,,,,,,,,,,,,,,,,,,,,,,,,,,,,,,,,,,,,,,,,,,,,,,,,,,,,,,,,,,,,,,,,,,,,,,,,,,,,,,,,,,,,,,,,,,,,,,,,,,,,,,,,,,,,,,,,,,,,,,,,,,,,,,,,,,,,,,,,,,,,,,,,,,,,,,,,,,,,,,,,,,,,,,,,,,,,,,,,,,,,,,,,,,,,,,,,,,,,,,,,,,,,,,,,,,,35-44,Male,,Graduate degree,,White / Caucasian,,4,0.526811505
R_5dHopbpSyXah95G,Retail Sales Associate,22,26,93,12,7,95,62,24,49,83,79,2,77,10,4,70,3,74,22,6,57,85,14,29,77,68,35,38,92,51,44,97,6,77,52,24,6,5,95,1,52,68,75,24,35,44,10,38,45,2,54,3,60,77,53,64,0,21,46,57,28,76,67,13,9,99,73,59,25,89,83,76,77,4,36,39,11,9,68,4,29,0,63,4,7,13,88,76,60,59,6,80,8,87,44,47,27,74,66,88,3,29,42,73,75,95,80,57,13,41,18,35,61,13,20,38,54,1,14,5,20,84,10,40,42,18,16,75,26,41,3,17,16,17,18,76,71,18,1,11,67,90,62,96,5,38,22,85,6,55,3,78,58,15,74,17,5,86,95,74,33,81,27,3,32,56,71,,,,,,,,,,,,,,,,,,,,,,,,,,,,,,,,,,,,,,,,,,,,,,,,,,,,,,,,,,,,,,,,,,,,,,,,,,,,,,,,,,,,,,,,,,,,,,,,,,,,,,,,,,,,,,,,,,,,,,,,,,,,,,,,,,,,,,,,,,,,,,,,,,,,,,,,,,,,,,,,,,,,,,,,,,,,,,,,,,,,,,,,,,,,,,,,,,,,,,,,,,,,,,,,,,,,,,,,,,,,,,,,,,,,,,,,,,,,,,,,,,,,,,,,,,,,,,,,,,,,,,,,,,,,,,,,,,,,,,,,,,,,,,,,,,,,,,,,,,,,,,,,,,,,,,,,,,,,,,,,,,,,,,,,,,,,,,,,,,,,,,,,,,,,,,,,,,,,,,,,,,,,,,,,,,,,,,,,,,,,,,,,,,,,,,,,,,,,,,,,,,,,,,,,,,,,,,,,,,,,,,,,,,,,,,,,,,,,,,,,,,,,,,,,,,,,,,,,,,,,,,,,,,,,,,,,,,,,,,,,,,,,,,,,,,,,,,,,,,,,,,,,,,,,,,,,,,,,,,,,,,,,,,,,,,,,,,,,,,,,,,,,,,,,,,,,,,,,,,,,,,,,,,,,,,,,,,,,,,,,,,,,,,,,,,,,,,,,,,,,,,,,,,,,,,,,,,,,,,,,,,,,,,,,,,,,,,,,,,,,,,,,,,,,,,,,,,,,,,,,,,,,,,,,,,,,,,,,,,,,,,,,,,,,,,,,,,,,,,,,,,,,,,,,,,,,,,,,,,,,,,,,,,,,,,,,,,,,,,,,,,,,,,,,,,,,,,,,,,,,,,,,,,,,,,,,,,,,,,,,,,,,,,,,,,,,,,,,,,,,,,,,,,,,,,,,,,,,,,,,,,,,,,,,,,,35-44,Male,,Some college,,Black or African American,,1,0.847839522
R_7zGSaOFrgG2ELuE,Financial Advisor,,,,,,,,,,,,,,,,,,,,,,,,,,,,,,,,,,,,,,,,,,,,,,,,,,,,,,,,,,,,,,,,,,,,,,,,,,,,,,,,,,,,,,,,,,,,,,,,,,,,,,,,,,,,,,,,,,,,,,,,,,,,,,,,,,,,,,,,,,,,,,,,,,,,,,,,,,,,,,,,,,,,,,,,,,,,,,,,,,,,,,,,,,,,,,,,,,,,,,,,,,,,,,,,,,,,,,,,,,,,,,,,,,,,,,,,,,,,,,,,,,,,,,,,,,,,,,,,,,,,,,,,,,,,,,,,,,,,,,,,,,,,,,,,,,,,,,,,,,,,,,,,,,,,,,,,,,,,,,,,,,,,,,,,,,,,,,,,,,,,,,,,,,,,,,,,,,,,,,,,,,,,,,,,,,,,,,,,,,,,,,,,,,,,,,,,,,,,,,,,,,,,,,,,,,,,,,,,,,,,,,,,,,,,,,,,,,,,,,,,,,,,,,,,,,,,,,,,,,,,,,,,,,,,,,,,,,,,,,,,,,,,,,,,,,,,,,,,,,,,,,,,,,,,,,,,,,,,,,,,,,,,,,,,,,,,,,,,,,,,,,,,,,,,,,,,,,,,,,,,,,,,,,,,,,,,,,,,,,,,,,,,,,,,,,,,,,,,,,,,,,,,,,,,,,,,,,,,,,,,,,,,,,,,,,,,,,,,,,,,,,,,,,,,,,,,,,,,,,,,,,,,,,,,,,,,,,,,,,,,,,,,,,,,,,,,,,,,,,,,,,,,,,,,,,,,,,,,,,,,,,,,,,,,,,,,,,,,,,,,,,,,,,,,,,,,,,,,,,,,,,,,,,,,,,,,,,,,,,,,,,,,,,,,,,,,,,,,,,,,,,,,,,,,,,,,,,,,,,,,,,,,,,,,,,,,26,32,66,35,58,70,47,46,63,49,22,24,29,21,50,27,26,55,44,7,67,39,51,24,40,42,49,77,57,21,37,51,36,53,8,17,50,37,58,50,53,45,35,54,48,78,50,51,50,26,41,10,62,20,58,57,26,64,62,44,26,25,60,52,63,47,55,41,16,54,18,43,41,25,65,79,34,37,50,61,64,64,37,55,60,33,18,14,45,69,50,33,41,46,56,68,46,36,10,19,48,44,44,37,42,37,33,61,54,65,10,25,50,33,47,51,44,23,63,58,44,71,40,58,54,51,31,26,54,31,32,52,37,17,37,40,55,31,57,78,49,36,74,50,81,53,10,42,60,15,33,65,34,15,44,42,69,7,21,31,80,50,30,49,57,50,18-24,Female,,Some college,,Black or African American,,6,0.215195826
R_7Iz2Gl9Wlauk08g,Inventory Manager,,,,,,,,,,,,,,,,,,,,,,,,,,,,,,,,,,,,,,,,,,,,,,,,,,,,,,,,,,,,,,,,,,,,,,,,,,,,,,,,,,,,,,,,,,,,,,,,,,,,,,,,,,,,,,,,,,,,,,,,,,,,,,,,,,,,,,,,,,,,,,,,,,,,,,,,,,,,,,,,,,,,,,,,82,82,37,47,74,85,83,88,83,72,3,83,60,87,88,87,95,77,88,85,78,72,76,54,84,60,82,74,58,92,71,86,94,73,85,76,81,83,26,52,80,81,75,66,85,91,85,86,79,80,70,3,86,84,55,58,81,71,86,82,78,90,83,11,86,88,89,81,83,81,87,51,70,81,89,37,93,52,83,29,10,44,73,91,83,63,85,89,80,89,86,83,89,72,19,53,84,80,82,90,81,84,49,74,87,85,76,12,81,51,82,86,46,81,72,1,76,80,55,57,92,75,83,80,82,50,81,88,69,76,86,85,83,72,85,80,89,67,83,75,85,69,40,86,73,88,85,76,86,81,78,70,83,38,85,76,83,81,87,82,87,89,66,12,44,88,,,,,,,,,,,,,,,,,,,,,,,,,,,,,,,,,,,,,,,,,,,,,,,,,,,,,,,,,,,,,,,,,,,,,,,,,,,,,,,,,,,,,,,,,,,,,,,,,,,,,,,,,,,,,,,,,,,,,,,,,,,,,,,,,,,,,,,,,,,,,,,,,,,,,,,,,,,,,,,,,,,,,,,,,,,,,,,,,,,,,,,,,,,,,,,,,,,,,,,,,,,,,,,,,,,,,,,,,,,,,,,,,,,,,,,,,,,,,,,,,,,,,,,,,,,,,,,,,,,,,,,,,,,,,,,,,,,,,,,,,,,,,,,,,,,,,,,,,,,,,,,,,,,,,,,,,,,,,,,,,,,,,,,,,,,,,,,,,,,,,,,,,,,,,,,,,,,,,,,,,,,,,,,,,,,,,,,,,,,,,,,,,,,,,,,,,,,,,,,,,,,,,,,,,,,,,,,,,,,,,,,,,,,,,,,,,,,,,,,,,,,,,,,,,,,,,,,,,,,,,,,,,,,,,,,,,,,,,,,,,,,,,,,,,,,,,,,,,,,,,,,,,,,,,,,,,,,,,,,,,,,,,,,,,,,,,,,,,,,,,,,,,,,,,,,,,,,,,,,,,,,,,,,,,,,,,,,,,,,,,,,,,,,,,,,,,,,,,,,,,,,,,,,,,,,,,,,,,,,,,,,,,,,,,,,,,,,,,,,,,,,,,,,,,,,,,,,,,,,,,,,,,45-54,Female,,Some college,,Black or African American,,2,0.643958009
R_1U6CrwBHF2vVqXT,Financial Advisor,,,,,,,,,,,,,,,,,,,,,,,,,,,,,,,,,,,,,,,,,,,,,,,,,,,,,,,,,,,,,,,,,,,,,,,,,,,,,,,,,,,,,,,,,,,,,,,,,,,,,,,,,,,,,,,,,,,,,,,,,,,,,,,,,,,,,,,,,,,,,,,,,,,,,,,,,,,,,,,,,,,,,,,,,,,,,,,,,,,,,,,,,,,,,,,,,,,,,,,,,,,,,,,,,,,,,,,,,,,,,,,,,,,,,,,,,,,,,,,,,,,,,,,,,,,,,,,,,,,,,,,,,,,,,,,,,,,,,,,,,,,,,,,,,,,,,,,,,,,,,,,,,,,,,,,,,,,,,,,,,,,,,,,,,,,,,,,,,,,,,,,,,,,,,,,,,,,,,,,,,,,,,,,,,,,,,,,,,,,,,,,,,,,,,,,,,,,,,,,,,,,,,,,,,,,,,,,,,,,,,,,,,,,,,,,,,,,,,,,,,,,,,,,,,,,,,,,,,,,,,,,,,,,,,,,,,,,,,,,,,,,,,,,,,,,,,,,,,,,,,,,,,,,,,,,,,,,,,,,,,,,,,,,,,,,,,,,,,,,,,,,,,,,,,,,,,,,,,,,,,,,,,,,,,,,,,,,,,,,,,,,,,,,,,,,,,,,,,,,,,,,,,,,,,,,,,,,,,,,,,,,,,,,,,,,,,,,,,,,,,,,,,,,,,,,,,,,,,,,,,,,,,,,,,,,,,,,,,,,,,,,,,,,,,,,,,,,,,,,,,,,,,,,,,,,,,,,,,,,,,,,,,,,,,,,,,,,,,,,,,,,,,,,,,,,,,,,,,,,,,,,,,,,,,,,,,,,,,,,,,,,,,,,,,,,,,,,,,,,,,,,,,,,,,,,,,,,,,,,,,,,,,,,,,,,,78,30,71,14,94,1,1,10,74,6,75,1,5,54,43,21,30,70,6,1,94,87,75,21,1,9,44,96,54,11,0,29,64,20,41,70,1,58,1,70,8,81,5,10,1,4,22,35,27,1,4,1,6,84,0,68,6,35,68,49,39,1,0,45,0,4,19,1,55,0,1,2,80,4,51,1,50,5,19,1,0,35,13,28,61,1,13,11,1,72,19,1,69,1,9,47,76,37,7,0,8,1,11,1,1,48,0,5,93,37,15,63,63,32,55,58,20,6,40,75,93,23,6,76,41,96,1,1,50,1,88,4,1,2,83,78,97,86,1,0,70,5,67,88,1,1,17,1,59,1,1,0,26,4,82,14,1,14,63,11,86,48,69,4,50,1,35-44,Female,,Bachelor's degree,,Black or African American,,6,0.655892576
R_6jd3LJw7Pe0a5dD,Retail Sales Associate,,,,,,,,,,,,,,,,,,,,,,,,,,,,,,,,,,,,,,,,,,,,,,,,,,,,,,,,,,,,,,,,,,,,,,,,,,,,,,,,,,,,,,,,,,,,,,,,,,,,,,,,,,,,,,,,,,,,,,,,,,,,,,,,,,,,,,,,,,,,,,,,,,,,,,,,,,,,,,,,,,,,,,,,,,,,,,,,,,,,,,,,,,,,,,,,,,,,,,,,,,,,,,,,,,,,,,,,,,,,,,,,,,,,,,,,,,,,,,,,,,,,,,,,,,,,,,,,,,,,,,,,,,,,,,,,,,,,,,,,,,,,,,,,,,,,,,,,,,,,,,,,,,,,,,,,,,,,,,,,,,,,,,,,,,,,,,,,,,,,,,,,,,,,,,,,,,,,,,,,,,,,,,,,,,,,,,,,,,,,,,,,,,,,,,,,,,,,,,,,,,,,,,,,,,,,,,,,,,,,,,,,,,,,,,,,,,,,,,,,,,,,,,,,,,,,,,,,,,,,,,,,,,,,,,,,,,,,,,,,,,,,,,,,,,,,,,,,,,,,,32,34,39,41,93,13,22,52,90,50,100,40,18,74,70,88,87,34,22,50,24,26,87,83,47,39,54,23,22,18,50,17,48,46,26,15,33,22,41,98,90,50,50,89,50,41,29,22,50,79,50,86,50,50,48,23,15,100,71,15,82,18,20,44,75,84,9,50,50,22,19,50,33,94,16,50,12,50,50,73,40,39,39,85,16,95,35,17,26,14,24,95,31,18,41,43,14,27,96,33,69,14,40,13,47,71,23,51,33,95,18,76,94,33,80,48,90,15,25,13,31,39,77,18,91,92,31,94,77,85,81,14,26,6,97,86,85,50,28,96,24,50,75,32,19,46,50,49,13,65,37,20,100,18,50,24,39,95,98,10,17,40,33,84,31,95,50,,,,,,,,,,,,,,,,,,,,,,,,,,,,,,,,,,,,,,,,,,,,,,,,,,,,,,,,,,,,,,,,,,,,,,,,,,,,,,,,,,,,,,,,,,,,,,,,,,,,,,,,,,,,,,,,,,,,,,,,,,,,,,,,,,,,,,,,,,,,,,,,,,,,,,,,,,,,,,,,,,,,,,,,,,,,,,,,,,,,,,,,,,,,,,,,,,,,,,,,,,,,,,,,,,,,,,,,,,,,,,,,,,,,,,,,,,,,,,,,,,,,,,,,,,,,,,,,,,,,,,,,,,,,,,,,,,,,,,,,,,,,,,,,,,,,,,,,,,,,,,,,,,,,,,,,,,,,,,,,,,,,,,,,,,,65 or above,Female,,Some college,,Black or African American,,4,0.711761218
R_7fDsfSmVftTklnX,Retail Sales Associate,,,,,,,,,,,,,,,,,,,,,,,,,,,,,,,,,,,,,,,,,,,,,,,,,,,,,,,,,,,,,,,,,,,,,,,,,,,,,,,,,,,,,,,,,,,,,,,,,,,,,,,,,,,,,,,,,,,,,,,,,,,,,,,,,,,,,,,,,,,,,,,,,,,,,,,,,,,,,,,,,,,,,,,,,,,,,,,,,,,,,,,,,,,,,,,,,,,,,,,,,,,,,,,,,,,,,,,,,,,,,,,,,,,,,,,,,,,,,,,,,,,,,,,,,,,,,,,,,,,,,,,,,,,,,,,,,,,,,,,,,,,,,,,,,,,,,,,,,,,,,,,,,,,,,,,,,,,,,,,,,,,,,,,,,,,,,,,,,,,,,,,,,,,,,,,,,,,,,,,,,,,,,,,,,,,,,,,,,,,,,,,,,,,,,,,,,,,,,,,,,,,,,,,,,,,,,,,,,,,,,,,,,,,,,,,,,,,,,,,,,,,,,,,,,,,,,,,,,,,,,,,,,,,,,,,,,,,,,,,,,,,,,,,,,,,,,,,,,,,,,,,,,,,,,,,,,,,,,,,,,,,,,,,,,,,,,,,,,,,,,,,,,,,,,,,,,,,,,,,,,,,,,,,,,,,,,,,,,,,,,,,,,,,,,,,,,,,,,,,,,,,,,,,,,,,,,,,,,,,,,,,,,,,,,,,,,,,,,,,,,,,,,,,,,,,,,,,,,,,,,,,,,,,,90,80,80,70,75,30,70,65,70,70,70,75,30,70,90,70,70,65,80,65,80,70,70,80,80,80,40,90,85,80,80,70,45,70,90,70,65,90,80,80,90,60,80,80,75,70,70,80,90,80,70,70,80,65,80,80,90,90,80,80,70,90,90,90,70,80,75,80,90,70,75,65,90,85,90,70,75,90,80,80,70,80,90,70,80,80,90,75,80,70,75,90,75,65,90,70,80,80,90,30,80,65,60,70,90,65,75,70,90,90,80,70,75,80,70,70,90,80,65,90,80,90,80,60,65,80,60,70,90,80,65,80,65,70,80,85,70,75,60,80,70,80,80,80,80,80,90,80,80,90,75,80,65,80,80,80,40,80,70,80,70,70,60,70,,,,,,,,,,,,,,,,,,,,,,,,,,,,,,,,,,,,,,,,,,,,,,,,,,,,,,,,,,,,,,,,,,,,,,,,,,,,,,,,,,,,,,,,,,,,,,,,,,,,,,,,,,,,,,,,,,,,,,,,,,,,,,,,,,,,,,,,,,,,,,,,,,,,,,,,,,,,,,,,,,,,,,,55-64,Female,,Some college,,Black or African American,,5,0.80177673
R_7s1bwN37blBVcFH,Retail Sales Associate,,,,,,,,,,,,,,,,,,,,,,,,,,,,,,,,,,,,,,,,,,,,,,,,,,,,,,,,,,,,,,,,,,,,,,,,,,,,,,,,,,,,,,,,,,,,,,,,,,,,,,,,,,,,,,,,,,,,,,,,,,,,,,,,,,,,,,,,,,,,,,,,,,,,,,,,,,,,,,,,,,,,,,,,,,,,,,,,,,,,,,,,,,,,,,,,,,,,,,,,,,,,,,,,,,,,,,,,,,,,,,,,,,,,,,,,,,,,,,,,,,,,,,,,,,,,,,,,,,,,,,,,,,,,,,,,,,,,,,,,,,,,,,,,,,,,,,,,,,,,,,,,,,,,,,,,,,,,,,,,,,,,,,,,,,,,,,,,,,,,,,,,,,,,,,,,,,,,,,,,,,,,,,,,,,,,,,,,,,,,,,,,,,,,,,,,,,,,,,,,,,,,,,,,,,,,,,,,,,,,,,,,,,,,,,,,,,,,,,,,,,,,,,,,,,,,,,,,,,,,,,,,,,,,,,,,,,,,,,,,,,,,,,,,,,,,,,,,,,,,,,,,,,,,,,,,,,,,,,,,,,,,,,,,,,,,,,,,,,,,,,,,,,,,,,,,,,,,,,,,,,,,,,,,,,,,,,,,,,,,,,,,,,,,,,,,,,,,,,,,,,,,,,,,,,,,,,,,,,,,,,,,,,,,,,,,,,,,,,,,,,,,,,,,,,,,,,,,,,,,,,,,,,,,54,55,56,49,43,50,50,44,26,48,74,61,45,56,51,43,55,58,42,61,42,53,45,60,49,46,45,46,52,52,51,45,54,49,54,52,69,63,59,51,52,51,61,61,47,64,49,56,42,57,56,53,47,50,53,34,50,50,55,56,58,51,65,47,63,53,53,62,55,37,43,68,48,63,55,55,43,56,44,54,55,51,57,48,47,52,61,54,45,65,55,53,47,27,46,44,46,52,49,54,49,49,31,54,50,39,60,52,56,51,56,48,66,54,58,50,54,53,53,49,54,57,52,59,56,58,54,63,49,52,72,50,58,59,62,48,55,50,56,45,40,49,41,55,49,53,66,51,56,53,31,55,40,67,49,55,52,49,54,63,52,59,55,62,,,,,,,,,,,,,,,,,,,,,,,,,,,,,,,,,,,,,,,,,,,,,,,,,,,,,,,,,,,,,,,,,,,,,,,,,,,,,,,,,,,,,,,,,,,,,,,,,,,,,,,,,,,,,,,,,,,,,,,,,,,,,,,,,,,,,,,,,,,,,,,,,,,,,,,,,,,,,,,,,,,,,,,25-34,Male,,Some college,,Multiple ethnicity,Mixed,5,0.575249218
R_1F0YWrNLzBXUAed,Risk Analyst,,,,,,,,,,,,,,,,,,,,,,,,,,,,,,,,,,,,,,,,,,,,,,,,,,,,,,,,,,,,,,,,,,,,,,,,,,,,,,,,,,,,,,,,,,,,,,,,,,,,,,,,,,,,,,,,,,,,,,,,,,,,,,,,,,,,,,,,,,,,,,,,,,,,,,,,,,,,,,,,,,,,,,,,68,46,73,66,63,78,80,69,65,57,60,70,94,72,76,72,64,79,77,68,64,67,34,65,79,87,63,34,66,78,74,75,60,74,84,80,57,64,55,84,76,78,88,37,75,74,60,72,76,80,32,64,75,64,81,77,71,75,68,57,85,63,64,81,77,61,63,85,66,69,76,85,26,59,77,49,71,75,82,67,55,70,79,49,49,70,32,80,70,64,75,56,77,70,66,73,70,82,74,62,67,63,75,77,77,62,66,70,51,74,87,65,60,61,57,80,75,55,69,73,57,69,83,51,62,60,55,72,52,37,73,81,64,37,63,68,50,74,60,60,79,74,68,60,67,65,59,73,53,70,35,64,78,57,71,78,63,60,63,57,81,81,60,62,68,25,,,,,,,,,,,,,,,,,,,,,,,,,,,,,,,,,,,,,,,,,,,,,,,,,,,,,,,,,,,,,,,,,,,,,,,,,,,,,,,,,,,,,,,,,,,,,,,,,,,,,,,,,,,,,,,,,,,,,,,,,,,,,,,,,,,,,,,,,,,,,,,,,,,,,,,,,,,,,,,,,,,,,,,,,,,,,,,,,,,,,,,,,,,,,,,,,,,,,,,,,,,,,,,,,,,,,,,,,,,,,,,,,,,,,,,,,,,,,,,,,,,,,,,,,,,,,,,,,,,,,,,,,,,,,,,,,,,,,,,,,,,,,,,,,,,,,,,,,,,,,,,,,,,,,,,,,,,,,,,,,,,,,,,,,,,,,,,,,,,,,,,,,,,,,,,,,,,,,,,,,,,,,,,,,,,,,,,,,,,,,,,,,,,,,,,,,,,,,,,,,,,,,,,,,,,,,,,,,,,,,,,,,,,,,,,,,,,,,,,,,,,,,,,,,,,,,,,,,,,,,,,,,,,,,,,,,,,,,,,,,,,,,,,,,,,,,,,,,,,,,,,,,,,,,,,,,,,,,,,,,,,,,,,,,,,,,,,,,,,,,,,,,,,,,,,,,,,,,,,,,,,,,,,,,,,,,,,,,,,,,,,,,,,,,,,,,,,,,,,,,,,,,,,,,,,,,,,,,,,,,,,,,,,,,,,,,,,,,,,,,,,,,,,,,,,,,,,,,,,,,,,,,35-44,Male,,Graduate degree,,White / Caucasian,,2,0.030264462
R_701I7wgQxmsLhDj,Inventory Manager,,,,,,,,,,,,,,,,,,,,,,,,,,,,,,,,,,,,,,,,,,,,,,,,,,,,,,,,,,,,,,,,,,,,,,,,,,,,,,,,,,,,,,,,,,,,,,,,,,,,,,,,,,,,,,,,,,,,,,,,,,,,,,,,,,,,,,,,,,,,,,,,,,,,,,,,,,,,,,,,,,,,,,,,,,,,,,,,,,,,,,,,,,,,,,,,,,,,,,,,,,,,,,,,,,,,,,,,,,,,,,,,,,,,,,,,,,,,,,,,,,,,,,,,,,,,,,,,,,,,,,,,,,,,,,,,,,,,,,,,,,,,,,,,,,,,,,,,,,,,,,,,,,,,,,,,,,,,,,,,,,,,,,,,,,,,,,,,,,,,,,,,,,,,,,,,,,,,,,,,,,,,,,,,,,,,,,,,,,,,,,,,,,,,,,,,,,,,,,,,,,,,,,,,,,,,,,,,,,,,,,,,,,,,,,,,,,,,,,,,,,,,,,,,,,,,,,,,,,,,,,,,,,,,,,,,,,,,,,,,,,,,,,,,,,,,,,,,,,,,,6,65,5,35,58,0,76,13,82,50,15,9,7,53,0,6,6,82,61,8,17,51,44,90,5,45,0,0,10,80,5,13,19,4,15,8,63,26,26,45,0,22,12,25,0,18,89,78,7,35,0,3,77,81,85,9,5,85,16,0,17,70,68,10,10,16,14,17,7,15,0,16,0,11,79,33,70,13,7,76,5,9,5,31,41,31,82,5,43,14,0,93,0,98,81,45,97,7,0,82,51,0,71,75,5,18,55,100,82,29,74,0,36,19,50,5,11,99,9,5,3,14,20,41,3,69,21,50,37,8,0,0,73,5,63,0,61,30,55,12,66,9,0,71,9,82,0,70,87,20,69,0,4,83,54,73,19,95,50,95,11,62,75,92,64,15,39,,,,,,,,,,,,,,,,,,,,,,,,,,,,,,,,,,,,,,,,,,,,,,,,,,,,,,,,,,,,,,,,,,,,,,,,,,,,,,,,,,,,,,,,,,,,,,,,,,,,,,,,,,,,,,,,,,,,,,,,,,,,,,,,,,,,,,,,,,,,,,,,,,,,,,,,,,,,,,,,,,,,,,,,,,,,,,,,,,,,,,,,,,,,,,,,,,,,,,,,,,,,,,,,,,,,,,,,,,,,,,,,,,,,,,,,,,,,,,,,,,,,,,,,,,,,,,,,,,,,,,,,,,,,,,,,,,,,,,,,,,,,,,,,,,,,,,,,,,,,,,,,,,,,,,,,,,,,,,,,,,,,,,,,,,,35-44,Female,,Bachelor's degree,,White / Caucasian,,4,0.858794196
R_5QSDD3c1x6XDrnZ,Inventory Manager,,,,,,,,,,,,,,,,,,,,,,,,,,,,,,,,,,,,,,,,,,,,,,,,,,,,,,,,,,,,,,,,,,,,,,,,,,,,,,,,,,,,,,,,,,,,,,,,,,,,,,,,,,,,,,,,,,,,,,,,,,,,,,,,,,,,,,,,,,,,,,,,,,,,,,,,,,,,,,,,,,,,,,,,100,68,79,50,100,100,100,73,100,87,53,100,95,100,52,79,95,100,100,100,86,100,100,86,91,100,73,100,82,100,0,100,100,100,100,100,100,47,19,56,90,84,59,70,85,100,100,87,100,100,100,0,52,100,67,100,100,70,84,69,100,28,100,61,78,79,100,99,100,52,73,100,48,94,100,74,100,100,100,20,59,100,65,100,100,75,100,98,100,100,100,100,93,65,91,100,100,62,100,100,34,89,54,100,94,100,98,48,56,100,67,52,98,96,46,0,53,98,79,83,74,96,82,92,59,100,100,100,100,89,100,100,100,100,65,80,100,100,100,100,90,100,65,100,100,100,52,97,100,100,100,100,100,88,100,100,95,52,100,100,59,88,42,0,98,100,,,,,,,,,,,,,,,,,,,,,,,,,,,,,,,,,,,,,,,,,,,,,,,,,,,,,,,,,,,,,,,,,,,,,,,,,,,,,,,,,,,,,,,,,,,,,,,,,,,,,,,,,,,,,,,,,,,,,,,,,,,,,,,,,,,,,,,,,,,,,,,,,,,,,,,,,,,,,,,,,,,,,,,,,,,,,,,,,,,,,,,,,,,,,,,,,,,,,,,,,,,,,,,,,,,,,,,,,,,,,,,,,,,,,,,,,,,,,,,,,,,,,,,,,,,,,,,,,,,,,,,,,,,,,,,,,,,,,,,,,,,,,,,,,,,,,,,,,,,,,,,,,,,,,,,,,,,,,,,,,,,,,,,,,,,,,,,,,,,,,,,,,,,,,,,,,,,,,,,,,,,,,,,,,,,,,,,,,,,,,,,,,,,,,,,,,,,,,,,,,,,,,,,,,,,,,,,,,,,,,,,,,,,,,,,,,,,,,,,,,,,,,,,,,,,,,,,,,,,,,,,,,,,,,,,,,,,,,,,,,,,,,,,,,,,,,,,,,,,,,,,,,,,,,,,,,,,,,,,,,,,,,,,,,,,,,,,,,,,,,,,,,,,,,,,,,,,,,,,,,,,,,,,,,,,,,,,,,,,,,,,,,,,,,,,,,,,,,,,,,,,,,,,,,,,,,,,,,,,,,,,,,,,,,,,,,,,,,,,,,,,,,,,,,,,,,,,,,,,,,,,,,35-44,Female,,Some college,,Hispanic or Latino,,2,0.892553468
R_7MLMdnRDKsFpJkG,Financial Advisor,100,100,80,100,100,70,100,100,61,60,100,100,50,100,100,100,100,100,30,100,60,100,100,40,50,50,100,70,75,100,35,100,40,30,100,100,80,100,100,100,100,78,76,100,100,100,100,100,100,100,100,100,80,100,50,100,100,50,75,50,75,100,100,100,100,100,100,40,100,80,100,100,49,80,80,100,66,100,50,100,50,100,100,100,100,100,100,70,70,71,100,70,100,100,100,100,100,100,50,100,100,40,100,100,50,100,100,100,30,50,100,100,100,100,90,100,100,100,100,80,71,100,70,100,100,100,100,50,100,100,100,90,100,100,100,100,35,100,100,100,30,90,40,100,50,40,40,50,100,100,100,75,75,100,100,100,100,100,75,40,100,100,80,100,90,100,100,,,,,,,,,,,,,,,,,,,,,,,,,,,,,,,,,,,,,,,,,,,,,,,,,,,,,,,,,,,,,,,,,,,,,,,,,,,,,,,,,,,,,,,,,,,,,,,,,,,,,,,,,,,,,,,,,,,,,,,,,,,,,,,,,,,,,,,,,,,,,,,,,,,,,,,,,,,,,,,,,,,,,,,,,,,,,,,,,,,,,,,,,,,,,,,,,,,,,,,,,,,,,,,,,,,,,,,,,,,,,,,,,,,,,,,,,,,,,,,,,,,,,,,,,,,,,,,,,,,,,,,,,,,,,,,,,,,,,,,,,,,,,,,,,,,,,,,,,,,,,,,,,,,,,,,,,,,,,,,,,,,,,,,,,,,,,,,,,,,,,,,,,,,,,,,,,,,,,,,,,,,,,,,,,,,,,,,,,,,,,,,,,,,,,,,,,,,,,,,,,,,,,,,,,,,,,,,,,,,,,,,,,,,,,,,,,,,,,,,,,,,,,,,,,,,,,,,,,,,,,,,,,,,,,,,,,,,,,,,,,,,,,,,,,,,,,,,,,,,,,,,,,,,,,,,,,,,,,,,,,,,,,,,,,,,,,,,,,,,,,,,,,,,,,,,,,,,,,,,,,,,,,,,,,,,,,,,,,,,,,,,,,,,,,,,,,,,,,,,,,,,,,,,,,,,,,,,,,,,,,,,,,,,,,,,,,,,,,,,,,,,,,,,,,,,,,,,,,,,,,,,,,,,,,,,,,,,,,,,,,,,,,,,,,,,,,,,,,,,,,,,,,,,,,,,,,,,,,,,,,,,,,,,,,,,,,,,,,,,,,,,,,,,,,,,,,,,,,,,,,,,,,,,,,,,,,,,,,,,,,,,,,,,,,,,,,,,,,,,,,,,,,,,,,,,,,,,,,,,,,,,,,,,,,,,35-44,Female,,Bachelor's degree,,White / Caucasian,,1,0.584317526
R_1KMAk74HyAPTExt,Retail Sales Associate,,,,,,,,,,,,,,,,,,,,,,,,,,,,,,,,,,,,,,,,,,,,,,,,,,,,,,,,,,,,,,,,,,,,,,,,,,,,,,,,,,,,,,,,,,,,,,,,,,,,,,,,,,,,,,,,,,,,,,,,,,,,,,,,,,,,,,,,,,,,,,,,,,,,,,,,,,,,,,,,,,,,,,,,,,,,,,,,,,,,,,,,,,,,,,,,,,,,,,,,,,,,,,,,,,,,,,,,,,,,,,,,,,,,,,,,,,,,,,,,,,,,,,,,,,,,,,,,,,,,,,,,,,,,,,,,,,,,,,,,,,,,,,,,,,,,,,,,,,,,,,,,,,,,,,,,,,,,,,,,,,,,,,,,,,,,,,,,,,,,,,,,,,,,,,,,,,,,,,,,,,,,,,,,,,,,,,,,,,,,,,,,,,,,,,,,,,,,,,,,,,,,,,,,,,,,,,,,,,,,,,,,,,,,,,,,,,,,,,,,,,,,,,,,,,,,,,,,,,,,,,,,,,,,,,,,,,,,,,,,,,,,,,,,,,,,,,,,,,,,,66,76,57,55,60,28,68,66,73,62,52,64,37,55,72,53,66,45,81,60,67,80,64,65,76,68,51,70,71,60,59,56,69,54,59,56,81,54,64,79,73,54,84,78,70,75,69,73,46,62,83,70,35,71,69,56,47,63,69,46,33,77,78,80,85,65,63,55,55,86,68,50,72,67,71,38,67,63,70,52,59,60,71,57,75,83,77,74,80,55,54,70,66,71,56,64,55,72,61,27,68,69,67,71,75,75,78,74,48,61,52,39,45,49,61,64,69,31,65,50,54,64,70,66,63,72,61,69,40,73,72,72,65,85,68,68,52,77,70,60,68,39,52,64,73,68,57,64,69,50,62,52,61,64,70,71,18,71,77,50,69,64,80,75,64,60,56,,,,,,,,,,,,,,,,,,,,,,,,,,,,,,,,,,,,,,,,,,,,,,,,,,,,,,,,,,,,,,,,,,,,,,,,,,,,,,,,,,,,,,,,,,,,,,,,,,,,,,,,,,,,,,,,,,,,,,,,,,,,,,,,,,,,,,,,,,,,,,,,,,,,,,,,,,,,,,,,,,,,,,,,,,,,,,,,,,,,,,,,,,,,,,,,,,,,,,,,,,,,,,,,,,,,,,,,,,,,,,,,,,,,,,,,,,,,,,,,,,,,,,,,,,,,,,,,,,,,,,,,,,,,,,,,,,,,,,,,,,,,,,,,,,,,,,,,,,,,,,,,,,,,,,,,,,,,,,,,,,,,,,,,,,,35-44,Male,,Graduate degree,,White / Caucasian,,4,0.220246511
R_5mgT6kuhcSWANpS,Inventory Manager,,,,,,,,,,,,,,,,,,,,,,,,,,,,,,,,,,,,,,,,,,,,,,,,,,,,,,,,,,,,,,,,,,,,,,,,,,,,,,,,,,,,,,,,,,,,,,,,,,,,,,,,,,,,,,,,,,,,,,,,,,,,,,,,,,,,,,,,,,,,,,,,,,,,,,,,,,,,,,,,,,,,,,,,,,,,,,,,,,,,,,,,,,,,,,,,,,,,,,,,,,,,,,,,,,,,,,,,,,,,,,,,,,,,,,,,,,,,,,,,,,,,,,,,,,,,,,,,,,,,,,,,,,,,,,,,,,,,,,,,,,,,,,,,,,,,,,,,,,,,,,,,,,,,,,,,,,,,,,,,,,,,,,,,,,,,,,,,,,,,,,,,,,,,,,,,,,,,,,,,,,,,,,,,,,,,,,,,,,,,,,,,,,,,,,,,,,,,,,,,,,,,,,,,,,,,,,,,,,,,,,,,,,,,,,,,,,,,,,,,,,,,,,,,,,,,,,,,,,,,,,,,,,,,,,,,,,,,,,,,,,,,,,,,,,,,,,,,,,,,,,,,,,,,,,,,,,,,,,,,,,,,,,,,,,,,,,,,,,,,,,,,,,,,,,,,,,,,,,,,,,,,,,,,,,,,,,,,,,,,,,,,,,,,,,,,,,,,,,,,,,,,,,,,,,,,,,,,,,,,,,,,,,,,,,,,,,,,,,,,,,,,,,,,,,,,,,,,,,,,,,,,,,,,60,20,80,20,70,70,80,70,70,35,65,65,30,60,40,25,40,78,65,70,55,68,65,48,20,65,40,80,10,75,35,80,25,75,75,45,60,40,65,60,61,75,40,75,75,65,75,40,35,75,75,60,75,40,20,80,80,60,20,80,77,25,30,35,70,35,75,30,25,65,70,65,65,70,75,40,35,80,65,55,15,75,70,75,70,60,77,68,75,45,75,15,68,65,70,65,65,35,41,15,75,75,65,70,55,45,55,80,61,75,40,80,70,50,70,80,25,31,50,35,78,35,80,38,35,15,61,80,70,75,80,60,30,35,60,80,24,78,30,80,78,60,75,45,30,22,40,75,65,70,40,75,70,80,20,70,25,55,55,75,50,50,30,20,,,,,,,,,,,,,,,,,,,,,,,,,,,,,,,,,,,,,,,,,,,,,,,,,,,,,,,,,,,,,,,,,,,,,,,,,,,,,,,,,,,,,,,,,,,,,,,,,,,,,,,,,,,,,,,,,,,,,,,,,,,,,,,,,,,,,,,,,,,,,,,,,,,,,,,,,,,,,,,,,,,,,,,35-44,Male,,Bachelor's degree,,White / Caucasian,,5,0.94900178
R_3IiMMoH8yC4zeSR,Retail Sales Associate,79,72,69,76,70,71,73,74,68,73,75,69,70,70,70,69,72,61,69,74,71,80,73,71,73,73,68,70,74,75,72,70,60,66,75,69,66,63,75,71,73,75,74,75,68,74,73,73,77,64,72,73,76,76,70,73,70,74,73,71,74,68,73,73,72,71,81,75,61,72,74,77,72,70,75,71,67,76,70,73,64,72,69,61,75,75,73,70,70,74,74,72,77,68,72,73,73,71,75,72,67,70,70,60,70,76,75,76,50,75,73,69,73,71,74,74,71,74,73,70,59,75,72,79,67,75,79,73,72,73,75,71,73,71,71,73,73,64,71,69,74,73,74,75,67,76,68,77,68,72,67,77,75,72,75,74,74,72,70,77,71,72,72,60,59,75,70,,,,,,,,,,,,,,,,,,,,,,,,,,,,,,,,,,,,,,,,,,,,,,,,,,,,,,,,,,,,,,,,,,,,,,,,,,,,,,,,,,,,,,,,,,,,,,,,,,,,,,,,,,,,,,,,,,,,,,,,,,,,,,,,,,,,,,,,,,,,,,,,,,,,,,,,,,,,,,,,,,,,,,,,,,,,,,,,,,,,,,,,,,,,,,,,,,,,,,,,,,,,,,,,,,,,,,,,,,,,,,,,,,,,,,,,,,,,,,,,,,,,,,,,,,,,,,,,,,,,,,,,,,,,,,,,,,,,,,,,,,,,,,,,,,,,,,,,,,,,,,,,,,,,,,,,,,,,,,,,,,,,,,,,,,,,,,,,,,,,,,,,,,,,,,,,,,,,,,,,,,,,,,,,,,,,,,,,,,,,,,,,,,,,,,,,,,,,,,,,,,,,,,,,,,,,,,,,,,,,,,,,,,,,,,,,,,,,,,,,,,,,,,,,,,,,,,,,,,,,,,,,,,,,,,,,,,,,,,,,,,,,,,,,,,,,,,,,,,,,,,,,,,,,,,,,,,,,,,,,,,,,,,,,,,,,,,,,,,,,,,,,,,,,,,,,,,,,,,,,,,,,,,,,,,,,,,,,,,,,,,,,,,,,,,,,,,,,,,,,,,,,,,,,,,,,,,,,,,,,,,,,,,,,,,,,,,,,,,,,,,,,,,,,,,,,,,,,,,,,,,,,,,,,,,,,,,,,,,,,,,,,,,,,,,,,,,,,,,,,,,,,,,,,,,,,,,,,,,,,,,,,,,,,,,,,,,,,,,,,,,,,,,,,,,,,,,,,,,,,,,,,,,,,,,,,,,,,,,,,,,,,,,,,,,,,,,,,,,,,,,,,,,,,,,,,,,,,,,,,,,,,,,,,,,,18-24,Female,,High school graduate,,Black or African American,,1,0.166301979
R_7vZ8hBH4z2NuICd,Financial Advisor,,,,,,,,,,,,,,,,,,,,,,,,,,,,,,,,,,,,,,,,,,,,,,,,,,,,,,,,,,,,,,,,,,,,,,,,,,,,,,,,,,,,,,,,,,,,,,,,,,,,,,,,,,,,,,,,,,,,,,,,,,,,,,,,,,,,,,,,,,,,,,,,,,,,,,,,,,,,,,,,,,,,,,,,50,50,90,90,95,60,12,75,85,85,3,25,20,80,11,50,100,100,40,85,50,70,95,95,60,50,90,50,75,85,0,75,75,95,80,80,95,100,90,50,60,40,75,90,50,75,90,70,20,85,60,0,50,90,90,65,50,75,10,95,80,70,70,85,80,95,20,90,90,34,50,60,60,25,3,50,75,90,90,50,2,65,65,90,90,75,7,75,90,65,50,3,95,95,80,36,65,70,1,77,53,70,50,9,75,65,50,75,85,75,60,65,75,50,50,1,50,85,20,50,5,60,70,75,30,95,13,95,90,85,75,70,16,75,90,70,60,10,100,50,65,80,80,88,85,85,90,65,40,75,85,85,90,80,80,80,75,50,15,50,95,50,50,0,85,75,,,,,,,,,,,,,,,,,,,,,,,,,,,,,,,,,,,,,,,,,,,,,,,,,,,,,,,,,,,,,,,,,,,,,,,,,,,,,,,,,,,,,,,,,,,,,,,,,,,,,,,,,,,,,,,,,,,,,,,,,,,,,,,,,,,,,,,,,,,,,,,,,,,,,,,,,,,,,,,,,,,,,,,,,,,,,,,,,,,,,,,,,,,,,,,,,,,,,,,,,,,,,,,,,,,,,,,,,,,,,,,,,,,,,,,,,,,,,,,,,,,,,,,,,,,,,,,,,,,,,,,,,,,,,,,,,,,,,,,,,,,,,,,,,,,,,,,,,,,,,,,,,,,,,,,,,,,,,,,,,,,,,,,,,,,,,,,,,,,,,,,,,,,,,,,,,,,,,,,,,,,,,,,,,,,,,,,,,,,,,,,,,,,,,,,,,,,,,,,,,,,,,,,,,,,,,,,,,,,,,,,,,,,,,,,,,,,,,,,,,,,,,,,,,,,,,,,,,,,,,,,,,,,,,,,,,,,,,,,,,,,,,,,,,,,,,,,,,,,,,,,,,,,,,,,,,,,,,,,,,,,,,,,,,,,,,,,,,,,,,,,,,,,,,,,,,,,,,,,,,,,,,,,,,,,,,,,,,,,,,,,,,,,,,,,,,,,,,,,,,,,,,,,,,,,,,,,,,,,,,,,,,,,,,,,,,,,,,,,,,,,,,,,,,,,,,,,,,,,,,,,,,55-64,Female,,Some college,,Black or African American,,2,0.781032076
R_5DCEDfBfGWeo7eh,Risk Analyst,,,,,,,,,,,,,,,,,,,,,,,,,,,,,,,,,,,,,,,,,,,,,,,,,,,,,,,,,,,,,,,,,,,,,,,,,,,,,,,,,,,,,,,,,,,,,,,,,,,,,,,,,,,,,,,,,,,,,,,,,,,,,,,,,,,,,,,,,,,,,,,,,,,,,,,,,,,,,,,,,,,,,,,,,,,,,,,,,,,,,,,,,,,,,,,,,,,,,,,,,,,,,,,,,,,,,,,,,,,,,,,,,,,,,,,,,,,,,,,,,,,,,,,,,,,,,,,,,,,,,,,,,,,,,,,,,,,,,,,,,,,,,,,,,,,,,,,,,,,,,,,,,,,,,,,,,,,,,,,,,,,,,,,,,,,,,,50,49,100,53,100,100,50,50,100,50,49,100,99,100,50,100,51,100,50,100,100,50,100,52,52,100,50,49,100,50,100,49,49,100,100,50,52,100,50,50,100,100,100,51,51,49,51,51,100,49,49,100,100,99,100,50,100,100,100,49,51,100,49,100,90,90,50,98,100,50,100,49,100,50,49,99,100,100,49,99,100,100,100,50,44,50,50,52,50,100,53,100,100,53,51,100,100,100,100,49,100,100,49,51,100,100,52,100,100,50,100,100,51,100,100,52,100,50,100,50,100,100,52,100,100,99,51,100,100,100,100,50,50,100,51,100,100,53,51,49,100,51,100,50,50,53,100,49,49,50,100,52,50,100,100,100,50,99,49,100,50,49,100,100,100,50,100,,,,,,,,,,,,,,,,,,,,,,,,,,,,,,,,,,,,,,,,,,,,,,,,,,,,,,,,,,,,,,,,,,,,,,,,,,,,,,,,,,,,,,,,,,,,,,,,,,,,,,,,,,,,,,,,,,,,,,,,,,,,,,,,,,,,,,,,,,,,,,,,,,,,,,,,,,,,,,,,,,,,,,,,,,,,,,,,,,,,,,,,,,,,,,,,,,,,,,,,,,,,,,,,,,,,,,,,,,,,,,,,,,,,,,,,,,,,,,,,,,,,,,,,,,,,,,,,,,,,,,,,,,,,,,,,,,,,,,,,,,,,,,,,,,,,,,,,,,,,,,,,,,,,,,,,,,,,,,,,,,,,,,,,,,,,,,,,,,,,,,,,,,,,,,,,,,,,,,,,,,,,,,,,,,,,,,,,,,,,,,,,,,,,,,,,,,,,,,,,,,,,,,,,,,,,,,,,,,,,,,,,,,,,,,,,,,,,,,,,,,,,,,,,,,,,,,,,,,,,,,,,,,,,,,,,,,,,,,,,,,,,,,,,,,,,,,,,,,35-44,Male,,Bachelor's degree,,Black or African American,,3,0.872466705
R_5pLddqjN0BIZARh,Retail Sales Associate,,,,,,,,,,,,,,,,,,,,,,,,,,,,,,,,,,,,,,,,,,,,,,,,,,,,,,,,,,,,,,,,,,,,,,,,,,,,,,,,,,,,,,,,,,,,,,,,,,,,,,,,,,,,,,,,,,,,,,,,,,,,,,,,,,,,,,,,,,,,,,,,,,,,,,,,,,,,,,,,,,,,,,,,,,,,,,,,,,,,,,,,,,,,,,,,,,,,,,,,,,,,,,,,,,,,,,,,,,,,,,,,,,,,,,,,,,,,,,,,,,,,,,,,,,,,,,,,,,,,,,,,,,,,,,,,,,,,,,,,,,,,,,,,,,,,,,,,,,,,,,,,,,,,,,,,,,,,,,,,,,,,,,,,,,,,,,,,,,,,,,,,,,,,,,,,,,,,,,,,,,,,,,,,,,,,,,,,,,,,,,,,,,,,,,,,,,,,,,,,,,,,,,,,,,,,,,,,,,,,,,,,,,,,,,,,,,,,,,,,,,,,,,,,,,,,,,,,,,,,,,,,,,,,,,,,,,,,,,,,,,,,,,,,,,,,,,,,,,,,,,,,,,,,,,,,,,,,,,,,,,,,,,,,,,,,,,,,,,,,,,,,,,,,,,,,,,,,,,,,,,,,,,,,,,,,,,,,,,,,,,,,,,,,,,,,,,,,,,,,,,,,,,,,,,,,,,,,,,,,,,,,,,,,,,,,,,,,,,,,,,,,,,,,,,,,,,,,,,,,,,,,,,,,75,45,95,48,65,50,80,75,70,70,80,89,55,75,80,90,75,85,76,50,75,75,60,65,90,75,65,93,80,65,75,53,60,85,80,70,50,80,95,90,90,80,76,73,50,85,85,65,85,95,90,75,85,70,75,92,95,85,60,75,80,75,79,75,75,95,50,91,85,80,52,50,80,75,95,5,90,95,85,75,41,75,65,60,70,85,50,81,75,60,90,75,65,50,81,55,90,85,95,60,65,50,50,95,90,70,75,80,75,90,81,70,95,75,50,50,94,75,50,75,95,90,75,75,75,55,75,70,75,95,55,65,65,95,84,90,60,70,70,97,58,90,85,52,82,51,88,80,95,90,90,81,52,95,72,85,65,95,75,90,81,50,75,43,,,,,,,,,,,,,,,,,,,,,,,,,,,,,,,,,,,,,,,,,,,,,,,,,,,,,,,,,,,,,,,,,,,,,,,,,,,,,,,,,,,,,,,,,,,,,,,,,,,,,,,,,,,,,,,,,,,,,,,,,,,,,,,,,,,,,,,,,,,,,,,,,,,,,,,,,,,,,,,,,,,,,,,45-54,Female,,Some college,,Black or African American,,5,0.778256431
R_6CksHD2sQyHEN6F,Inventory Manager,,,,,,,,,,,,,,,,,,,,,,,,,,,,,,,,,,,,,,,,,,,,,,,,,,,,,,,,,,,,,,,,,,,,,,,,,,,,,,,,,,,,,,,,,,,,,,,,,,,,,,,,,,,,,,,,,,,,,,,,,,,,,,,,,,,,,,,,,,,,,,,,,,,,,,,,,,,,,,,,,,,,,,,,,,,,,,,,,,,,,,,,,,,,,,,,,,,,,,,,,,,,,,,,,,,,,,,,,,,,,,,,,,,,,,,,,,,,,,,,,,,,,,,,,,,,,,,,,,,,,,,,,,,,,,,,,,,,,,,,,,,,,,,,,,,,,,,,,,,,,,,,,,,,,,,,,,,,,,,,,,,,,,,,,,,,,,,,,,,,,,,,,,,,,,,,,,,,,,,,,,,,,,,,,,,,,,,,,,,,,,,,,,,,,,,,,,,,,,,,,,,,,,,,,,,,,,,,,,,,,,,,,,,,,,,,,,,,,,,,,,,,,,,,,,,,,,,,,,,,,,,,,,,,,,,,,,,,,,,,,,,,,,,,,,,,,,,,,,,,,50,50,0,50,50,50,50,50,50,50,50,50,50,50,50,50,50,50,50,50,50,50,50,50,50,50,50,50,50,50,50,50,50,50,50,50,50,50,50,50,50,50,50,50,50,50,50,50,50,50,50,50,50,50,50,50,50,50,50,50,50,50,50,50,50,50,50,50,50,50,50,50,50,50,50,50,50,50,50,50,50,50,50,50,0,50,50,50,50,50,50,50,50,50,50,50,50,50,50,50,0,50,50,50,50,50,50,50,50,50,50,50,50,50,50,50,50,50,50,50,50,50,50,50,50,50,50,50,50,50,50,50,50,50,0,50,50,50,50,50,50,50,50,50,50,50,50,50,50,50,50,50,50,50,50,50,50,50,50,50,50,50,50,50,50,50,0,,,,,,,,,,,,,,,,,,,,,,,,,,,,,,,,,,,,,,,,,,,,,,,,,,,,,,,,,,,,,,,,,,,,,,,,,,,,,,,,,,,,,,,,,,,,,,,,,,,,,,,,,,,,,,,,,,,,,,,,,,,,,,,,,,,,,,,,,,,,,,,,,,,,,,,,,,,,,,,,,,,,,,,,,,,,,,,,,,,,,,,,,,,,,,,,,,,,,,,,,,,,,,,,,,,,,,,,,,,,,,,,,,,,,,,,,,,,,,,,,,,,,,,,,,,,,,,,,,,,,,,,,,,,,,,,,,,,,,,,,,,,,,,,,,,,,,,,,,,,,,,,,,,,,,,,,,,,,,,,,,,,,,,,,,,65 or above,Male,,Graduate degree,,White / Caucasian,,4,1
R_3CxKcXwcelAbVAm,Risk Analyst,,,,,,,,,,,,,,,,,,,,,,,,,,,,,,,,,,,,,,,,,,,,,,,,,,,,,,,,,,,,,,,,,,,,,,,,,,,,,,,,,,,,,,,,,,,,,,,,,,,,,,,,,,,,,,,,,,,,,,,,,,,,,,,,,,,,,,,,,,,,,,,,,,,,,,,,,,,,,,,,,,,,,,,,,,,,,,,,,,,,,,,,,,,,,,,,,,,,,,,,,,,,,,,,,,,,,,,,,,,,,,,,,,,,,,,,,,,,,,,,,,,,,,,,,,,,,,,,,,,,,,,,,,,,,,,,,,,,,,,,,,,,,,,,,,,,,,,,,,,,,,,,,,,,,,,,,,,,,,,,,,,,,,,,,,,,,,50,3,100,6,96,90,53,38,5,3,51,93,51,53,34,57,10,85,52,100,75,52,3,3,52,99,8,34,5,21,80,29,93,86,51,5,10,23,89,19,3,4,16,24,7,15,8,53,66,75,9,17,4,89,91,16,29,54,100,9,83,6,56,3,5,51,37,50,38,52,100,39,21,9,86,6,52,66,54,53,51,5,54,20,24,54,33,56,14,100,10,71,83,40,26,54,52,45,39,31,91,93,34,25,100,99,9,96,9,97,100,10,41,81,34,8,97,5,88,18,28,34,24,3,14,100,20,25,42,60,51,79,34,97,36,35,99,3,33,54,29,32,76,78,32,6,55,12,16,52,54,10,74,33,84,87,51,82,81,100,96,27,14,100,55,4,74,,,,,,,,,,,,,,,,,,,,,,,,,,,,,,,,,,,,,,,,,,,,,,,,,,,,,,,,,,,,,,,,,,,,,,,,,,,,,,,,,,,,,,,,,,,,,,,,,,,,,,,,,,,,,,,,,,,,,,,,,,,,,,,,,,,,,,,,,,,,,,,,,,,,,,,,,,,,,,,,,,,,,,,,,,,,,,,,,,,,,,,,,,,,,,,,,,,,,,,,,,,,,,,,,,,,,,,,,,,,,,,,,,,,,,,,,,,,,,,,,,,,,,,,,,,,,,,,,,,,,,,,,,,,,,,,,,,,,,,,,,,,,,,,,,,,,,,,,,,,,,,,,,,,,,,,,,,,,,,,,,,,,,,,,,,,,,,,,,,,,,,,,,,,,,,,,,,,,,,,,,,,,,,,,,,,,,,,,,,,,,,,,,,,,,,,,,,,,,,,,,,,,,,,,,,,,,,,,,,,,,,,,,,,,,,,,,,,,,,,,,,,,,,,,,,,,,,,,,,,,,,,,,,,,,,,,,,,,,,,,,,,,,,,,,,,,,,,,,35-44,Female,,Some college,,Black or African American,,3,0.587892552
R_1hMUVj414SyVncl,Retail Sales Associate,,,,,,,,,,,,,,,,,,,,,,,,,,,,,,,,,,,,,,,,,,,,,,,,,,,,,,,,,,,,,,,,,,,,,,,,,,,,,,,,,,,,,,,,,,,,,,,,,,,,,,,,,,,,,,,,,,,,,,,,,,,,,,,,,,,,,,,,,,,,,,,,,,,,,,,,,,,,,,,,,,,,,,,,10,25,10,1,10,10,10,10,10,25,1,10,25,30,5,50,75,10,25,50,90,5,50,10,75,50,25,50,25,25,50,50,25,50,50,25,25,65,10,10,25,10,65,25,50,50,50,50,25,25,50,1,1,15,50,75,50,1,35,25,1,25,10,1,50,1,25,25,1,50,1,10,50,50,25,15,25,75,50,10,1,25,10,1,1,50,1,50,10,90,10,10,50,25,1,55,25,50,1,65,65,65,10,60,10,50,1,25,50,10,1,25,25,50,50,1,25,1,25,5,50,10,1,25,75,1,65,65,25,50,35,30,55,25,5,55,1,55,50,1,10,50,50,50,25,75,1,10,50,50,1,65,25,10,55,30,25,25,50,50,25,65,50,1,10,10,,,,,,,,,,,,,,,,,,,,,,,,,,,,,,,,,,,,,,,,,,,,,,,,,,,,,,,,,,,,,,,,,,,,,,,,,,,,,,,,,,,,,,,,,,,,,,,,,,,,,,,,,,,,,,,,,,,,,,,,,,,,,,,,,,,,,,,,,,,,,,,,,,,,,,,,,,,,,,,,,,,,,,,,,,,,,,,,,,,,,,,,,,,,,,,,,,,,,,,,,,,,,,,,,,,,,,,,,,,,,,,,,,,,,,,,,,,,,,,,,,,,,,,,,,,,,,,,,,,,,,,,,,,,,,,,,,,,,,,,,,,,,,,,,,,,,,,,,,,,,,,,,,,,,,,,,,,,,,,,,,,,,,,,,,,,,,,,,,,,,,,,,,,,,,,,,,,,,,,,,,,,,,,,,,,,,,,,,,,,,,,,,,,,,,,,,,,,,,,,,,,,,,,,,,,,,,,,,,,,,,,,,,,,,,,,,,,,,,,,,,,,,,,,,,,,,,,,,,,,,,,,,,,,,,,,,,,,,,,,,,,,,,,,,,,,,,,,,,,,,,,,,,,,,,,,,,,,,,,,,,,,,,,,,,,,,,,,,,,,,,,,,,,,,,,,,,,,,,,,,,,,,,,,,,,,,,,,,,,,,,,,,,,,,,,,,,,,,,,,,,,,,,,,,,,,,,,,,,,,,,,,,,,,,,,,,,,,,,,,,,,,,,,,,,,,,,,,,,,,,,,,,55-64,Female,,Some college,,American Indian or Alaskan Native,,2,0.756951703
R_302ytmtL8QEeF9I,Inventory Manager,95,100,100,100,100,100,100,100,100,100,100,100,100,100,100,100,100,100,100,90,100,100,100,100,100,100,100,100,100,100,100,90,90,100,100,100,100,100,100,97,100,100,100,100,90,100,100,100,100,100,100,100,100,100,90,100,100,95,100,100,90,100,100,100,100,100,100,100,100,100,100,100,100,100,100,90,100,95,100,100,100,100,100,96,100,100,100,100,100,100,90,100,100,100,100,100,100,100,100,100,100,100,100,100,100,100,100,100,100,100,100,100,100,100,100,100,100,100,100,100,100,100,100,100,100,100,100,100,100,100,90,100,100,100,100,100,100,100,100,100,100,100,100,100,100,100,90,100,100,100,100,100,100,90,100,100,92,100,100,100,100,100,100,100,100,100,100,,,,,,,,,,,,,,,,,,,,,,,,,,,,,,,,,,,,,,,,,,,,,,,,,,,,,,,,,,,,,,,,,,,,,,,,,,,,,,,,,,,,,,,,,,,,,,,,,,,,,,,,,,,,,,,,,,,,,,,,,,,,,,,,,,,,,,,,,,,,,,,,,,,,,,,,,,,,,,,,,,,,,,,,,,,,,,,,,,,,,,,,,,,,,,,,,,,,,,,,,,,,,,,,,,,,,,,,,,,,,,,,,,,,,,,,,,,,,,,,,,,,,,,,,,,,,,,,,,,,,,,,,,,,,,,,,,,,,,,,,,,,,,,,,,,,,,,,,,,,,,,,,,,,,,,,,,,,,,,,,,,,,,,,,,,,,,,,,,,,,,,,,,,,,,,,,,,,,,,,,,,,,,,,,,,,,,,,,,,,,,,,,,,,,,,,,,,,,,,,,,,,,,,,,,,,,,,,,,,,,,,,,,,,,,,,,,,,,,,,,,,,,,,,,,,,,,,,,,,,,,,,,,,,,,,,,,,,,,,,,,,,,,,,,,,,,,,,,,,,,,,,,,,,,,,,,,,,,,,,,,,,,,,,,,,,,,,,,,,,,,,,,,,,,,,,,,,,,,,,,,,,,,,,,,,,,,,,,,,,,,,,,,,,,,,,,,,,,,,,,,,,,,,,,,,,,,,,,,,,,,,,,,,,,,,,,,,,,,,,,,,,,,,,,,,,,,,,,,,,,,,,,,,,,,,,,,,,,,,,,,,,,,,,,,,,,,,,,,,,,,,,,,,,,,,,,,,,,,,,,,,,,,,,,,,,,,,,,,,,,,,,,,,,,,,,,,,,,,,,,,,,,,,,,,,,,,,,,,,,,,,,,,,,,,,,,,,,,,,,,,,,,,,,,,,,,,,,,,,,,,,,,,,,,,,25-34,Female,,Some college,,White / Caucasian,,1,0.878496023
R_5UGqCR4Zwq6HI2t,Financial Advisor,,,,,,,,,,,,,,,,,,,,,,,,,,,,,,,,,,,,,,,,,,,,,,,,,,,,,,,,,,,,,,,,,,,,,,,,,,,,,,,,,,,,,,,,,,,,,,,,,,,,,,,,,,,,,,,,,,,,,,,,,,,,,,,,,,,,,,,,,,,,,,,,,,,,,,,,,,,,,,,,,,,,,,,,10,10,65,49,38,22,21,100,86,15,31,41,34,85,32,100,100,26,98,92,48,58,72,85,58,86,10,88,31,97,4,87,100,98,100,98,100,84,48,10,64,22,93,86,100,43,100,42,49,88,100,0,4,100,94,100,93,84,96,19,45,76,100,26,58,46,91,100,44,97,45,63,36,13,100,53,33,52,29,62,7,42,49,94,78,76,66,100,51,51,53,100,100,74,47,92,48,100,47,100,18,77,75,8,100,100,47,87,64,47,4,10,6,92,94,3,92,92,88,60,86,73,100,100,61,86,55,94,92,82,100,95,38,21,46,100,23,17,95,62,25,100,97,40,99,100,68,88,100,100,50,79,14,51,100,92,76,17,11,100,24,100,96,5,71,100,,,,,,,,,,,,,,,,,,,,,,,,,,,,,,,,,,,,,,,,,,,,,,,,,,,,,,,,,,,,,,,,,,,,,,,,,,,,,,,,,,,,,,,,,,,,,,,,,,,,,,,,,,,,,,,,,,,,,,,,,,,,,,,,,,,,,,,,,,,,,,,,,,,,,,,,,,,,,,,,,,,,,,,,,,,,,,,,,,,,,,,,,,,,,,,,,,,,,,,,,,,,,,,,,,,,,,,,,,,,,,,,,,,,,,,,,,,,,,,,,,,,,,,,,,,,,,,,,,,,,,,,,,,,,,,,,,,,,,,,,,,,,,,,,,,,,,,,,,,,,,,,,,,,,,,,,,,,,,,,,,,,,,,,,,,,,,,,,,,,,,,,,,,,,,,,,,,,,,,,,,,,,,,,,,,,,,,,,,,,,,,,,,,,,,,,,,,,,,,,,,,,,,,,,,,,,,,,,,,,,,,,,,,,,,,,,,,,,,,,,,,,,,,,,,,,,,,,,,,,,,,,,,,,,,,,,,,,,,,,,,,,,,,,,,,,,,,,,,,,,,,,,,,,,,,,,,,,,,,,,,,,,,,,,,,,,,,,,,,,,,,,,,,,,,,,,,,,,,,,,,,,,,,,,,,,,,,,,,,,,,,,,,,,,,,,,,,,,,,,,,,,,,,,,,,,,,,,,,,,,,,,,,,,,,,,,,,,,,,,,,,,,,,,,,,,,,,,,,,,,,,,,35-44,Female,,Some college,,White / Caucasian,,2,0.908576416
R_1P1nvQr6ohMpnLM,Retail Sales Associate,,,,,,,,,,,,,,,,,,,,,,,,,,,,,,,,,,,,,,,,,,,,,,,,,,,,,,,,,,,,,,,,,,,,,,,,,,,,,,,,,,,,,,,,,,,,,,,,,,,,,,,,,,,,,,,,,,,,,,,,,,,,,,,,,,,,,,,,,,,,,,,,,,,,,,,,,,,,,,,,,,,,,,,,,,,,,,,,,,,,,,,,,,,,,,,,,,,,,,,,,,,,,,,,,,,,,,,,,,,,,,,,,,,,,,,,,,,,,,,,,,,,,,,,,,,,,,,,,,,,,,,,,,,,,,,,,,,,,,,,,,,,,,,,,,,,,,,,,,,,,,,,,,,,,,,,,,,,,,,,,,,,,,,,,,,,,,89,92,94,88,82,48,75,82,97,49,93,95,44,74,94,90,18,31,94,58,92,87,7,83,100,15,85,82,79,100,76,99,95,93,100,52,46,67,90,84,97,98,92,90,94,95,91,92,43,97,94,61,98,97,92,100,84,91,61,94,16,90,100,94,12,2,83,94,93,99,91,81,1,89,67,92,70,91,92,73,91,93,80,94,86,92,91,97,75,87,22,16,93,89,95,100,80,95,76,70,79,57,75,88,91,90,90,98,0,51,67,96,87,96,84,94,8,89,27,98,0,34,87,77,95,93,85,89,95,80,91,63,90,7,94,79,49,96,92,87,60,90,83,92,93,80,93,77,90,85,38,74,59,53,96,82,92,15,92,86,64,92,92,88,97,94,69,,,,,,,,,,,,,,,,,,,,,,,,,,,,,,,,,,,,,,,,,,,,,,,,,,,,,,,,,,,,,,,,,,,,,,,,,,,,,,,,,,,,,,,,,,,,,,,,,,,,,,,,,,,,,,,,,,,,,,,,,,,,,,,,,,,,,,,,,,,,,,,,,,,,,,,,,,,,,,,,,,,,,,,,,,,,,,,,,,,,,,,,,,,,,,,,,,,,,,,,,,,,,,,,,,,,,,,,,,,,,,,,,,,,,,,,,,,,,,,,,,,,,,,,,,,,,,,,,,,,,,,,,,,,,,,,,,,,,,,,,,,,,,,,,,,,,,,,,,,,,,,,,,,,,,,,,,,,,,,,,,,,,,,,,,,,,,,,,,,,,,,,,,,,,,,,,,,,,,,,,,,,,,,,,,,,,,,,,,,,,,,,,,,,,,,,,,,,,,,,,,,,,,,,,,,,,,,,,,,,,,,,,,,,,,,,,,,,,,,,,,,,,,,,,,,,,,,,,,,,,,,,,,,,,,,,,,,,,,,,,,,,,,,,,,,,,,,,,,65 or above,Female,,Graduate degree,,White / Caucasian,,3,0.195596533
R_5eFhbjgbuDV83W9,Inventory Manager,,,,,,,,,,,,,,,,,,,,,,,,,,,,,,,,,,,,,,,,,,,,,,,,,,,,,,,,,,,,,,,,,,,,,,,,,,,,,,,,,,,,,,,,,,,,,,,,,,,,,,,,,,,,,,,,,,,,,,,,,,,,,,,,,,,,,,,,,,,,,,,,,,,,,,,,,,,,,,,,,,,,,,,,99,85,89,50,90,74,100,91,96,100,45,97,70,75,65,97,75,70,89,84,100,91,92,87,90,92,100,91,81,75,48,100,97,96,92,73,73,100,50,78,88,87,90,100,77,87,100,52,69,98,100,1,100,100,94,80,93,95,97,64,98,100,83,24,94,100,67,92,91,85,99,84,75,48,81,79,95,82,48,40,52,67,74,86,92,89,84,93,87,100,84,53,83,79,44,53,97,85,94,88,79,65,76,65,92,92,100,30,96,71,93,94,94,91,87,51,90,75,60,51,90,51,90,49,71,97,80,92,100,76,90,70,90,40,73,80,92,65,93,68,82,70,70,100,100,84,96,100,89,100,71,91,50,82,55,47,89,55,59,70,75,100,95,95,80,85,,,,,,,,,,,,,,,,,,,,,,,,,,,,,,,,,,,,,,,,,,,,,,,,,,,,,,,,,,,,,,,,,,,,,,,,,,,,,,,,,,,,,,,,,,,,,,,,,,,,,,,,,,,,,,,,,,,,,,,,,,,,,,,,,,,,,,,,,,,,,,,,,,,,,,,,,,,,,,,,,,,,,,,,,,,,,,,,,,,,,,,,,,,,,,,,,,,,,,,,,,,,,,,,,,,,,,,,,,,,,,,,,,,,,,,,,,,,,,,,,,,,,,,,,,,,,,,,,,,,,,,,,,,,,,,,,,,,,,,,,,,,,,,,,,,,,,,,,,,,,,,,,,,,,,,,,,,,,,,,,,,,,,,,,,,,,,,,,,,,,,,,,,,,,,,,,,,,,,,,,,,,,,,,,,,,,,,,,,,,,,,,,,,,,,,,,,,,,,,,,,,,,,,,,,,,,,,,,,,,,,,,,,,,,,,,,,,,,,,,,,,,,,,,,,,,,,,,,,,,,,,,,,,,,,,,,,,,,,,,,,,,,,,,,,,,,,,,,,,,,,,,,,,,,,,,,,,,,,,,,,,,,,,,,,,,,,,,,,,,,,,,,,,,,,,,,,,,,,,,,,,,,,,,,,,,,,,,,,,,,,,,,,,,,,,,,,,,,,,,,,,,,,,,,,,,,,,,,,,,,,,,,,,,,,,,,,,,,,,,,,,,,,,,,,,,,,,,,,,,,,,,,45-54,Female,,Graduate degree,,White / Caucasian,,2,0.471345115
R_38CdFfy2foejUkc,Inventory Manager,65,55,10,55,15,10,60,60,10,5,35,65,10,30,35,15,60,5,65,20,40,5,10,10,10,10,15,5,10,45,5,25,65,5,30,40,75,80,20,40,80,35,10,75,20,45,25,60,15,5,30,35,45,10,55,10,10,40,20,10,80,35,5,30,70,15,15,5,70,5,40,20,15,55,40,20,65,80,15,50,20,20,20,40,40,25,10,65,25,40,70,10,20,10,10,35,55,35,30,10,20,25,25,15,70,20,30,40,30,20,70,45,5,60,65,10,5,60,45,40,85,10,10,15,25,80,10,35,5,15,40,55,5,70,85,10,30,85,55,5,5,30,15,5,5,15,60,5,20,50,10,20,60,70,10,40,60,5,30,15,65,65,35,60,80,10,60,,,,,,,,,,,,,,,,,,,,,,,,,,,,,,,,,,,,,,,,,,,,,,,,,,,,,,,,,,,,,,,,,,,,,,,,,,,,,,,,,,,,,,,,,,,,,,,,,,,,,,,,,,,,,,,,,,,,,,,,,,,,,,,,,,,,,,,,,,,,,,,,,,,,,,,,,,,,,,,,,,,,,,,,,,,,,,,,,,,,,,,,,,,,,,,,,,,,,,,,,,,,,,,,,,,,,,,,,,,,,,,,,,,,,,,,,,,,,,,,,,,,,,,,,,,,,,,,,,,,,,,,,,,,,,,,,,,,,,,,,,,,,,,,,,,,,,,,,,,,,,,,,,,,,,,,,,,,,,,,,,,,,,,,,,,,,,,,,,,,,,,,,,,,,,,,,,,,,,,,,,,,,,,,,,,,,,,,,,,,,,,,,,,,,,,,,,,,,,,,,,,,,,,,,,,,,,,,,,,,,,,,,,,,,,,,,,,,,,,,,,,,,,,,,,,,,,,,,,,,,,,,,,,,,,,,,,,,,,,,,,,,,,,,,,,,,,,,,,,,,,,,,,,,,,,,,,,,,,,,,,,,,,,,,,,,,,,,,,,,,,,,,,,,,,,,,,,,,,,,,,,,,,,,,,,,,,,,,,,,,,,,,,,,,,,,,,,,,,,,,,,,,,,,,,,,,,,,,,,,,,,,,,,,,,,,,,,,,,,,,,,,,,,,,,,,,,,,,,,,,,,,,,,,,,,,,,,,,,,,,,,,,,,,,,,,,,,,,,,,,,,,,,,,,,,,,,,,,,,,,,,,,,,,,,,,,,,,,,,,,,,,,,,,,,,,,,,,,,,,,,,,,,,,,,,,,,,,,,,,,,,,,,,,,,,,,,,,,,,,,,,,,,,,,,,,,,,,,,,,,,,,,,,,,,,25-34,Male,,Some college,,White / Caucasian,,1,0.778097323
R_3EtTzzO4WsvWvEt,Inventory Manager,,,,,,,,,,,,,,,,,,,,,,,,,,,,,,,,,,,,,,,,,,,,,,,,,,,,,,,,,,,,,,,,,,,,,,,,,,,,,,,,,,,,,,,,,,,,,,,,,,,,,,,,,,,,,,,,,,,,,,,,,,,,,,,,,,,,,,,,,,,,,,,,,,,,,,,,,,,,,,,,,,,,,,,,,,,,,,,,,,,,,,,,,,,,,,,,,,,,,,,,,,,,,,,,,,,,,,,,,,,,,,,,,,,,,,,,,,,,,,,,,,,,,,,,,,,,,,,,,,,,,,,,,,,,,,,,,,,,,,,,,,,,,,,,,,,,,,,,,,,,,,,,,,,,,,,,,,,,,,,,,,,,,,,,,,,,,,60,65,75,85,60,80,70,70,75,75,70,70,75,75,65,65,70,70,75,80,90,70,70,60,65,80,65,70,85,95,60,90,65,70,90,75,75,65,80,60,65,70,65,70,65,70,75,70,60,70,65,70,90,60,75,65,80,65,90,65,70,60,80,85,60,60,60,75,90,65,85,75,50,60,70,65,75,65,80,80,65,65,60,80,75,75,75,75,80,70,65,55,65,65,60,80,85,70,65,65,80,60,65,70,65,85,65,70,60,90,80,85,85,70,75,70,65,65,65,75,70,70,65,65,75,75,90,75,70,65,85,65,65,60,70,60,75,80,60,85,75,70,65,75,70,65,70,65,80,75,90,65,70,65,55,60,85,50,70,75,80,60,65,80,95,60,65,,,,,,,,,,,,,,,,,,,,,,,,,,,,,,,,,,,,,,,,,,,,,,,,,,,,,,,,,,,,,,,,,,,,,,,,,,,,,,,,,,,,,,,,,,,,,,,,,,,,,,,,,,,,,,,,,,,,,,,,,,,,,,,,,,,,,,,,,,,,,,,,,,,,,,,,,,,,,,,,,,,,,,,,,,,,,,,,,,,,,,,,,,,,,,,,,,,,,,,,,,,,,,,,,,,,,,,,,,,,,,,,,,,,,,,,,,,,,,,,,,,,,,,,,,,,,,,,,,,,,,,,,,,,,,,,,,,,,,,,,,,,,,,,,,,,,,,,,,,,,,,,,,,,,,,,,,,,,,,,,,,,,,,,,,,,,,,,,,,,,,,,,,,,,,,,,,,,,,,,,,,,,,,,,,,,,,,,,,,,,,,,,,,,,,,,,,,,,,,,,,,,,,,,,,,,,,,,,,,,,,,,,,,,,,,,,,,,,,,,,,,,,,,,,,,,,,,,,,,,,,,,,,,,,,,,,,,,,,,,,,,,,,,,,,,,,,,,,,65 or above,Female,,Some college,,White / Caucasian,,3,0.737935079
R_50MRYCuhz17ohz3,Financial Advisor,,,,,,,,,,,,,,,,,,,,,,,,,,,,,,,,,,,,,,,,,,,,,,,,,,,,,,,,,,,,,,,,,,,,,,,,,,,,,,,,,,,,,,,,,,,,,,,,,,,,,,,,,,,,,,,,,,,,,,,,,,,,,,,,,,,,,,,,,,,,,,,,,,,,,,,,,,,,,,,,,,,,,,,,,,,,,,,,,,,,,,,,,,,,,,,,,,,,,,,,,,,,,,,,,,,,,,,,,,,,,,,,,,,,,,,,,,,,,,,,,,,,,,,,,,,,,,,,,,,,,,,,,,,,,,,,,,,,,,,,,,,,,,,,,,,,,,,,,,,,,,,,,,,,,,,,,,,,,,,,,,,,,,,,,,,,,,,,,,,,,,,,,,,,,,,,,,,,,,,,,,,,,,,,,,,,,,,,,,,,,,,,,,,,,,,,,,,,,,,,,,,,,,,,,,,,,,,,,,,,,,,,,,,,,,,,,,,,,,,,,,,,,,,,,,,,,,,,,,,,,,,,,,,,,,,,,,,,,,,,,,,,,,,,,,,,,,,,,,,,,28,51,52,44,91,13,50,63,72,29,17,65,38,30,14,24,22,77,74,78,44,63,38,56,21,26,100,34,25,73,5,51,81,31,51,83,82,29,38,82,32,99,25,42,80,27,54,57,36,81,28,75,74,100,77,40,41,84,77,63,82,47,87,53,25,95,55,62,86,84,38,91,57,24,65,25,31,70,81,91,88,21,2,98,25,70,54,73,64,15,75,83,75,83,74,23,87,20,6,68,55,88,69,83,25,82,3,89,93,75,79,86,18,26,88,10,82,69,23,25,86,16,51,67,16,85,61,45,26,31,35,26,15,43,71,29,57,27,84,92,65,49,38,39,80,68,18,79,85,26,64,55,29,48,63,71,35,84,11,48,51,66,84,24,98,89,41,,,,,,,,,,,,,,,,,,,,,,,,,,,,,,,,,,,,,,,,,,,,,,,,,,,,,,,,,,,,,,,,,,,,,,,,,,,,,,,,,,,,,,,,,,,,,,,,,,,,,,,,,,,,,,,,,,,,,,,,,,,,,,,,,,,,,,,,,,,,,,,,,,,,,,,,,,,,,,,,,,,,,,,,,,,,,,,,,,,,,,,,,,,,,,,,,,,,,,,,,,,,,,,,,,,,,,,,,,,,,,,,,,,,,,,,,,,,,,,,,,,,,,,,,,,,,,,,,,,,,,,,,,,,,,,,,,,,,,,,,,,,,,,,,,,,,,,,,,,,,,,,,,,,,,,,,,,,,,,,,,,,,,,,,,,65 or above,Female,,High school graduate,,White / Caucasian,,4,0.442297076
R_57CYnmYrZ8q3IaC,Retail Sales Associate,,,,,,,,,,,,,,,,,,,,,,,,,,,,,,,,,,,,,,,,,,,,,,,,,,,,,,,,,,,,,,,,,,,,,,,,,,,,,,,,,,,,,,,,,,,,,,,,,,,,,,,,,,,,,,,,,,,,,,,,,,,,,,,,,,,,,,,,,,,,,,,,,,,,,,,,,,,,,,,,,,,,,,,,,,,,,,,,,,,,,,,,,,,,,,,,,,,,,,,,,,,,,,,,,,,,,,,,,,,,,,,,,,,,,,,,,,,,,,,,,,,,,,,,,,,,,,,,,,,,,,,,,,,,,,,,,,,,,,,,,,,,,,,,,,,,,,,,,,,,,,,,,,,,,,,,,,,,,,,,,,,,,,,,,,,,,,,,,,,,,,,,,,,,,,,,,,,,,,,,,,,,,,,,,,,,,,,,,,,,,,,,,,,,,,,,,,,,,,,,,,,,,,,,,,,,,,,,,,,,,,,,,,,,,,,,,,,,,,,,,,,,,,,,,,,,,,,,,,,,,,,,,,,,,,,,,,,,,,,,,,,,,,,,,,,,,,,,,,,,,,,,,,,,,,,,,,,,,,,,,,,,,,,,,,,,,,,,,,,,,,,,,,,,,,,,,,,,,,,,,,,,,,,,,,,,,,,,,,,,,,,,,,,,,,,,,,,,,,,,,,,,,,,,,,,,,,,,,,,,,,,,,,,,,,,,,,,,,,,,,,,,,,,,,,,,,,,,,,,,,,,,,,,,67,76,69,71,52,47,26,63,55,71,59,48,47,58,46,61,81,61,58,27,78,55,59,57,58,75,28,45,73,29,64,39,19,63,60,37,61,63,60,57,75,50,55,70,51,56,53,78,58,40,55,55,49,81,77,51,63,61,64,21,41,76,62,59,48,76,42,73,76,38,18,60,58,40,52,70,63,55,63,58,52,47,59,36,50,57,39,57,21,48,56,82,67,28,58,43,76,67,61,63,56,26,58,54,71,56,48,56,52,65,67,13,67,65,28,43,71,59,70,63,49,62,41,70,73,63,47,55,86,68,59,64,59,65,63,75,69,64,35,53,36,57,53,59,76,66,74,32,61,54,55,58,35,55,82,73,60,67,64,66,65,64,65,69,,,,,,,,,,,,,,,,,,,,,,,,,,,,,,,,,,,,,,,,,,,,,,,,,,,,,,,,,,,,,,,,,,,,,,,,,,,,,,,,,,,,,,,,,,,,,,,,,,,,,,,,,,,,,,,,,,,,,,,,,,,,,,,,,,,,,,,,,,,,,,,,,,,,,,,,,,,,,,,,,,,,,,,25-34,Male,,Some high school,,Multiple ethnicity,White/Asian,5,0.892403124
R_7rUdstFMjQE1lv3,Retail Sales Associate,,,,,,,,,,,,,,,,,,,,,,,,,,,,,,,,,,,,,,,,,,,,,,,,,,,,,,,,,,,,,,,,,,,,,,,,,,,,,,,,,,,,,,,,,,,,,,,,,,,,,,,,,,,,,,,,,,,,,,,,,,,,,,,,,,,,,,,,,,,,,,,,,,,,,,,,,,,,,,,,,,,,,,,,,,,,,,,,,,,,,,,,,,,,,,,,,,,,,,,,,,,,,,,,,,,,,,,,,,,,,,,,,,,,,,,,,,,,,,,,,,,,,,,,,,,,,,,,,,,,,,,,,,,,,,,,,,,,,,,,,,,,,,,,,,,,,,,,,,,,,,,,,,,,,,,,,,,,,,,,,,,,,,,,,,,,,,98,99,95,98,71,94,97,96,93,97,95,66,95,97,97,94,98,83,98,58,92,54,96,96,97,97,96,98,97,95,55,95,84,97,95,97,85,96,97,96,85,99,87,98,96,97,95,96,94,97,98,81,96,60,97,96,97,90,72,97,83,94,99,96,60,96,97,97,99,98,93,99,59,96,97,99,94,91,94,95,98,94,95,96,97,98,93,93,98,99,97,85,94,98,99,97,96,95,65,97,98,95,96,98,56,54,99,97,96,96,66,96,99,94,97,97,69,95,90,97,95,76,97,95,96,99,96,99,96,97,99,93,97,84,90,83,60,98,95,99,75,100,90,96,95,99,98,99,88,97,98,99,96,97,92,96,98,80,97,58,99,98,95,97,96,83,86,,,,,,,,,,,,,,,,,,,,,,,,,,,,,,,,,,,,,,,,,,,,,,,,,,,,,,,,,,,,,,,,,,,,,,,,,,,,,,,,,,,,,,,,,,,,,,,,,,,,,,,,,,,,,,,,,,,,,,,,,,,,,,,,,,,,,,,,,,,,,,,,,,,,,,,,,,,,,,,,,,,,,,,,,,,,,,,,,,,,,,,,,,,,,,,,,,,,,,,,,,,,,,,,,,,,,,,,,,,,,,,,,,,,,,,,,,,,,,,,,,,,,,,,,,,,,,,,,,,,,,,,,,,,,,,,,,,,,,,,,,,,,,,,,,,,,,,,,,,,,,,,,,,,,,,,,,,,,,,,,,,,,,,,,,,,,,,,,,,,,,,,,,,,,,,,,,,,,,,,,,,,,,,,,,,,,,,,,,,,,,,,,,,,,,,,,,,,,,,,,,,,,,,,,,,,,,,,,,,,,,,,,,,,,,,,,,,,,,,,,,,,,,,,,,,,,,,,,,,,,,,,,,,,,,,,,,,,,,,,,,,,,,,,,,,,,,,,,,35-44,Female,,High school graduate,,White / Caucasian,,3,0.897446111
R_1hBobsL0nosbMQh,Risk Analyst,91,97,48,90,68,26,93,73,84,53,93,49,69,93,76,69,74,63,72,95,79,74,81,61,51,91,74,67,92,83,51,89,72,43,90,63,89,96,89,98,87,87,76,84,77,92,92,83,77,14,79,69,78,76,79,84,91,65,80,65,47,77,93,97,91,72,77,54,55,74,75,84,77,71,73,99,59,86,90,90,64,94,64,95,100,89,90,85,77,66,91,85,67,72,78,71,73,58,79,86,98,95,80,84,76,71,77,96,67,77,90,6,100,99,80,70,41,100,73,77,88,89,62,77,86,83,89,86,66,79,100,98,93,72,96,77,19,97,84,77,34,82,72,79,98,34,71,68,62,76,81,87,70,48,89,88,83,76,85,91,88,63,80,81,58,79,90,,,,,,,,,,,,,,,,,,,,,,,,,,,,,,,,,,,,,,,,,,,,,,,,,,,,,,,,,,,,,,,,,,,,,,,,,,,,,,,,,,,,,,,,,,,,,,,,,,,,,,,,,,,,,,,,,,,,,,,,,,,,,,,,,,,,,,,,,,,,,,,,,,,,,,,,,,,,,,,,,,,,,,,,,,,,,,,,,,,,,,,,,,,,,,,,,,,,,,,,,,,,,,,,,,,,,,,,,,,,,,,,,,,,,,,,,,,,,,,,,,,,,,,,,,,,,,,,,,,,,,,,,,,,,,,,,,,,,,,,,,,,,,,,,,,,,,,,,,,,,,,,,,,,,,,,,,,,,,,,,,,,,,,,,,,,,,,,,,,,,,,,,,,,,,,,,,,,,,,,,,,,,,,,,,,,,,,,,,,,,,,,,,,,,,,,,,,,,,,,,,,,,,,,,,,,,,,,,,,,,,,,,,,,,,,,,,,,,,,,,,,,,,,,,,,,,,,,,,,,,,,,,,,,,,,,,,,,,,,,,,,,,,,,,,,,,,,,,,,,,,,,,,,,,,,,,,,,,,,,,,,,,,,,,,,,,,,,,,,,,,,,,,,,,,,,,,,,,,,,,,,,,,,,,,,,,,,,,,,,,,,,,,,,,,,,,,,,,,,,,,,,,,,,,,,,,,,,,,,,,,,,,,,,,,,,,,,,,,,,,,,,,,,,,,,,,,,,,,,,,,,,,,,,,,,,,,,,,,,,,,,,,,,,,,,,,,,,,,,,,,,,,,,,,,,,,,,,,,,,,,,,,,,,,,,,,,,,,,,,,,,,,,,,,,,,,,,,,,,,,,,,,,,,,,,,,,,,,,,,,,,,,,,,,,,,,,,,,,,,,,,,,,,,,,,,,,,,,,,,,,,,,,,,,,,25-34,Female,,Some college,,White / Caucasian,,1,0.495982215
R_50iBRSxBLfypdg8,Retail Sales Associate,,,,,,,,,,,,,,,,,,,,,,,,,,,,,,,,,,,,,,,,,,,,,,,,,,,,,,,,,,,,,,,,,,,,,,,,,,,,,,,,,,,,,,,,,,,,,,,,,,,,,,,,,,,,,,,,,,,,,,,,,,,,,,,,,,,,,,,,,,,,,,,,,,,,,,,,,,,,,,,,,,,,,,,,,,,,,,,,,,,,,,,,,,,,,,,,,,,,,,,,,,,,,,,,,,,,,,,,,,,,,,,,,,,,,,,,,,,,,,,,,,,,,,,,,,,,,,,,,,,,,,,,,,,,,,,,,,,,,,,,,,,,,,,,,,,,,,,,,,,,,,,,,,,,,,,,,,,,,,,,,,,,,,,,,,,,,,,,,,,,,,,,,,,,,,,,,,,,,,,,,,,,,,,,,,,,,,,,,,,,,,,,,,,,,,,,,,,,,,,,,,,,,,,,,,,,,,,,,,,,,,,,,,,,,,,,,,,,,,,,,,,,,,,,,,,,,,,,,,,,,,,,,,,,,,,,,,,,,,,,,,,,,,,,,,,,,,,,,,,,,50,48,74,52,57,53,62,53,55,46,50,50,65,65,30,46,58,53,60,54,50,68,67,67,50,66,51,50,58,51,59,71,57,53,56,48,50,62,50,67,54,60,59,51,66,40,54,68,60,51,75,62,61,47,50,43,67,59,58,58,60,60,50,58,53,66,56,76,60,62,62,66,36,62,100,50,56,51,58,100,49,50,60,62,59,43,57,58,61,54,52,57,50,53,50,61,50,62,51,60,50,62,100,94,50,60,61,55,58,100,75,52,42,60,62,50,61,60,60,41,61,72,50,56,56,54,51,67,50,55,50,60,42,64,62,51,51,55,40,50,57,51,60,59,71,60,79,61,67,65,72,28,73,100,63,60,59,60,65,52,69,60,73,67,59,50,57,,,,,,,,,,,,,,,,,,,,,,,,,,,,,,,,,,,,,,,,,,,,,,,,,,,,,,,,,,,,,,,,,,,,,,,,,,,,,,,,,,,,,,,,,,,,,,,,,,,,,,,,,,,,,,,,,,,,,,,,,,,,,,,,,,,,,,,,,,,,,,,,,,,,,,,,,,,,,,,,,,,,,,,,,,,,,,,,,,,,,,,,,,,,,,,,,,,,,,,,,,,,,,,,,,,,,,,,,,,,,,,,,,,,,,,,,,,,,,,,,,,,,,,,,,,,,,,,,,,,,,,,,,,,,,,,,,,,,,,,,,,,,,,,,,,,,,,,,,,,,,,,,,,,,,,,,,,,,,,,,,,,,,,,,,,25-34,Male,,Some college,,Black or African American,,4,0.560472288
R_75h4IXzSlHLS69H,Retail Sales Associate,33,57,94,90,92,97,93,54,45,96,88,19,84,34,72,84,40,92,34,20,97,92,95,45,60,71,68,91,85,67,73,65,15,83,90,32,49,25,87,70,84,90,92,78,15,89,65,80,88,15,96,66,87,82,70,89,29,50,88,86,42,78,92,65,61,96,93,73,75,96,79,93,95,69,93,33,21,62,93,74,28,39,90,55,85,44,72,73,56,89,57,92,86,89,93,55,88,66,39,92,22,27,87,91,93,63,91,77,26,65,93,55,95,77,28,85,89,42,81,42,30,81,33,73,76,74,81,92,83,71,63,59,39,90,76,78,71,35,69,65,93,79,92,88,41,68,24,90,73,96,47,96,75,50,96,31,39,89,73,83,87,94,86,60,68,89,94,,,,,,,,,,,,,,,,,,,,,,,,,,,,,,,,,,,,,,,,,,,,,,,,,,,,,,,,,,,,,,,,,,,,,,,,,,,,,,,,,,,,,,,,,,,,,,,,,,,,,,,,,,,,,,,,,,,,,,,,,,,,,,,,,,,,,,,,,,,,,,,,,,,,,,,,,,,,,,,,,,,,,,,,,,,,,,,,,,,,,,,,,,,,,,,,,,,,,,,,,,,,,,,,,,,,,,,,,,,,,,,,,,,,,,,,,,,,,,,,,,,,,,,,,,,,,,,,,,,,,,,,,,,,,,,,,,,,,,,,,,,,,,,,,,,,,,,,,,,,,,,,,,,,,,,,,,,,,,,,,,,,,,,,,,,,,,,,,,,,,,,,,,,,,,,,,,,,,,,,,,,,,,,,,,,,,,,,,,,,,,,,,,,,,,,,,,,,,,,,,,,,,,,,,,,,,,,,,,,,,,,,,,,,,,,,,,,,,,,,,,,,,,,,,,,,,,,,,,,,,,,,,,,,,,,,,,,,,,,,,,,,,,,,,,,,,,,,,,,,,,,,,,,,,,,,,,,,,,,,,,,,,,,,,,,,,,,,,,,,,,,,,,,,,,,,,,,,,,,,,,,,,,,,,,,,,,,,,,,,,,,,,,,,,,,,,,,,,,,,,,,,,,,,,,,,,,,,,,,,,,,,,,,,,,,,,,,,,,,,,,,,,,,,,,,,,,,,,,,,,,,,,,,,,,,,,,,,,,,,,,,,,,,,,,,,,,,,,,,,,,,,,,,,,,,,,,,,,,,,,,,,,,,,,,,,,,,,,,,,,,,,,,,,,,,,,,,,,,,,,,,,,,,,,,,,,,,,,,,,,,,,,,,,,,,,,,,,,,,,,,,,,,,,,,,,,,,,,,,,,,,,,,,,,,,55-64,Female,,Bachelor's degree,,White / Caucasian,,1,0.827954998
R_3CpgPD99puHL5Be,Risk Analyst,,,,,,,,,,,,,,,,,,,,,,,,,,,,,,,,,,,,,,,,,,,,,,,,,,,,,,,,,,,,,,,,,,,,,,,,,,,,,,,,,,,,,,,,,,,,,,,,,,,,,,,,,,,,,,,,,,,,,,,,,,,,,,,,,,,,,,,,,,,,,,,,,,,,,,,,,,,,,,,,,,,,,,,,,,,,,,,,,,,,,,,,,,,,,,,,,,,,,,,,,,,,,,,,,,,,,,,,,,,,,,,,,,,,,,,,,,,,,,,,,,,,,,,,,,,,,,,,,,,,,,,,,,,,,,,,,,,,,,,,,,,,,,,,,,,,,,,,,,,,,,,,,,,,,,,,,,,,,,,,,,,,,,,,,,,,,,,,,,,,,,,,,,,,,,,,,,,,,,,,,,,,,,,,,,,,,,,,,,,,,,,,,,,,,,,,,,,,,,,,,,,,,,,,,,,,,,,,,,,,,,,,,,,,,,,,,,,,,,,,,,,,,,,,,,,,,,,,,,,,,,,,,,,,,,,,,,,,,,,,,,,,,,,,,,,,,,,,,,,,,,,,,,,,,,,,,,,,,,,,,,,,,,,,,,,,,,,,,,,,,,,,,,,,,,,,,,,,,,,,,,,,,,,,,,,,,,,,,,,,,,,,,,,,,,,,,,,,,,,,,,,,,,,,,,,,,,,,,,,,,,,,,,,,,,,,,,,,,,,,,,,,,,,,,,,,,,,,,,,,,,,,,,,,45,11,57,3,81,51,33,72,64,17,43,14,16,77,41,24,10,70,59,74,6,57,81,27,50,70,45,76,30,85,57,90,14,61,17,60,76,42,60,47,19,50,36,77,79,17,81,9,70,88,71,68,70,33,32,59,60,70,74,54,20,11,17,40,26,90,12,25,26,56,70,7,80,84,63,0,69,14,17,25,31,92,12,87,90,69,79,60,65,16,77,5,87,67,69,10,63,24,60,14,75,93,50,47,24,14,77,59,65,62,68,77,70,15,75,26,34,45,12,34,71,35,64,74,17,7,14,75,72,54,21,57,32,50,43,56,5,79,24,57,82,64,89,61,33,42,16,57,79,62,26,92,51,55,8,72,5,25,47,72,35,12,11,8,,,,,,,,,,,,,,,,,,,,,,,,,,,,,,,,,,,,,,,,,,,,,,,,,,,,,,,,,,,,,,,,,,,,,,,,,,,,,,,,,,,,,,,,,,,,,,,,,,,,,,,,,,,,,,,,,,,,,,,,,,,,,,,,,,,,,,,,,,,,,,,,,,,,,,,,,,,,,,,,,,,,,,,25-34,Male,,Bachelor's degree,,Black or African American,,5,0.867271116
R_3Xgg2VcJthIuaZP,Risk Analyst,,,,,,,,,,,,,,,,,,,,,,,,,,,,,,,,,,,,,,,,,,,,,,,,,,,,,,,,,,,,,,,,,,,,,,,,,,,,,,,,,,,,,,,,,,,,,,,,,,,,,,,,,,,,,,,,,,,,,,,,,,,,,,,,,,,,,,,,,,,,,,,,,,,,,,,,,,,,,,,,,,,,,,,,,,,,,,,,,,,,,,,,,,,,,,,,,,,,,,,,,,,,,,,,,,,,,,,,,,,,,,,,,,,,,,,,,,,,,,,,,,,,,,,,,,,,,,,,,,,,,,,,,,,,,,,,,,,,,,,,,,,,,,,,,,,,,,,,,,,,,,,,,,,,,,,,,,,,,,,,,,,,,,,,,,,,,,,,,,,,,,,,,,,,,,,,,,,,,,,,,,,,,,,,,,,,,,,,,,,,,,,,,,,,,,,,,,,,,,,,,,,,,,,,,,,,,,,,,,,,,,,,,,,,,,,,,,,,,,,,,,,,,,,,,,,,,,,,,,,,,,,,,,,,,,,,,,,,,,,,,,,,,,,,,,,,,,,,,,,,,,,,,,,,,,,,,,,,,,,,,,,,,,,,,,,,,,,,,,,,,,,,,,,,,,,,,,,,,,,,,,,,,,,,,,,,,,,,,,,,,,,,,,,,,,,,,,,,,,,,,,,,,,,,,,,,,,,,,,,,,,,,,,,,,,,,,,,,,,,,,,,,,,,,,,,,,,,,,,,,,,,,,,,,,,,,,,,,,,,,,,,,,,,,,,,,,,,,,,,,,,,,,,,,,,,,,,,,,,,,,,,,,,,,,,,,,,,,,,,,,,,,,,,,,,,,,,,,,,,,,,,,,,,,,,,,,,,,,,,,,,,,,,,,,,,,,,,,,,,,,,,,,,,,,,,,,,,,,,,,,,,,,,,,,,,,50,45,65,60,54,46,45,58,46,60,48,50,51,50,54,50,50,60,54,53,48,55,48,40,52,50,53,46,56,54,50,45,46,54,54,60,55,46,58,55,45,52,45,48,48,45,48,54,50,60,46,42,58,40,44,65,60,45,64,35,48,52,50,58,50,50,52,55,40,50,45,36,50,50,48,47,40,45,52,45,50,65,44,55,60,40,52,40,35,60,45,45,50,45,46,52,45,46,53,50,47,46,50,50,55,50,51,40,55,55,45,54,50,48,46,54,40,54,56,55,52,55,52,50,46,52,46,52,64,50,52,56,45,53,60,48,46,45,52,54,45,55,54,55,54,58,45,54,45,48,62,52,45,40,54,48,53,45,45,45,55,56,46,54,52,49,35-44,Male,,Bachelor's degree,,White / Caucasian,,6,0.387879665
R_3C2P7HfqsugO4Be,Inventory Manager,,,,,,,,,,,,,,,,,,,,,,,,,,,,,,,,,,,,,,,,,,,,,,,,,,,,,,,,,,,,,,,,,,,,,,,,,,,,,,,,,,,,,,,,,,,,,,,,,,,,,,,,,,,,,,,,,,,,,,,,,,,,,,,,,,,,,,,,,,,,,,,,,,,,,,,,,,,,,,,,,,,,,,,,,,,,,,,,,,,,,,,,,,,,,,,,,,,,,,,,,,,,,,,,,,,,,,,,,,,,,,,,,,,,,,,,,,,,,,,,,,,,,,,,,,,,,,,,,,,,,,,,,,,,,,,,,,,,,,,,,,,,,,,,,,,,,,,,,,,,,,,,,,,,,,,,,,,,,,,,,,,,,,,,,,,,,,,,,,,,,,,,,,,,,,,,,,,,,,,,,,,,,,,,,,,,,,,,,,,,,,,,,,,,,,,,,,,,,,,,,,,,,,,,,,,,,,,,,,,,,,,,,,,,,,,,,,,,,,,,,,,,,,,,,,,,,,,,,,,,,,,,,,,,,,,,,,,,,,,,,,,,,,,,,,,,,,,,,,,,,50,90,20,70,75,77,88,75,70,40,50,90,80,70,30,70,70,70,62,40,80,77,65,70,35,40,85,60,90,85,77,77,85,85,75,60,50,25,80,85,60,35,65,60,40,70,80,90,70,50,25,70,79,60,70,65,85,78,64,68,50,81,90,60,70,63,40,60,60,50,80,60,40,70,83,65,65,65,70,80,63,60,45,80,60,70,85,80,73,70,65,79,55,80,85,50,60,77,60,85,45,40,65,85,60,85,90,85,80,85,70,55,80,70,85,60,79,85,67,80,75,60,80,75,30,85,80,40,85,40,50,80,65,85,83,60,80,55,88,45,85,50,70,80,79,70,25,50,75,63,90,60,50,80,65,80,70,77,65,90,40,85,85,80,70,50,74,,,,,,,,,,,,,,,,,,,,,,,,,,,,,,,,,,,,,,,,,,,,,,,,,,,,,,,,,,,,,,,,,,,,,,,,,,,,,,,,,,,,,,,,,,,,,,,,,,,,,,,,,,,,,,,,,,,,,,,,,,,,,,,,,,,,,,,,,,,,,,,,,,,,,,,,,,,,,,,,,,,,,,,,,,,,,,,,,,,,,,,,,,,,,,,,,,,,,,,,,,,,,,,,,,,,,,,,,,,,,,,,,,,,,,,,,,,,,,,,,,,,,,,,,,,,,,,,,,,,,,,,,,,,,,,,,,,,,,,,,,,,,,,,,,,,,,,,,,,,,,,,,,,,,,,,,,,,,,,,,,,,,,,,,,,25-34,Non-binary / Third gender,,Some college,,White / Caucasian,,4,0.853135924
R_5n9eAOKwG6oeM16,Risk Analyst,76,39,62,55,80,25,80,61,45,70,74,29,87,15,82,84,55,63,41,62,79,63,60,40,72,63,72,80,45,68,62,63,29,66,65,75,66,67,81,29,82,58,66,44,32,62,21,61,50,53,81,31,82,44,38,62,24,66,61,69,45,39,80,76,39,76,72,38,59,78,86,71,56,55,50,52,47,50,72,64,47,19,42,54,78,66,77,46,69,83,40,69,68,61,72,81,41,67,62,55,28,56,39,65,74,51,63,66,40,61,81,51,69,40,78,81,57,36,40,45,47,71,36,42,71,62,56,69,76,47,56,42,78,36,70,68,46,55,64,78,37,52,84,61,68,72,28,59,30,91,39,73,69,57,65,43,47,85,57,62,33,64,74,36,43,56,62,,,,,,,,,,,,,,,,,,,,,,,,,,,,,,,,,,,,,,,,,,,,,,,,,,,,,,,,,,,,,,,,,,,,,,,,,,,,,,,,,,,,,,,,,,,,,,,,,,,,,,,,,,,,,,,,,,,,,,,,,,,,,,,,,,,,,,,,,,,,,,,,,,,,,,,,,,,,,,,,,,,,,,,,,,,,,,,,,,,,,,,,,,,,,,,,,,,,,,,,,,,,,,,,,,,,,,,,,,,,,,,,,,,,,,,,,,,,,,,,,,,,,,,,,,,,,,,,,,,,,,,,,,,,,,,,,,,,,,,,,,,,,,,,,,,,,,,,,,,,,,,,,,,,,,,,,,,,,,,,,,,,,,,,,,,,,,,,,,,,,,,,,,,,,,,,,,,,,,,,,,,,,,,,,,,,,,,,,,,,,,,,,,,,,,,,,,,,,,,,,,,,,,,,,,,,,,,,,,,,,,,,,,,,,,,,,,,,,,,,,,,,,,,,,,,,,,,,,,,,,,,,,,,,,,,,,,,,,,,,,,,,,,,,,,,,,,,,,,,,,,,,,,,,,,,,,,,,,,,,,,,,,,,,,,,,,,,,,,,,,,,,,,,,,,,,,,,,,,,,,,,,,,,,,,,,,,,,,,,,,,,,,,,,,,,,,,,,,,,,,,,,,,,,,,,,,,,,,,,,,,,,,,,,,,,,,,,,,,,,,,,,,,,,,,,,,,,,,,,,,,,,,,,,,,,,,,,,,,,,,,,,,,,,,,,,,,,,,,,,,,,,,,,,,,,,,,,,,,,,,,,,,,,,,,,,,,,,,,,,,,,,,,,,,,,,,,,,,,,,,,,,,,,,,,,,,,,,,,,,,,,,,,,,,,,,,,,,,,,,,,,,,,,,,,,,,,,,,,,,,,,,,,,,,,,18-24,Male,,Some high school,,White / Caucasian,,1,0.774341021
R_1B4liKoTenpbMWA,Risk Analyst,,,,,,,,,,,,,,,,,,,,,,,,,,,,,,,,,,,,,,,,,,,,,,,,,,,,,,,,,,,,,,,,,,,,,,,,,,,,,,,,,,,,,,,,,,,,,,,,,,,,,,,,,,,,,,,,,,,,,,,,,,,,,,,,,,,,,,,,,,,,,,,,,,,,,,,,,,,,,,,,,,,,,,,,90,80,90,80,90,90,99,80,90,81,90,85,80,91,45,85,85,90,85,90,60,85,85,90,80,75,90,90,90,75,30,80,80,80,85,80,80,75,98,75,75,50,95,89,80,90,85,90,85,96,90,8,72,80,90,85,90,80,78,90,95,75,90,50,80,90,80,95,80,68,90,90,85,80,90,80,65,90,80,85,45,90,95,87,90,88,95,85,90,50,90,85,75,90,95,85,80,65,80,86,75,70,93,80,90,75,80,98,75,91,80,86,65,90,80,10,90,88,90,90,75,90,70,75,80,80,90,70,80,85,90,83,90,80,85,79,85,60,90,90,90,87,70,95,88,86,100,75,80,70,75,60,85,93,87,80,90,70,77,85,70,80,94,10,95,80,,,,,,,,,,,,,,,,,,,,,,,,,,,,,,,,,,,,,,,,,,,,,,,,,,,,,,,,,,,,,,,,,,,,,,,,,,,,,,,,,,,,,,,,,,,,,,,,,,,,,,,,,,,,,,,,,,,,,,,,,,,,,,,,,,,,,,,,,,,,,,,,,,,,,,,,,,,,,,,,,,,,,,,,,,,,,,,,,,,,,,,,,,,,,,,,,,,,,,,,,,,,,,,,,,,,,,,,,,,,,,,,,,,,,,,,,,,,,,,,,,,,,,,,,,,,,,,,,,,,,,,,,,,,,,,,,,,,,,,,,,,,,,,,,,,,,,,,,,,,,,,,,,,,,,,,,,,,,,,,,,,,,,,,,,,,,,,,,,,,,,,,,,,,,,,,,,,,,,,,,,,,,,,,,,,,,,,,,,,,,,,,,,,,,,,,,,,,,,,,,,,,,,,,,,,,,,,,,,,,,,,,,,,,,,,,,,,,,,,,,,,,,,,,,,,,,,,,,,,,,,,,,,,,,,,,,,,,,,,,,,,,,,,,,,,,,,,,,,,,,,,,,,,,,,,,,,,,,,,,,,,,,,,,,,,,,,,,,,,,,,,,,,,,,,,,,,,,,,,,,,,,,,,,,,,,,,,,,,,,,,,,,,,,,,,,,,,,,,,,,,,,,,,,,,,,,,,,,,,,,,,,,,,,,,,,,,,,,,,,,,,,,,,,,,,,,,,,,,,,,,,,,45-54,Male,,Graduate degree,,White / Caucasian,,2,0.743377142
R_1l6KbxvdETBDJYP,Financial Advisor,,,,,,,,,,,,,,,,,,,,,,,,,,,,,,,,,,,,,,,,,,,,,,,,,,,,,,,,,,,,,,,,,,,,,,,,,,,,,,,,,,,,,,,,,,,,,,,,,,,,,,,,,,,,,,,,,,,,,,,,,,,,,,,,,,,,,,,,,,,,,,,,,,,,,,,,,,,,,,,,,,,,,,,,,,,,,,,,,,,,,,,,,,,,,,,,,,,,,,,,,,,,,,,,,,,,,,,,,,,,,,,,,,,,,,,,,,,,,,,,,,,,,,,,,,,,,,,,,,,,,,,,,,,,,,,,,,,,,,,,,,,,,,,,,,,,,,,,,,,,,,,,,,,,,,,,,,,,,,,,,,,,,,,,,,,,,,,,,,,,,,,,,,,,,,,,,,,,,,,,,,,,,,,,,,,,,,,,,,,,,,,,,,,,,,,,,,,,,,,,,,,,,,,,,,,,,,,,,,,,,,,,,,,,,,,,,,,,,,,,,,,,,,,,,,,,,,,,,,,,,,,,,,,,,,,,,,,,,,,,,,,,,,,,,,,,,,,,,,,,,,,,,,,,,,,,,,,,,,,,,,,,,,,,,,,,,,,,,,,,,,,,,,,,,,,,,,,,,,,,,,,,,,,,,,,,,,,,,,,,,,,,,,,,,,,,,,,,,,,,,,,,,,,,,,,,,,,,,,,,,,,,,,,,,,,,,,,,,,,,,,,,,,,,,,,,,,,,,,,,,,,,,,,,83,3,86,1,44,27,86,17,76,2,73,93,9,19,59,5,12,16,83,3,3,20,23,76,2,4,36,56,1,65,41,95,19,97,20,23,75,21,51,25,5,36,3,6,15,84,74,17,71,84,43,6,94,10,6,13,93,31,4,97,88,14,2,90,34,52,53,32,22,91,100,73,97,96,91,1,35,93,8,19,64,64,90,86,98,45,74,57,94,19,71,1,45,97,93,37,83,62,4,10,92,80,24,32,64,84,92,91,47,94,18,98,89,11,56,79,1,79,14,3,62,2,100,22,91,89,11,87,93,64,26,29,1,20,84,91,1,13,34,79,76,51,46,10,5,4,5,84,95,97,10,98,94,52,1,52,10,15,94,89,93,22,83,5,,,,,,,,,,,,,,,,,,,,,,,,,,,,,,,,,,,,,,,,,,,,,,,,,,,,,,,,,,,,,,,,,,,,,,,,,,,,,,,,,,,,,,,,,,,,,,,,,,,,,,,,,,,,,,,,,,,,,,,,,,,,,,,,,,,,,,,,,,,,,,,,,,,,,,,,,,,,,,,,,,,,,,,25-34,Female,,Graduate degree,,White / Caucasian,,5,0.840742257
R_18Ir2rktzFpRelX,Financial Advisor,,,,,,,,,,,,,,,,,,,,,,,,,,,,,,,,,,,,,,,,,,,,,,,,,,,,,,,,,,,,,,,,,,,,,,,,,,,,,,,,,,,,,,,,,,,,,,,,,,,,,,,,,,,,,,,,,,,,,,,,,,,,,,,,,,,,,,,,,,,,,,,,,,,,,,,,,,,,,,,,,,,,,,,,,,,,,,,,,,,,,,,,,,,,,,,,,,,,,,,,,,,,,,,,,,,,,,,,,,,,,,,,,,,,,,,,,,,,,,,,,,,,,,,,,,,,,,,,,,,,,,,,,,,,,,,,,,,,,,,,,,,,,,,,,,,,,,,,,,,,,,,,,,,,,,,,,,,,,,,,,,,,,,,,,,,,,,,,,,,,,,,,,,,,,,,,,,,,,,,,,,,,,,,,,,,,,,,,,,,,,,,,,,,,,,,,,,,,,,,,,,,,,,,,,,,,,,,,,,,,,,,,,,,,,,,,,,,,,,,,,,,,,,,,,,,,,,,,,,,,,,,,,,,,,,,,,,,,,,,,,,,,,,,,,,,,,,,,,,,,,,,,,,,,,,,,,,,,,,,,,,,,,,,,,,,,,,,,,,,,,,,,,,,,,,,,,,,,,,,,,,,,,,,,,,,,,,,,,,,,,,,,,,,,,,,,,,,,,,,,,,,,,,,,,,,,,,,,,,,,,,,,,,,,,,,,,,,,,,,,,,,,,,,,,,,,,,,,,,,,,,,,,,,,,,,,,,,,,,,,,,,,,,,,,,,,,,,,,,,,,,,,,,,,,,,,,,,,,,,,,,,,,,,,,,,,,,,,,,,,,,,,,,,,,,,,,,,,,,,,,,,,,,,,,,,,,,,,,,,,,,,,,,,,,,,,,,,,,,,,,,,,,,,,,,,,,,,,,,,,,,,,,,,,,,,,40,60,70,45,35,50,30,65,70,50,50,50,50,30,50,20,55,65,55,40,60,65,75,35,30,50,50,50,65,30,55,25,60,30,10,50,70,50,35,65,45,90,75,30,35,80,45,30,85,50,60,60,75,50,60,80,60,50,55,55,25,20,35,25,55,25,45,75,35,65,40,70,65,45,50,70,50,60,45,80,50,60,40,90,30,20,30,40,70,80,60,50,60,50,60,40,90,5,70,30,50,50,25,25,35,65,55,55,50,70,40,60,60,50,40,60,40,40,55,70,45,50,65,65,70,70,40,30,75,70,50,75,70,50,65,65,45,55,80,50,50,60,70,75,55,45,35,20,60,50,65,85,50,45,85,50,65,40,55,45,75,60,60,55,80,80,35-44,Female,,Some college,,White / Caucasian,,6,0.771579437
R_7uVYSsucEGwo3Ko,Inventory Manager,,,,,,,,,,,,,,,,,,,,,,,,,,,,,,,,,,,,,,,,,,,,,,,,,,,,,,,,,,,,,,,,,,,,,,,,,,,,,,,,,,,,,,,,,,,,,,,,,,,,,,,,,,,,,,,,,,,,,,,,,,,,,,,,,,,,,,,,,,,,,,,,,,,,,,,,,,,,,,,,,,,,,,,,,,,,,,,,,,,,,,,,,,,,,,,,,,,,,,,,,,,,,,,,,,,,,,,,,,,,,,,,,,,,,,,,,,,,,,,,,,,,,,,,,,,,,,,,,,,,,,,,,,,,,,,,,,,,,,,,,,,,,,,,,,,,,,,,,,,,,,,,,,,,,,,,,,,,,,,,,,,,,,,,,,,,,,34,61,54,52,45,48,67,75,36,39,58,44,33,65,50,36,57,58,57,35,54,22,36,57,67,62,51,67,44,81,26,64,41,51,52,59,48,47,71,66,54,51,65,63,57,57,48,45,42,53,50,58,40,39,34,44,42,53,53,52,23,48,59,42,47,60,74,77,47,75,60,54,44,57,61,42,61,55,54,31,46,55,91,80,60,64,80,68,63,32,55,37,76,55,80,51,67,51,71,56,47,22,55,44,56,47,50,62,43,40,54,29,57,49,36,58,38,56,56,76,39,19,25,47,49,60,67,42,69,63,89,39,35,40,55,55,48,61,44,64,64,53,70,74,38,57,52,52,58,54,63,56,50,66,36,30,74,15,51,36,61,30,91,68,74,42,59,,,,,,,,,,,,,,,,,,,,,,,,,,,,,,,,,,,,,,,,,,,,,,,,,,,,,,,,,,,,,,,,,,,,,,,,,,,,,,,,,,,,,,,,,,,,,,,,,,,,,,,,,,,,,,,,,,,,,,,,,,,,,,,,,,,,,,,,,,,,,,,,,,,,,,,,,,,,,,,,,,,,,,,,,,,,,,,,,,,,,,,,,,,,,,,,,,,,,,,,,,,,,,,,,,,,,,,,,,,,,,,,,,,,,,,,,,,,,,,,,,,,,,,,,,,,,,,,,,,,,,,,,,,,,,,,,,,,,,,,,,,,,,,,,,,,,,,,,,,,,,,,,,,,,,,,,,,,,,,,,,,,,,,,,,,,,,,,,,,,,,,,,,,,,,,,,,,,,,,,,,,,,,,,,,,,,,,,,,,,,,,,,,,,,,,,,,,,,,,,,,,,,,,,,,,,,,,,,,,,,,,,,,,,,,,,,,,,,,,,,,,,,,,,,,,,,,,,,,,,,,,,,,,,,,,,,,,,,,,,,,,,,,,,,,,,,,,,,,35-44,Female,,Graduate degree,,Black or African American,,3,0.055798557
R_1nW2mkBl3mbpH3n,Financial Advisor,,,,,,,,,,,,,,,,,,,,,,,,,,,,,,,,,,,,,,,,,,,,,,,,,,,,,,,,,,,,,,,,,,,,,,,,,,,,,,,,,,,,,,,,,,,,,,,,,,,,,,,,,,,,,,,,,,,,,,,,,,,,,,,,,,,,,,,,,,,,,,,,,,,,,,,,,,,,,,,,,,,,,,,,,,,,,,,,,,,,,,,,,,,,,,,,,,,,,,,,,,,,,,,,,,,,,,,,,,,,,,,,,,,,,,,,,,,,,,,,,,,,,,,,,,,,,,,,,,,,,,,,,,,,,,,,,,,,,,,,,,,,,,,,,,,,,,,,,,,,,,,,,,,,,,,,,,,,,,,,,,,,,,,,,,,,,,,,,,,,,,,,,,,,,,,,,,,,,,,,,,,,,,,,,,,,,,,,,,,,,,,,,,,,,,,,,,,,,,,,,,,,,,,,,,,,,,,,,,,,,,,,,,,,,,,,,,,,,,,,,,,,,,,,,,,,,,,,,,,,,,,,,,,,,,,,,,,,,,,,,,,,,,,,,,,,,,,,,,,,,,,,,,,,,,,,,,,,,,,,,,,,,,,,,,,,,,,,,,,,,,,,,,,,,,,,,,,,,,,,,,,,,,,,,,,,,,,,,,,,,,,,,,,,,,,,,,,,,,,,,,,,,,,,,,,,,,,,,,,,,,,,,,,,,,,,,,,,,,,,,,,,,,,,,,,,,,,,,,,,,,,,,,,,93,24,99,61,1,90,99,74,94,10,92,78,35,77,100,94,33,95,96,81,79,59,99,100,26,70,6,99,14,90,100,90,0,99,87,21,97,64,98,92,23,40,95,99,95,8,92,75,99,100,100,1,100,59,34,98,100,100,75,85,99,5,52,22,86,68,78,95,100,86,97,98,100,100,98,99,88,99,99,98,37,56,100,95,87,59,100,95,100,86,100,77,100,73,100,47,49,84,92,0,100,85,53,40,96,19,98,99,70,73,95,100,99,99,100,59,43,44,1,96,98,95,100,69,92,94,47,73,100,100,86,99,73,91,72,100,5,63,3,100,98,93,62,2,41,11,84,99,83,93,87,97,100,100,99,91,1,100,90,98,49,7,5,77,,,,,,,,,,,,,,,,,,,,,,,,,,,,,,,,,,,,,,,,,,,,,,,,,,,,,,,,,,,,,,,,,,,,,,,,,,,,,,,,,,,,,,,,,,,,,,,,,,,,,,,,,,,,,,,,,,,,,,,,,,,,,,,,,,,,,,,,,,,,,,,,,,,,,,,,,,,,,,,,,,,,,,,45-54,Female,,Some college,,Hispanic or Latino,,5,0.828282834
R_62Wswg28y5cteqB,Risk Analyst,,,,,,,,,,,,,,,,,,,,,,,,,,,,,,,,,,,,,,,,,,,,,,,,,,,,,,,,,,,,,,,,,,,,,,,,,,,,,,,,,,,,,,,,,,,,,,,,,,,,,,,,,,,,,,,,,,,,,,,,,,,,,,,,,,,,,,,,,,,,,,,,,,,,,,,,,,,,,,,,,,,,,,,,,,,,,,,,,,,,,,,,,,,,,,,,,,,,,,,,,,,,,,,,,,,,,,,,,,,,,,,,,,,,,,,,,,,,,,,,,,,,,,,,,,,,,,,,,,,,,,,,,,,,,,,,,,,,,,,,,,,,,,,,,,,,,,,,,,,,,,,,,,,,,,,,,,,,,,,,,,,,,,,,,,,,,,,,,,,,,,,,,,,,,,,,,,,,,,,,,,,,,,,,,,,,,,,,,,,,,,,,,,,,,,,,,,,,,,,,,,,,,,,,,,,,,,,,,,,,,,,,,,,,,,,,,,,,,,,,,,,,,,,,,,,,,,,,,,,,,,,,,,,,,,,,,,,,,,,,,,,,,,,,,,,,,,,,,,,,,,,,,,,,,,,,,,,,,,,,,,,,,,,,,,,,,,,,,,,,,,,,,,,,,,,,,,,,,,,,,,,,,,,,,,,,,,,,,,,,,,,,,,,,,,,,,,,,,,,,,,,,,,,,,,,,,,,,,,,,,,,,,,,,,,,,,,,,,,,,,,,,,,,,,,,,,,,,,,,,,,,,,,,,,,,,,,,,,,,,,,,,,,,,,,,,,,,,,,,,,,,,,,,,,,,,,,,,,,,,,,,,,,,,,,,,,,,,,,,,,,,,,,,,,,,,,,,,,,,,,,,,,,,,,,,,,,,,,,,,,,,,,,,,,,,,,,,,,,,,,,,,,,,,,,,,,,,,,,,,,,,,,,,,,,,,50,50,50,74,50,50,71,50,50,50,50,76,50,50,73,61,51,64,50,74,50,50,50,70,50,51,50,71,50,66,50,50,49,50,67,50,50,51,50,54,50,50,49,50,50,50,72,50,49,60,62,55,50,50,50,49,50,49,79,50,50,51,49,50,50,50,75,50,50,60,49,50,73,49,50,50,75,49,50,50,51,67,50,50,72,65,75,50,51,68,51,50,50,50,50,50,73,50,75,50,50,77,73,50,72,50,51,71,50,70,74,68,50,64,50,50,74,50,49,51,49,50,50,50,50,50,73,50,49,51,50,50,50,50,52,74,75,50,50,50,50,50,49,51,50,73,50,50,51,50,49,50,50,50,70,51,51,72,50,74,50,50,72,50,50,49,18-24,Non-binary / Third gender,,Some college,,Black or African American,,6,0.557988499
R_6psxRiMk50qXlTL,Inventory Manager,8,47,93,41,88,74,25,54,10,80,88,4,54,19,50,71,22,95,0,65,81,88,65,80,1,62,58,61,96,59,73,19,2,37,52,8,14,5,73,12,51,83,81,49,10,66,85,58,55,1,80,54,79,46,15,91,30,35,70,6,3,80,71,32,28,80,89,40,59,81,77,80,62,33,90,56,3,8,68,15,25,9,80,11,36,46,64,54,37,33,6,83,53,68,84,64,83,72,6,84,2,1,78,44,86,31,75,26,2,87,15,11,90,10,62,94,62,16,25,23,5,54,2,59,69,70,60,76,89,47,68,7,60,58,76,64,73,6,67,63,69,81,55,94,51,75,5,79,52,82,48,87,41,21,86,5,3,78,41,80,84,47,64,15,16,60,49,,,,,,,,,,,,,,,,,,,,,,,,,,,,,,,,,,,,,,,,,,,,,,,,,,,,,,,,,,,,,,,,,,,,,,,,,,,,,,,,,,,,,,,,,,,,,,,,,,,,,,,,,,,,,,,,,,,,,,,,,,,,,,,,,,,,,,,,,,,,,,,,,,,,,,,,,,,,,,,,,,,,,,,,,,,,,,,,,,,,,,,,,,,,,,,,,,,,,,,,,,,,,,,,,,,,,,,,,,,,,,,,,,,,,,,,,,,,,,,,,,,,,,,,,,,,,,,,,,,,,,,,,,,,,,,,,,,,,,,,,,,,,,,,,,,,,,,,,,,,,,,,,,,,,,,,,,,,,,,,,,,,,,,,,,,,,,,,,,,,,,,,,,,,,,,,,,,,,,,,,,,,,,,,,,,,,,,,,,,,,,,,,,,,,,,,,,,,,,,,,,,,,,,,,,,,,,,,,,,,,,,,,,,,,,,,,,,,,,,,,,,,,,,,,,,,,,,,,,,,,,,,,,,,,,,,,,,,,,,,,,,,,,,,,,,,,,,,,,,,,,,,,,,,,,,,,,,,,,,,,,,,,,,,,,,,,,,,,,,,,,,,,,,,,,,,,,,,,,,,,,,,,,,,,,,,,,,,,,,,,,,,,,,,,,,,,,,,,,,,,,,,,,,,,,,,,,,,,,,,,,,,,,,,,,,,,,,,,,,,,,,,,,,,,,,,,,,,,,,,,,,,,,,,,,,,,,,,,,,,,,,,,,,,,,,,,,,,,,,,,,,,,,,,,,,,,,,,,,,,,,,,,,,,,,,,,,,,,,,,,,,,,,,,,,,,,,,,,,,,,,,,,,,,,,,,,,,,,,,,,,,,,,,,,,,,,,,,,,,,,,,,,,,,,,,,,,,,,,,,,,,,,,,,,,,25-34,Female,,Some college,,White / Caucasian,,1,0.891185352
R_1drJDJHWZ9VjYNE,Retail Sales Associate,,,,,,,,,,,,,,,,,,,,,,,,,,,,,,,,,,,,,,,,,,,,,,,,,,,,,,,,,,,,,,,,,,,,,,,,,,,,,,,,,,,,,,,,,,,,,,,,,,,,,,,,,,,,,,,,,,,,,,,,,,,,,,,,,,,,,,,,,,,,,,,,,,,,,,,,,,,,,,,,,,,,,,,,2,23,47,2,4,49,41,63,100,64,22,3,51,100,27,100,100,48,100,100,50,49,26,27,58,100,47,94,23,100,63,90,100,43,100,100,100,92,47,19,100,28,68,93,66,99,100,69,47,35,100,32,65,90,25,100,41,100,25,56,7,28,100,19,99,3,89,100,45,45,6,48,66,69,100,23,24,80,67,92,9,47,100,13,40,82,8,100,78,3,29,100,88,75,3,88,31,12,3,93,17,60,3,73,100,76,15,36,51,35,63,3,48,100,100,100,4,3,100,70,12,87,47,19,73,1,32,95,30,42,100,100,8,37,98,81,26,61,100,35,59,100,100,97,31,95,29,7,73,100,57,75,47,96,100,70,30,43,92,69,29,69,100,99,65,27,,,,,,,,,,,,,,,,,,,,,,,,,,,,,,,,,,,,,,,,,,,,,,,,,,,,,,,,,,,,,,,,,,,,,,,,,,,,,,,,,,,,,,,,,,,,,,,,,,,,,,,,,,,,,,,,,,,,,,,,,,,,,,,,,,,,,,,,,,,,,,,,,,,,,,,,,,,,,,,,,,,,,,,,,,,,,,,,,,,,,,,,,,,,,,,,,,,,,,,,,,,,,,,,,,,,,,,,,,,,,,,,,,,,,,,,,,,,,,,,,,,,,,,,,,,,,,,,,,,,,,,,,,,,,,,,,,,,,,,,,,,,,,,,,,,,,,,,,,,,,,,,,,,,,,,,,,,,,,,,,,,,,,,,,,,,,,,,,,,,,,,,,,,,,,,,,,,,,,,,,,,,,,,,,,,,,,,,,,,,,,,,,,,,,,,,,,,,,,,,,,,,,,,,,,,,,,,,,,,,,,,,,,,,,,,,,,,,,,,,,,,,,,,,,,,,,,,,,,,,,,,,,,,,,,,,,,,,,,,,,,,,,,,,,,,,,,,,,,,,,,,,,,,,,,,,,,,,,,,,,,,,,,,,,,,,,,,,,,,,,,,,,,,,,,,,,,,,,,,,,,,,,,,,,,,,,,,,,,,,,,,,,,,,,,,,,,,,,,,,,,,,,,,,,,,,,,,,,,,,,,,,,,,,,,,,,,,,,,,,,,,,,,,,,,,,,,,,,,,,,,,,,45-54,Female,,High school graduate,,White / Caucasian,,2,0.791909564
R_3voYfp1XkxBs6M9,Risk Analyst,,,,,,,,,,,,,,,,,,,,,,,,,,,,,,,,,,,,,,,,,,,,,,,,,,,,,,,,,,,,,,,,,,,,,,,,,,,,,,,,,,,,,,,,,,,,,,,,,,,,,,,,,,,,,,,,,,,,,,,,,,,,,,,,,,,,,,,,,,,,,,,,,,,,,,,,,,,,,,,,,,,,,,,,,,,,,,,,,,,,,,,,,,,,,,,,,,,,,,,,,,,,,,,,,,,,,,,,,,,,,,,,,,,,,,,,,,,,,,,,,,,,,,,,,,,,,,,,,,,,,,,,,,,,,,,,,,,,,,,,,,,,,,,,,,,,,,,,,,,,,,,,,,,,,,,,,,,,,,,,,,,,,,,,,,,,,,,,,,,,,,,,,,,,,,,,,,,,,,,,,,,,,,,,,,,,,,,,,,,,,,,,,,,,,,,,,,,,,,,,,,,,,,,,,,,,,,,,,,,,,,,,,,,,,,,,,,,,,,,,,,,,,,,,,,,,,,,,,,,,,,,,,,,,,,,,,,,,,,,,,,,,,,,,,,,,,,,,,,,,,,,,,,,,,,,,,,,,,,,,,,,,,,,,,,,,,,,,,,,,,,,,,,,,,,,,,,,,,,,,,,,,,,,,,,,,,,,,,,,,,,,,,,,,,,,,,,,,,,,,,,,,,,,,,,,,,,,,,,,,,,,,,,,,,,,,,,,,,,,,,,,,,,,,,,,,,,,,,,,,,,,,,,,,,,,,,,,,,,,,,,,,,,,,,,,,,,,,,,,,,,,,,,,,,,,,,,,,,,,,,,,,,,,,,,,,,,,,,,,,,,,,,,,,,,,,,,,,,,,,,,,,,,,,,,,,,,,,,,,,,,,,,,,,,,,,,,,,,,,,,,,,,,,,,,,,,,,,,,,,,,,,,,,,,,,,11,85,65,15,21,75,13,44,15,50,35,19,60,30,58,6,31,75,60,10,61,8,55,7,13,45,8,63,80,40,66,35,10,36,20,13,50,19,54,53,56,54,40,20,34,55,4,66,75,24,30,5,66,53,30,79,10,55,63,32,28,4,59,39,60,20,55,66,6,62,7,8,9,27,52,55,26,78,30,60,4,74,8,55,71,10,57,5,15,58,64,9,25,44,20,55,55,76,46,41,50,22,6,7,13,12,19,54,86,72,20,65,57,79,29,40,7,42,34,59,20,61,75,8,75,51,13,34,21,40,23,55,75,70,55,62,27,51,8,42,42,8,55,62,10,55,14,2,10,10,72,55,23,17,58,20,50,3,45,59,56,90,38,77,63,61,25-34,Female,,Graduate degree,,White / Caucasian,,6,0.711619681
R_30VfQYWg8rfbO5i,Risk Analyst,,,,,,,,,,,,,,,,,,,,,,,,,,,,,,,,,,,,,,,,,,,,,,,,,,,,,,,,,,,,,,,,,,,,,,,,,,,,,,,,,,,,,,,,,,,,,,,,,,,,,,,,,,,,,,,,,,,,,,,,,,,,,,,,,,,,,,,,,,,,,,,,,,,,,,,,,,,,,,,,,,,,,,,,,,,,,,,,,,,,,,,,,,,,,,,,,,,,,,,,,,,,,,,,,,,,,,,,,,,,,,,,,,,,,,,,,,,,,,,,,,,,,,,,,,,,,,,,,,,,,,,,,,,,,,,,,,,,,,,,,,,,,,,,,,,,,,,,,,,,,,,,,,,,,,,,,,,,,,,,,,,,,,,,,,,,,,,,,,,,,,,,,,,,,,,,,,,,,,,,,,,,,,,,,,,,,,,,,,,,,,,,,,,,,,,,,,,,,,,,,,,,,,,,,,,,,,,,,,,,,,,,,,,,,,,,,,,,,,,,,,,,,,,,,,,,,,,,,,,,,,,,,,,,,,,,,,,,,,,,,,,,,,,,,,,,,,,,,,,,,,,,,,,,,,,,,,,,,,,,,,,,,,,,,,,,,,,,,,,,,,,,,,,,,,,,,,,,,,,,,,,,,,,,,,,,,,,,,,,,,,,,,,,,,,,,,,,,,,,,,,,,,,,,,,,,,,,,,,,,,,,,,,,,,,,,,,,,,,,,,,,,,,,,,,,,,,,,,,,,,,,,,,,,65,20,65,20,65,65,65,65,65,20,65,65,65,65,65,65,65,65,65,65,65,65,65,65,20,65,65,65,20,65,65,64,65,65,65,65,65,30,65,65,40,65,65,65,65,65,65,65,65,65,65,65,65,65,65,65,65,65,20,65,65,20,20,65,65,65,65,65,20,65,65,65,65,65,65,20,65,65,65,40,65,65,65,65,65,65,65,65,65,65,65,20,65,65,65,65,65,35,65,65,65,65,65,65,30,65,65,65,65,65,65,65,65,65,65,65,20,20,65,30,65,40,65,35,65,20,65,65,65,65,65,30,20,65,65,65,50,65,65,65,65,65,65,65,20,65,65,65,65,65,31,65,65,65,20,65,65,65,65,65,43,65,65,20,,,,,,,,,,,,,,,,,,,,,,,,,,,,,,,,,,,,,,,,,,,,,,,,,,,,,,,,,,,,,,,,,,,,,,,,,,,,,,,,,,,,,,,,,,,,,,,,,,,,,,,,,,,,,,,,,,,,,,,,,,,,,,,,,,,,,,,,,,,,,,,,,,,,,,,,,,,,,,,,,,,,,,,65 or above,Female,,Some college,,White / Caucasian,,5,0.441768483
R_6WwDmKxxNXfP6dV,Financial Advisor,,,,,,,,,,,,,,,,,,,,,,,,,,,,,,,,,,,,,,,,,,,,,,,,,,,,,,,,,,,,,,,,,,,,,,,,,,,,,,,,,,,,,,,,,,,,,,,,,,,,,,,,,,,,,,,,,,,,,,,,,,,,,,,,,,,,,,,,,,,,,,,,,,,,,,,,,,,,,,,,,,,,,,,,58,33,84,71,58,66,76,48,83,64,29,60,50,71,65,75,48,52,34,75,33,67,34,63,75,60,47,49,62,33,33,68,73,65,80,63,35,77,70,64,63,53,61,65,33,64,63,33,60,46,69,4,52,72,13,35,62,62,62,58,55,51,73,59,33,53,62,63,57,33,74,61,44,52,60,63,45,59,63,76,33,49,61,66,78,75,51,66,78,42,54,55,64,65,56,69,72,65,13,37,30,30,70,63,73,36,30,70,76,69,38,43,62,33,62,2,68,63,79,62,74,61,41,33,60,68,68,31,63,69,60,33,58,30,57,62,36,55,79,62,56,45,74,71,33,51,69,57,68,84,75,70,59,67,63,62,62,31,65,38,67,66,70,3,77,30,,,,,,,,,,,,,,,,,,,,,,,,,,,,,,,,,,,,,,,,,,,,,,,,,,,,,,,,,,,,,,,,,,,,,,,,,,,,,,,,,,,,,,,,,,,,,,,,,,,,,,,,,,,,,,,,,,,,,,,,,,,,,,,,,,,,,,,,,,,,,,,,,,,,,,,,,,,,,,,,,,,,,,,,,,,,,,,,,,,,,,,,,,,,,,,,,,,,,,,,,,,,,,,,,,,,,,,,,,,,,,,,,,,,,,,,,,,,,,,,,,,,,,,,,,,,,,,,,,,,,,,,,,,,,,,,,,,,,,,,,,,,,,,,,,,,,,,,,,,,,,,,,,,,,,,,,,,,,,,,,,,,,,,,,,,,,,,,,,,,,,,,,,,,,,,,,,,,,,,,,,,,,,,,,,,,,,,,,,,,,,,,,,,,,,,,,,,,,,,,,,,,,,,,,,,,,,,,,,,,,,,,,,,,,,,,,,,,,,,,,,,,,,,,,,,,,,,,,,,,,,,,,,,,,,,,,,,,,,,,,,,,,,,,,,,,,,,,,,,,,,,,,,,,,,,,,,,,,,,,,,,,,,,,,,,,,,,,,,,,,,,,,,,,,,,,,,,,,,,,,,,,,,,,,,,,,,,,,,,,,,,,,,,,,,,,,,,,,,,,,,,,,,,,,,,,,,,,,,,,,,,,,,,,,,,,,,,,,,,,,,,,,,,,,,,,,,,,,,,,,,,,,45-54,Female,,Bachelor's degree,,White / Caucasian,,2,0.761203126
R_7F9P4thCJrPkutE,Risk Analyst,,,,,,,,,,,,,,,,,,,,,,,,,,,,,,,,,,,,,,,,,,,,,,,,,,,,,,,,,,,,,,,,,,,,,,,,,,,,,,,,,,,,,,,,,,,,,,,,,,,,,,,,,,,,,,,,,,,,,,,,,,,,,,,,,,,,,,,,,,,,,,,,,,,,,,,,,,,,,,,,,,,,,,,,,,,,,,,,,,,,,,,,,,,,,,,,,,,,,,,,,,,,,,,,,,,,,,,,,,,,,,,,,,,,,,,,,,,,,,,,,,,,,,,,,,,,,,,,,,,,,,,,,,,,,,,,,,,,,,,,,,,,,,,,,,,,,,,,,,,,,,,,,,,,,,,,,,,,,,,,,,,,,,,,,,,,,,,,,,,,,,,,,,,,,,,,,,,,,,,,,,,,,,,,,,,,,,,,,,,,,,,,,,,,,,,,,,,,,,,,,,,,,,,,,,,,,,,,,,,,,,,,,,,,,,,,,,,,,,,,,,,,,,,,,,,,,,,,,,,,,,,,,,,,,,,,,,,,,,,,,,,,,,,,,,,,,,,,,,,,,,,,,,,,,,,,,,,,,,,,,,,,,,,,,,,,,,,,,,,,,,,,,,,,,,,,,,,,,,,,,,,,,,,,,,,,,,,,,,,,,,,,,,,,,,,,,,,,,,,,,,,,,,,,,,,,,,,,,,,,,,,,,,,,,,,,,,,,,,,,,,,,,,,,,,,,,,,,,,,,,,,,,,,,61,63,23,11,29,57,84,61,63,39,60,56,19,22,62,20,41,56,79,37,37,36,54,18,51,52,82,69,27,75,78,80,26,64,52,85,77,31,76,38,25,63,62,60,83,64,53,38,31,100,66,25,100,51,33,64,68,49,61,71,57,42,53,57,31,49,21,58,34,55,82,56,84,79,61,8,30,68,61,65,52,74,34,67,67,29,51,57,51,65,64,29,28,76,53,36,45,26,30,27,46,73,67,62,30,88,64,66,76,33,51,100,52,53,87,20,94,19,29,59,98,30,58,57,29,57,73,23,75,34,66,32,28,33,85,75,58,73,75,35,82,37,64,69,42,41,50,67,70,49,23,88,60,62,64,75,23,59,68,43,30,18,31,74,,,,,,,,,,,,,,,,,,,,,,,,,,,,,,,,,,,,,,,,,,,,,,,,,,,,,,,,,,,,,,,,,,,,,,,,,,,,,,,,,,,,,,,,,,,,,,,,,,,,,,,,,,,,,,,,,,,,,,,,,,,,,,,,,,,,,,,,,,,,,,,,,,,,,,,,,,,,,,,,,,,,,,,45-54,Female,,Some college,,White / Caucasian,,5,0.535786542
R_5IH0cEGQGmae6hP,Financial Advisor,55,56,57,56,57,56,58,56,57,53,58,56,55,54,56,56,55,57,57,55,56,57,57,52,55,56,54,56,56,56,56,56,56,54,57,54,56,58,57,55,57,55,56,55,57,56,56,59,56,58,57,56,57,56,56,56,56,57,56,55,59,57,55,56,55,57,57,56,56,58,57,56,56,57,55,57,56,56,58,56,55,59,61,56,57,57,60,57,57,58,56,57,56,57,55,56,58,56,57,57,56,55,57,59,57,55,57,56,57,56,55,52,56,49,55,56,59,57,56,60,55,56,54,55,56,57,57,56,57,55,55,56,56,57,58,56,54,56,56,56,55,58,56,54,54,57,55,56,58,57,56,58,57,53,57,55,55,57,55,57,55,56,58,55,55,63,57,,,,,,,,,,,,,,,,,,,,,,,,,,,,,,,,,,,,,,,,,,,,,,,,,,,,,,,,,,,,,,,,,,,,,,,,,,,,,,,,,,,,,,,,,,,,,,,,,,,,,,,,,,,,,,,,,,,,,,,,,,,,,,,,,,,,,,,,,,,,,,,,,,,,,,,,,,,,,,,,,,,,,,,,,,,,,,,,,,,,,,,,,,,,,,,,,,,,,,,,,,,,,,,,,,,,,,,,,,,,,,,,,,,,,,,,,,,,,,,,,,,,,,,,,,,,,,,,,,,,,,,,,,,,,,,,,,,,,,,,,,,,,,,,,,,,,,,,,,,,,,,,,,,,,,,,,,,,,,,,,,,,,,,,,,,,,,,,,,,,,,,,,,,,,,,,,,,,,,,,,,,,,,,,,,,,,,,,,,,,,,,,,,,,,,,,,,,,,,,,,,,,,,,,,,,,,,,,,,,,,,,,,,,,,,,,,,,,,,,,,,,,,,,,,,,,,,,,,,,,,,,,,,,,,,,,,,,,,,,,,,,,,,,,,,,,,,,,,,,,,,,,,,,,,,,,,,,,,,,,,,,,,,,,,,,,,,,,,,,,,,,,,,,,,,,,,,,,,,,,,,,,,,,,,,,,,,,,,,,,,,,,,,,,,,,,,,,,,,,,,,,,,,,,,,,,,,,,,,,,,,,,,,,,,,,,,,,,,,,,,,,,,,,,,,,,,,,,,,,,,,,,,,,,,,,,,,,,,,,,,,,,,,,,,,,,,,,,,,,,,,,,,,,,,,,,,,,,,,,,,,,,,,,,,,,,,,,,,,,,,,,,,,,,,,,,,,,,,,,,,,,,,,,,,,,,,,,,,,,,,,,,,,,,,,,,,,,,,,,,,,,,,,,,,,,,,,,,,,,,,,,,,,,,,,,25-34,Male,,Some college,,American Indian or Alaskan Native,,1,0.091938335
R_7wb1x3ajUcpYf2P,Retail Sales Associate,,,,,,,,,,,,,,,,,,,,,,,,,,,,,,,,,,,,,,,,,,,,,,,,,,,,,,,,,,,,,,,,,,,,,,,,,,,,,,,,,,,,,,,,,,,,,,,,,,,,,,,,,,,,,,,,,,,,,,,,,,,,,,,,,,,,,,,,,,,,,,,,,,,,,,,,,,,,,,,,,,,,,,,,,,,,,,,,,,,,,,,,,,,,,,,,,,,,,,,,,,,,,,,,,,,,,,,,,,,,,,,,,,,,,,,,,,,,,,,,,,,,,,,,,,,,,,,,,,,,,,,,,,,,,,,,,,,,,,,,,,,,,,,,,,,,,,,,,,,,,,,,,,,,,,,,,,,,,,,,,,,,,,,,,,,,,,,,,,,,,,,,,,,,,,,,,,,,,,,,,,,,,,,,,,,,,,,,,,,,,,,,,,,,,,,,,,,,,,,,,,,,,,,,,,,,,,,,,,,,,,,,,,,,,,,,,,,,,,,,,,,,,,,,,,,,,,,,,,,,,,,,,,,,,,,,,,,,,,,,,,,,,,,,,,,,,,,,,,,,,93,90,88,90,93,90,93,92,93,90,92,93,90,92,92,88,92,93,93,88,90,93,93,93,90,91,91,88,88,95,90,90,90,90,92,88,92,90,92,92,93,92,90,94,92,92,93,93,90,92,88,90,92,92,93,90,90,93,92,90,90,93,91,93,92,95,91,90,90,90,91,93,90,90,92,92,92,90,92,92,92,92,88,92,90,90,93,90,92,92,92,92,92,95,93,90,92,90,90,93,93,90,93,90,92,93,90,94,90,92,93,92,90,90,92,90,93,93,93,92,90,90,93,92,92,92,92,93,92,93,90,90,90,90,93,92,93,91,93,95,93,92,90,93,92,93,88,92,93,92,92,92,92,92,92,92,90,94,88,93,90,93,93,92,93,92,93,,,,,,,,,,,,,,,,,,,,,,,,,,,,,,,,,,,,,,,,,,,,,,,,,,,,,,,,,,,,,,,,,,,,,,,,,,,,,,,,,,,,,,,,,,,,,,,,,,,,,,,,,,,,,,,,,,,,,,,,,,,,,,,,,,,,,,,,,,,,,,,,,,,,,,,,,,,,,,,,,,,,,,,,,,,,,,,,,,,,,,,,,,,,,,,,,,,,,,,,,,,,,,,,,,,,,,,,,,,,,,,,,,,,,,,,,,,,,,,,,,,,,,,,,,,,,,,,,,,,,,,,,,,,,,,,,,,,,,,,,,,,,,,,,,,,,,,,,,,,,,,,,,,,,,,,,,,,,,,,,,,,,,,,,,,25-34,Female,,Graduate degree,,Asian,,4,0.643329145
R_3QFb6cO3gSOS8La,Inventory Manager,,,,,,,,,,,,,,,,,,,,,,,,,,,,,,,,,,,,,,,,,,,,,,,,,,,,,,,,,,,,,,,,,,,,,,,,,,,,,,,,,,,,,,,,,,,,,,,,,,,,,,,,,,,,,,,,,,,,,,,,,,,,,,,,,,,,,,,,,,,,,,,,,,,,,,,,,,,,,,,,,,,,,,,,,,,,,,,,,,,,,,,,,,,,,,,,,,,,,,,,,,,,,,,,,,,,,,,,,,,,,,,,,,,,,,,,,,,,,,,,,,,,,,,,,,,,,,,,,,,,,,,,,,,,,,,,,,,,,,,,,,,,,,,,,,,,,,,,,,,,,,,,,,,,,,,,,,,,,,,,,,,,,,,,,,,,,,,,,,,,,,,,,,,,,,,,,,,,,,,,,,,,,,,,,,,,,,,,,,,,,,,,,,,,,,,,,,,,,,,,,,,,,,,,,,,,,,,,,,,,,,,,,,,,,,,,,,,,,,,,,,,,,,,,,,,,,,,,,,,,,,,,,,,,,,,,,,,,,,,,,,,,,,,,,,,,,,,,,,,,,,,,,,,,,,,,,,,,,,,,,,,,,,,,,,,,,,,,,,,,,,,,,,,,,,,,,,,,,,,,,,,,,,,,,,,,,,,,,,,,,,,,,,,,,,,,,,,,,,,,,,,,,,,,,,,,,,,,,,,,,,,,,,,,,,,,,,,,,,,,,,,,,,,,,,,,,,,,,,,,,,,,,,,,66,40,72,17,36,69,76,83,72,50,89,40,46,40,63,65,63,90,70,59,35,40,78,40,35,85,30,71,34,55,64,89,41,68,65,70,68,50,75,77,40,78,40,75,85,76,77,45,30,82,70,63,95,55,35,78,90,66,45,68,82,57,35,34,79,45,35,60,35,70,66,70,57,80,66,30,66,80,42,72,34,75,60,72,82,78,74,85,66,60,100,30,77,78,53,65,70,42,45,25,62,66,50,64,30,73,50,78,50,55,40,85,84,35,90,57,36,50,73,35,83,40,86,55,50,35,40,84,89,55,89,55,30,60,57,72,32,85,55,71,95,75,82,63,35,70,35,85,55,80,35,77,45,100,30,68,26,30,20,82,52,72,50,30,,,,,,,,,,,,,,,,,,,,,,,,,,,,,,,,,,,,,,,,,,,,,,,,,,,,,,,,,,,,,,,,,,,,,,,,,,,,,,,,,,,,,,,,,,,,,,,,,,,,,,,,,,,,,,,,,,,,,,,,,,,,,,,,,,,,,,,,,,,,,,,,,,,,,,,,,,,,,,,,,,,,,,,25-34,Female,,Bachelor's degree,,White / Caucasian,,5,0.858013268
R_1e8wFrkzzGPBrau,Risk Analyst,63,34,10,1,0,13,26,45,54,19,42,18,16,17,0,18,7,65,11,17,0,66,12,27,45,21,49,54,16,22,0,52,4,31,4,16,14,21,0,61,14,0,24,30,19,9,0,51,30,0,1,23,4,33,21,29,78,20,27,28,3,58,47,46,51,39,38,15,6,2,5,11,10,1,0,33,32,15,16,36,10,51,0,52,5,17,3,37,52,33,56,0,0,1,7,8,15,32,25,46,4,9,7,11,18,49,1,14,0,5,59,19,0,32,56,0,0,28,22,83,5,48,9,17,2,12,0,10,11,7,52,8,61,6,50,22,15,67,0,0,1,19,0,54,16,13,0,61,16,0,22,5,24,5,21,30,0,2,33,0,14,5,48,23,5,0,30,,,,,,,,,,,,,,,,,,,,,,,,,,,,,,,,,,,,,,,,,,,,,,,,,,,,,,,,,,,,,,,,,,,,,,,,,,,,,,,,,,,,,,,,,,,,,,,,,,,,,,,,,,,,,,,,,,,,,,,,,,,,,,,,,,,,,,,,,,,,,,,,,,,,,,,,,,,,,,,,,,,,,,,,,,,,,,,,,,,,,,,,,,,,,,,,,,,,,,,,,,,,,,,,,,,,,,,,,,,,,,,,,,,,,,,,,,,,,,,,,,,,,,,,,,,,,,,,,,,,,,,,,,,,,,,,,,,,,,,,,,,,,,,,,,,,,,,,,,,,,,,,,,,,,,,,,,,,,,,,,,,,,,,,,,,,,,,,,,,,,,,,,,,,,,,,,,,,,,,,,,,,,,,,,,,,,,,,,,,,,,,,,,,,,,,,,,,,,,,,,,,,,,,,,,,,,,,,,,,,,,,,,,,,,,,,,,,,,,,,,,,,,,,,,,,,,,,,,,,,,,,,,,,,,,,,,,,,,,,,,,,,,,,,,,,,,,,,,,,,,,,,,,,,,,,,,,,,,,,,,,,,,,,,,,,,,,,,,,,,,,,,,,,,,,,,,,,,,,,,,,,,,,,,,,,,,,,,,,,,,,,,,,,,,,,,,,,,,,,,,,,,,,,,,,,,,,,,,,,,,,,,,,,,,,,,,,,,,,,,,,,,,,,,,,,,,,,,,,,,,,,,,,,,,,,,,,,,,,,,,,,,,,,,,,,,,,,,,,,,,,,,,,,,,,,,,,,,,,,,,,,,,,,,,,,,,,,,,,,,,,,,,,,,,,,,,,,,,,,,,,,,,,,,,,,,,,,,,,,,,,,,,,,,,,,,,,,,,,,,,,,,,,,,,,,,,,,,,,,,,,,,,,,,,,,18-24,Male,,Bachelor's degree,,White / Caucasian,,1,0.678927285
R_5U5XRJOywwOyA1n,Inventory Manager,,,,,,,,,,,,,,,,,,,,,,,,,,,,,,,,,,,,,,,,,,,,,,,,,,,,,,,,,,,,,,,,,,,,,,,,,,,,,,,,,,,,,,,,,,,,,,,,,,,,,,,,,,,,,,,,,,,,,,,,,,,,,,,,,,,,,,,,,,,,,,,,,,,,,,,,,,,,,,,,,,,,,,,,,,,,,,,,,,,,,,,,,,,,,,,,,,,,,,,,,,,,,,,,,,,,,,,,,,,,,,,,,,,,,,,,,,,,,,,,,,,,,,,,,,,,,,,,,,,,,,,,,,,,,,,,,,,,,,,,,,,,,,,,,,,,,,,,,,,,,,,,,,,,,,,,,,,,,,,,,,,,,,,,,,,,,,,,,,,,,,,,,,,,,,,,,,,,,,,,,,,,,,,,,,,,,,,,,,,,,,,,,,,,,,,,,,,,,,,,,,,,,,,,,,,,,,,,,,,,,,,,,,,,,,,,,,,,,,,,,,,,,,,,,,,,,,,,,,,,,,,,,,,,,,,,,,,,,,,,,,,,,,,,,,,,,,,,,,,,,40,70,50,50,70,75,60,75,50,65,50,85,65,50,60,60,40,50,90,85,75,40,65,50,50,50,70,50,90,70,40,70,60,70,50,85,50,40,60,65,50,65,40,60,40,40,65,85,60,65,50,60,50,65,80,50,75,60,70,40,50,70,75,70,50,60,30,60,90,80,40,75,50,70,75,40,50,50,40,70,70,60,60,80,40,50,85,80,70,40,40,60,60,70,55,40,50,50,40,90,40,80,60,90,60,60,50,50,70,80,70,90,40,50,60,50,80,80,65,40,85,75,50,50,50,50,60,60,70,50,45,85,40,80,50,40,60,40,75,85,80,60,50,70,70,80,60,65,70,50,75,50,70,80,50,80,50,60,40,80,75,70,60,75,50,85,60,,,,,,,,,,,,,,,,,,,,,,,,,,,,,,,,,,,,,,,,,,,,,,,,,,,,,,,,,,,,,,,,,,,,,,,,,,,,,,,,,,,,,,,,,,,,,,,,,,,,,,,,,,,,,,,,,,,,,,,,,,,,,,,,,,,,,,,,,,,,,,,,,,,,,,,,,,,,,,,,,,,,,,,,,,,,,,,,,,,,,,,,,,,,,,,,,,,,,,,,,,,,,,,,,,,,,,,,,,,,,,,,,,,,,,,,,,,,,,,,,,,,,,,,,,,,,,,,,,,,,,,,,,,,,,,,,,,,,,,,,,,,,,,,,,,,,,,,,,,,,,,,,,,,,,,,,,,,,,,,,,,,,,,,,,,55-64,Female,,Bachelor's degree,,Asian,,4,0.645417451
R_3rdbY5ClaTWx4bv,Retail Sales Associate,,,,,,,,,,,,,,,,,,,,,,,,,,,,,,,,,,,,,,,,,,,,,,,,,,,,,,,,,,,,,,,,,,,,,,,,,,,,,,,,,,,,,,,,,,,,,,,,,,,,,,,,,,,,,,,,,,,,,,,,,,,,,,,,,,,,,,,,,,,,,,,,,,,,,,,,,,,,,,,,,,,,,,,,,,,,,,,,,,,,,,,,,,,,,,,,,,,,,,,,,,,,,,,,,,,,,,,,,,,,,,,,,,,,,,,,,,,,,,,,,,,,,,,,,,,,,,,,,,,,,,,,,,,,,,,,,,,,,,,,,,,,,,,,,,,,,,,,,,,,,,,,,,,,,,,,,,,,,,,,,,,,,,,,,,,,,,49,59,59,62,55,55,60,58,47,38,67,40,53,48,59,55,56,38,58,50,50,50,60,51,60,47,45,71,50,50,30,71,32,40,54,68,54,50,53,50,39,63,41,50,60,50,53,49,40,60,65,70,49,45,48,43,54,42,55,50,40,61,63,55,50,40,50,60,74,56,44,69,20,58,55,55,74,49,69,50,38,45,56,50,60,50,59,50,56,38,44,40,54,50,36,59,50,65,25,43,48,37,50,52,40,58,61,50,36,68,65,47,65,50,60,55,40,49,38,50,55,29,65,45,50,47,69,49,55,50,60,40,50,30,65,30,36,50,50,68,57,50,42,53,41,57,44,62,58,51,44,71,55,54,44,53,40,40,50,70,50,50,45,50,75,38,35,,,,,,,,,,,,,,,,,,,,,,,,,,,,,,,,,,,,,,,,,,,,,,,,,,,,,,,,,,,,,,,,,,,,,,,,,,,,,,,,,,,,,,,,,,,,,,,,,,,,,,,,,,,,,,,,,,,,,,,,,,,,,,,,,,,,,,,,,,,,,,,,,,,,,,,,,,,,,,,,,,,,,,,,,,,,,,,,,,,,,,,,,,,,,,,,,,,,,,,,,,,,,,,,,,,,,,,,,,,,,,,,,,,,,,,,,,,,,,,,,,,,,,,,,,,,,,,,,,,,,,,,,,,,,,,,,,,,,,,,,,,,,,,,,,,,,,,,,,,,,,,,,,,,,,,,,,,,,,,,,,,,,,,,,,,,,,,,,,,,,,,,,,,,,,,,,,,,,,,,,,,,,,,,,,,,,,,,,,,,,,,,,,,,,,,,,,,,,,,,,,,,,,,,,,,,,,,,,,,,,,,,,,,,,,,,,,,,,,,,,,,,,,,,,,,,,,,,,,,,,,,,,,,,,,,,,,,,,,,,,,,,,,,,,,,,,,,,,,35-44,Male,,Bachelor's degree,,White / Caucasian,,3,0.642721356
R_1J9OdxDqfk6u22c,Retail Sales Associate,,,,,,,,,,,,,,,,,,,,,,,,,,,,,,,,,,,,,,,,,,,,,,,,,,,,,,,,,,,,,,,,,,,,,,,,,,,,,,,,,,,,,,,,,,,,,,,,,,,,,,,,,,,,,,,,,,,,,,,,,,,,,,,,,,,,,,,,,,,,,,,,,,,,,,,,,,,,,,,,,,,,,,,,,,,,,,,,,,,,,,,,,,,,,,,,,,,,,,,,,,,,,,,,,,,,,,,,,,,,,,,,,,,,,,,,,,,,,,,,,,,,,,,,,,,,,,,,,,,,,,,,,,,,,,,,,,,,,,,,,,,,,,,,,,,,,,,,,,,,,,,,,,,,,,,,,,,,,,,,,,,,,,,,,,,,,,,,,,,,,,,,,,,,,,,,,,,,,,,,,,,,,,,,,,,,,,,,,,,,,,,,,,,,,,,,,,,,,,,,,,,,,,,,,,,,,,,,,,,,,,,,,,,,,,,,,,,,,,,,,,,,,,,,,,,,,,,,,,,,,,,,,,,,,,,,,,,,,,,,,,,,,,,,,,,,,,,,,,,,,,,,,,,,,,,,,,,,,,,,,,,,,,,,,,,,,,,,,,,,,,,,,,,,,,,,,,,,,,,,,,,,,,,,,,,,,,,,,,,,,,,,,,,,,,,,,,,,,,,,,,,,,,,,,,,,,,,,,,,,,,,,,,,,,,,,,,,,,,,,,,,,,,,,,,,,,,,,,,,,,,,,,,,,,,,,,,,,,,,,,,,,,,,,,,,,,,,,,,,,,,,,,,,,,,,,,,,,,,,,,,,,,,,,,,,,,,,,,,,,,,,,,,,,,,,,,,,,,,,,,,,,,,,,,,,,,,,,,,,,,,,,,,,,,,,,,,,,,,,,,,,,,,,,,,,,,,,,,,,,,,,,,,,,,,,,60,76,75,80,90,50,86,48,49,75,73,53,38,87,75,79,63,79,75,93,82,80,85,91,62,80,81,90,76,80,76,70,69,75,88,75,55,77,76,74,83,68,59,94,49,50,81,82,80,79,95,77,49,75,77,81,72,77,82,72,80,81,80,73,71,93,83,68,94,85,77,80,93,77,77,59,83,59,81,73,75,55,83,63,83,79,80,80,76,61,50,79,67,88,84,82,38,74,81,72,40,77,87,56,66,52,81,76,64,72,92,75,75,82,82,82,75,54,80,75,85,76,83,83,65,81,34,85,80,41,85,61,65,65,77,84,84,41,49,75,72,54,67,73,77,86,75,78,85,74,82,55,86,82,51,77,46,92,76,77,52,77,82,56,65,75,55-64,Male,,Bachelor's degree,,Asian,,6,0.870279304
R_12zCWcRzd6BKLNg,Inventory Manager,,,,,,,,,,,,,,,,,,,,,,,,,,,,,,,,,,,,,,,,,,,,,,,,,,,,,,,,,,,,,,,,,,,,,,,,,,,,,,,,,,,,,,,,,,,,,,,,,,,,,,,,,,,,,,,,,,,,,,,,,,,,,,,,,,,,,,,,,,,,,,,,,,,,,,,,,,,,,,,,,,,,,,,,0,20,88,5,75,20,55,72,60,9,12,75,15,20,47,63,22,70,91,55,87,10,64,89,75,61,55,85,19,0,11,31,35,70,58,32,85,80,40,5,70,60,85,42,51,88,50,20,50,87,10,0,30,70,65,51,35,75,50,40,46,35,76,5,5,69,10,80,10,62,65,15,78,70,25,50,60,5,30,10,30,50,5,80,85,65,30,84,55,26,40,85,81,50,55,5,5,20,11,30,7,70,50,35,10,80,70,60,65,81,26,70,5,10,25,40,27,55,25,25,29,1,85,48,26,80,40,75,62,65,66,40,35,24,19,80,23,20,49,10,50,5,29,87,92,50,65,65,10,37,32,6,35,10,76,5,10,5,50,24,60,20,22,35,62,80,,,,,,,,,,,,,,,,,,,,,,,,,,,,,,,,,,,,,,,,,,,,,,,,,,,,,,,,,,,,,,,,,,,,,,,,,,,,,,,,,,,,,,,,,,,,,,,,,,,,,,,,,,,,,,,,,,,,,,,,,,,,,,,,,,,,,,,,,,,,,,,,,,,,,,,,,,,,,,,,,,,,,,,,,,,,,,,,,,,,,,,,,,,,,,,,,,,,,,,,,,,,,,,,,,,,,,,,,,,,,,,,,,,,,,,,,,,,,,,,,,,,,,,,,,,,,,,,,,,,,,,,,,,,,,,,,,,,,,,,,,,,,,,,,,,,,,,,,,,,,,,,,,,,,,,,,,,,,,,,,,,,,,,,,,,,,,,,,,,,,,,,,,,,,,,,,,,,,,,,,,,,,,,,,,,,,,,,,,,,,,,,,,,,,,,,,,,,,,,,,,,,,,,,,,,,,,,,,,,,,,,,,,,,,,,,,,,,,,,,,,,,,,,,,,,,,,,,,,,,,,,,,,,,,,,,,,,,,,,,,,,,,,,,,,,,,,,,,,,,,,,,,,,,,,,,,,,,,,,,,,,,,,,,,,,,,,,,,,,,,,,,,,,,,,,,,,,,,,,,,,,,,,,,,,,,,,,,,,,,,,,,,,,,,,,,,,,,,,,,,,,,,,,,,,,,,,,,,,,,,,,,,,,,,,,,,,,,,,,,,,,,,,,,,,,,,,,,,,,,,,,,,25-34,Female,,Some college,,White / Caucasian,,2,0.842804137
R_39ABrFImQzuGtNf,Risk Analyst,,,,,,,,,,,,,,,,,,,,,,,,,,,,,,,,,,,,,,,,,,,,,,,,,,,,,,,,,,,,,,,,,,,,,,,,,,,,,,,,,,,,,,,,,,,,,,,,,,,,,,,,,,,,,,,,,,,,,,,,,,,,,,,,,,,,,,,,,,,,,,,,,,,,,,,,,,,,,,,,,,,,,,,,,,,,,,,,,,,,,,,,,,,,,,,,,,,,,,,,,,,,,,,,,,,,,,,,,,,,,,,,,,,,,,,,,,,,,,,,,,,,,,,,,,,,,,,,,,,,,,,,,,,,,,,,,,,,,,,,,,,,,,,,,,,,,,,,,,,,,,,,,,,,,,,,,,,,,,,,,,,,,,,,,,,,,,,,,,,,,,,,,,,,,,,,,,,,,,,,,,,,,,,,,,,,,,,,,,,,,,,,,,,,,,,,,,,,,,,,,,,,,,,,,,,,,,,,,,,,,,,,,,,,,,,,,,,,,,,,,,,,,,,,,,,,,,,,,,,,,,,,,,,,,,,,,,,,,,,,,,,,,,,,,,,,,,,,,,,,,17,76,7,55,37,40,28,55,60,61,80,65,60,51,64,76,39,40,55,37,61,45,57,37,56,26,78,28,62,36,51,40,55,65,57,47,19,24,66,42,36,62,55,40,28,37,30,45,33,45,40,41,60,50,65,24,65,40,50,81,53,35,65,38,58,41,36,35,67,55,40,61,37,52,39,61,26,32,55,41,71,28,27,50,52,55,50,63,64,15,66,50,56,56,45,35,31,30,21,34,19,62,41,64,28,59,27,62,65,45,50,57,32,67,71,58,56,41,39,36,69,60,58,27,45,42,68,45,65,64,23,60,52,67,37,21,61,30,74,75,70,75,69,54,48,42,32,63,46,60,61,45,60,37,62,38,42,50,22,73,45,48,59,65,45,65,64,,,,,,,,,,,,,,,,,,,,,,,,,,,,,,,,,,,,,,,,,,,,,,,,,,,,,,,,,,,,,,,,,,,,,,,,,,,,,,,,,,,,,,,,,,,,,,,,,,,,,,,,,,,,,,,,,,,,,,,,,,,,,,,,,,,,,,,,,,,,,,,,,,,,,,,,,,,,,,,,,,,,,,,,,,,,,,,,,,,,,,,,,,,,,,,,,,,,,,,,,,,,,,,,,,,,,,,,,,,,,,,,,,,,,,,,,,,,,,,,,,,,,,,,,,,,,,,,,,,,,,,,,,,,,,,,,,,,,,,,,,,,,,,,,,,,,,,,,,,,,,,,,,,,,,,,,,,,,,,,,,,,,,,,,,,25-34,Non-binary / Third gender,,Some college,,White / Caucasian,,4,0.517163986
R_7jU5VHMKSGUYKWw,Inventory Manager,,,,,,,,,,,,,,,,,,,,,,,,,,,,,,,,,,,,,,,,,,,,,,,,,,,,,,,,,,,,,,,,,,,,,,,,,,,,,,,,,,,,,,,,,,,,,,,,,,,,,,,,,,,,,,,,,,,,,,,,,,,,,,,,,,,,,,,,,,,,,,,,,,,,,,,,,,,,,,,,,,,,,,,,50,50,50,50,50,50,50,50,50,50,50,50,50,50,50,50,50,50,50,50,50,50,50,50,50,50,50,50,50,50,50,50,50,50,50,50,50,50,50,50,50,50,50,50,50,50,50,50,50,50,50,0,50,50,50,50,50,50,50,50,50,50,50,50,50,50,50,50,50,50,50,50,50,50,50,50,50,50,50,50,50,50,50,50,50,50,50,50,50,50,50,50,50,50,50,50,50,50,50,50,50,50,50,50,50,50,50,50,50,50,50,50,50,50,50,0,50,50,50,50,50,50,50,50,50,50,50,50,50,50,50,50,50,50,50,50,50,50,50,50,50,50,50,50,50,50,50,50,50,50,50,50,50,50,50,50,50,50,50,50,50,50,50,0,50,50,,,,,,,,,,,,,,,,,,,,,,,,,,,,,,,,,,,,,,,,,,,,,,,,,,,,,,,,,,,,,,,,,,,,,,,,,,,,,,,,,,,,,,,,,,,,,,,,,,,,,,,,,,,,,,,,,,,,,,,,,,,,,,,,,,,,,,,,,,,,,,,,,,,,,,,,,,,,,,,,,,,,,,,,,,,,,,,,,,,,,,,,,,,,,,,,,,,,,,,,,,,,,,,,,,,,,,,,,,,,,,,,,,,,,,,,,,,,,,,,,,,,,,,,,,,,,,,,,,,,,,,,,,,,,,,,,,,,,,,,,,,,,,,,,,,,,,,,,,,,,,,,,,,,,,,,,,,,,,,,,,,,,,,,,,,,,,,,,,,,,,,,,,,,,,,,,,,,,,,,,,,,,,,,,,,,,,,,,,,,,,,,,,,,,,,,,,,,,,,,,,,,,,,,,,,,,,,,,,,,,,,,,,,,,,,,,,,,,,,,,,,,,,,,,,,,,,,,,,,,,,,,,,,,,,,,,,,,,,,,,,,,,,,,,,,,,,,,,,,,,,,,,,,,,,,,,,,,,,,,,,,,,,,,,,,,,,,,,,,,,,,,,,,,,,,,,,,,,,,,,,,,,,,,,,,,,,,,,,,,,,,,,,,,,,,,,,,,,,,,,,,,,,,,,,,,,,,,,,,,,,,,,,,,,,,,,,,,,,,,,,,,,,,,,,,,,,,,,,,,,,,,,35-44,Female,,Bachelor's degree,,White / Caucasian,,2,1
R_1HBmyx0bjaOy8CJ,Financial Advisor,,,,,,,,,,,,,,,,,,,,,,,,,,,,,,,,,,,,,,,,,,,,,,,,,,,,,,,,,,,,,,,,,,,,,,,,,,,,,,,,,,,,,,,,,,,,,,,,,,,,,,,,,,,,,,,,,,,,,,,,,,,,,,,,,,,,,,,,,,,,,,,,,,,,,,,,,,,,,,,,,,,,,,,,,,,,,,,,,,,,,,,,,,,,,,,,,,,,,,,,,,,,,,,,,,,,,,,,,,,,,,,,,,,,,,,,,,,,,,,,,,,,,,,,,,,,,,,,,,,,,,,,,,,,,,,,,,,,,,,,,,,,,,,,,,,,,,,,,,,,,,,,,,,,,,,,,,,,,,,,,,,,,,,,,,,,,,,,,,,,,,,,,,,,,,,,,,,,,,,,,,,,,,,,,,,,,,,,,,,,,,,,,,,,,,,,,,,,,,,,,,,,,,,,,,,,,,,,,,,,,,,,,,,,,,,,,,,,,,,,,,,,,,,,,,,,,,,,,,,,,,,,,,,,,,,,,,,,,,,,,,,,,,,,,,,,,,,,,,,,,35,45,10,65,35,35,60,65,45,30,55,45,70,50,35,60,60,35,40,90,45,35,45,35,40,40,65,60,70,45,40,60,30,60,45,70,35,30,40,45,35,75,45,30,40,60,30,50,65,70,35,35,20,45,60,60,55,60,55,10,70,60,30,65,35,40,20,60,85,70,50,41,40,68,45,30,40,35,65,45,70,45,10,55,15,55,70,75,60,25,35,45,40,25,25,20,60,40,15,35,35,66,50,40,65,35,70,25,60,45,28,45,25,35,45,30,25,35,45,35,40,30,35,40,20,30,50,60,75,60,25,70,20,65,30,75,60,35,40,45,40,50,40,40,35,30,35,60,60,70,50,45,70,45,35,40,40,40,15,40,70,28,40,75,25,60,35,,,,,,,,,,,,,,,,,,,,,,,,,,,,,,,,,,,,,,,,,,,,,,,,,,,,,,,,,,,,,,,,,,,,,,,,,,,,,,,,,,,,,,,,,,,,,,,,,,,,,,,,,,,,,,,,,,,,,,,,,,,,,,,,,,,,,,,,,,,,,,,,,,,,,,,,,,,,,,,,,,,,,,,,,,,,,,,,,,,,,,,,,,,,,,,,,,,,,,,,,,,,,,,,,,,,,,,,,,,,,,,,,,,,,,,,,,,,,,,,,,,,,,,,,,,,,,,,,,,,,,,,,,,,,,,,,,,,,,,,,,,,,,,,,,,,,,,,,,,,,,,,,,,,,,,,,,,,,,,,,,,,,,,,,,,25-34,Female,,Bachelor's degree,,Multiple ethnicity,Black/White Mixed Race,4,0.797476844
R_3Lv4381RHW8KlYP,Risk Analyst,,,,,,,,,,,,,,,,,,,,,,,,,,,,,,,,,,,,,,,,,,,,,,,,,,,,,,,,,,,,,,,,,,,,,,,,,,,,,,,,,,,,,,,,,,,,,,,,,,,,,,,,,,,,,,,,,,,,,,,,,,,,,,,,,,,,,,,,,,,,,,,,,,,,,,,,,,,,,,,,,,,,,,,,,,,,,,,,,,,,,,,,,,,,,,,,,,,,,,,,,,,,,,,,,,,,,,,,,,,,,,,,,,,,,,,,,,,,,,,,,,,,,,,,,,,,,,,,,,,,,,,,,,,,,,,,,,,,,,,,,,,,,,,,,,,,,,,,,,,,,,,,,,,,,,,,,,,,,,,,,,,,,,,,,,,,,,19,20,91,16,97,25,28,100,26,24,26,27,37,34,18,23,12,8,72,100,71,20,20,4,6,22,28,25,15,36,93,19,4,36,18,33,33,21,53,22,2,8,26,18,81,50,98,24,3,82,24,40,1,60,36,19,26,42,74,15,34,11,5,27,89,98,59,91,21,21,60,58,21,12,27,31,22,83,27,13,7,16,20,19,24,19,26,36,93,25,18,1,35,40,47,78,25,42,24,13,10,10,16,23,98,100,18,37,25,26,41,16,75,15,76,19,17,11,49,39,16,27,16,17,28,15,100,84,21,25,37,12,30,17,41,22,25,17,30,15,49,29,30,32,11,27,13,25,50,13,15,7,11,33,27,29,44,4,24,100,35,4,6,27,18,8,61,,,,,,,,,,,,,,,,,,,,,,,,,,,,,,,,,,,,,,,,,,,,,,,,,,,,,,,,,,,,,,,,,,,,,,,,,,,,,,,,,,,,,,,,,,,,,,,,,,,,,,,,,,,,,,,,,,,,,,,,,,,,,,,,,,,,,,,,,,,,,,,,,,,,,,,,,,,,,,,,,,,,,,,,,,,,,,,,,,,,,,,,,,,,,,,,,,,,,,,,,,,,,,,,,,,,,,,,,,,,,,,,,,,,,,,,,,,,,,,,,,,,,,,,,,,,,,,,,,,,,,,,,,,,,,,,,,,,,,,,,,,,,,,,,,,,,,,,,,,,,,,,,,,,,,,,,,,,,,,,,,,,,,,,,,,,,,,,,,,,,,,,,,,,,,,,,,,,,,,,,,,,,,,,,,,,,,,,,,,,,,,,,,,,,,,,,,,,,,,,,,,,,,,,,,,,,,,,,,,,,,,,,,,,,,,,,,,,,,,,,,,,,,,,,,,,,,,,,,,,,,,,,,,,,,,,,,,,,,,,,,,,,,,,,,,,,,,,,,35-44,Female,,Bachelor's degree,,White / Caucasian,,3,0.491579879
R_39x2VZ7P37mg6tP,Financial Advisor,,,,,,,,,,,,,,,,,,,,,,,,,,,,,,,,,,,,,,,,,,,,,,,,,,,,,,,,,,,,,,,,,,,,,,,,,,,,,,,,,,,,,,,,,,,,,,,,,,,,,,,,,,,,,,,,,,,,,,,,,,,,,,,,,,,,,,,,,,,,,,,,,,,,,,,,,,,,,,,,,,,,,,,,,,,,,,,,,,,,,,,,,,,,,,,,,,,,,,,,,,,,,,,,,,,,,,,,,,,,,,,,,,,,,,,,,,,,,,,,,,,,,,,,,,,,,,,,,,,,,,,,,,,,,,,,,,,,,,,,,,,,,,,,,,,,,,,,,,,,,,,,,,,,,,,,,,,,,,,,,,,,,,,,,,,,,,13,12,63,70,23,13,17,0,17,2,21,68,31,19,6,90,17,5,29,73,74,90,0,1,10,97,0,3,0,13,74,8,27,5,21,1,4,0,65,19,27,7,8,15,5,25,77,22,7,39,28,55,0,45,72,16,7,12,63,3,86,10,8,14,29,0,15,60,8,9,86,5,0,1,51,29,37,15,3,9,4,0,64,62,11,20,47,9,28,8,23,0,50,2,12,23,14,15,57,2,13,6,71,7,80,76,12,67,8,59,23,13,29,17,88,25,80,15,28,10,79,86,8,15,5,70,11,72,69,1,7,6,9,83,29,14,87,1,21,28,73,13,15,58,12,10,19,15,60,60,0,1,6,7,7,35,27,0,14,73,4,12,3,68,14,17,0,,,,,,,,,,,,,,,,,,,,,,,,,,,,,,,,,,,,,,,,,,,,,,,,,,,,,,,,,,,,,,,,,,,,,,,,,,,,,,,,,,,,,,,,,,,,,,,,,,,,,,,,,,,,,,,,,,,,,,,,,,,,,,,,,,,,,,,,,,,,,,,,,,,,,,,,,,,,,,,,,,,,,,,,,,,,,,,,,,,,,,,,,,,,,,,,,,,,,,,,,,,,,,,,,,,,,,,,,,,,,,,,,,,,,,,,,,,,,,,,,,,,,,,,,,,,,,,,,,,,,,,,,,,,,,,,,,,,,,,,,,,,,,,,,,,,,,,,,,,,,,,,,,,,,,,,,,,,,,,,,,,,,,,,,,,,,,,,,,,,,,,,,,,,,,,,,,,,,,,,,,,,,,,,,,,,,,,,,,,,,,,,,,,,,,,,,,,,,,,,,,,,,,,,,,,,,,,,,,,,,,,,,,,,,,,,,,,,,,,,,,,,,,,,,,,,,,,,,,,,,,,,,,,,,,,,,,,,,,,,,,,,,,,,,,,,,,,,,,65 or above,Male,,Graduate degree,,Black or African American,,3,0.702461153
R_3EHsUYqdn3FXuv9,Inventory Manager,,,,,,,,,,,,,,,,,,,,,,,,,,,,,,,,,,,,,,,,,,,,,,,,,,,,,,,,,,,,,,,,,,,,,,,,,,,,,,,,,,,,,,,,,,,,,,,,,,,,,,,,,,,,,,,,,,,,,,,,,,,,,,,,,,,,,,,,,,,,,,,,,,,,,,,,,,,,,,,,,,,,,,,,70,50,30,30,50,50,80,35,45,50,0,60,70,60,65,50,35,50,30,35,65,40,35,45,50,35,60,65,20,60,10,65,50,45,30,45,25,45,10,60,55,40,60,60,25,50,60,60,50,60,50,0,39,55,40,30,35,45,45,45,65,70,60,20,55,70,50,30,50,35,70,35,45,55,50,40,55,10,50,30,45,40,30,40,55,40,35,50,35,60,60,70,50,55,10,10,50,55,30,30,50,70,25,25,35,50,65,20,50,55,50,70,50,40,35,60,40,45,40,50,30,45,30,60,55,25,65,30,40,45,60,65,65,30,55,45,60,50,35,35,70,25,30,25,70,30,35,40,40,30,50,5,50,40,50,20,50,45,50,50,50,35,25,40,50,30,,,,,,,,,,,,,,,,,,,,,,,,,,,,,,,,,,,,,,,,,,,,,,,,,,,,,,,,,,,,,,,,,,,,,,,,,,,,,,,,,,,,,,,,,,,,,,,,,,,,,,,,,,,,,,,,,,,,,,,,,,,,,,,,,,,,,,,,,,,,,,,,,,,,,,,,,,,,,,,,,,,,,,,,,,,,,,,,,,,,,,,,,,,,,,,,,,,,,,,,,,,,,,,,,,,,,,,,,,,,,,,,,,,,,,,,,,,,,,,,,,,,,,,,,,,,,,,,,,,,,,,,,,,,,,,,,,,,,,,,,,,,,,,,,,,,,,,,,,,,,,,,,,,,,,,,,,,,,,,,,,,,,,,,,,,,,,,,,,,,,,,,,,,,,,,,,,,,,,,,,,,,,,,,,,,,,,,,,,,,,,,,,,,,,,,,,,,,,,,,,,,,,,,,,,,,,,,,,,,,,,,,,,,,,,,,,,,,,,,,,,,,,,,,,,,,,,,,,,,,,,,,,,,,,,,,,,,,,,,,,,,,,,,,,,,,,,,,,,,,,,,,,,,,,,,,,,,,,,,,,,,,,,,,,,,,,,,,,,,,,,,,,,,,,,,,,,,,,,,,,,,,,,,,,,,,,,,,,,,,,,,,,,,,,,,,,,,,,,,,,,,,,,,,,,,,,,,,,,,,,,,,,,,,,,,,,,,,,,,,,,,,,,,,,,,,,,,,,,,,,,,,,45-54,Male,,Some college,,White / Caucasian,,2,0.626180513
R_5xqaEKEmxEQW3jX,Risk Analyst,50,80,50,75,65,85,50,55,50,90,80,45,50,90,50,95,60,85,30,35,50,35,45,35,35,60,70,50,70,35,35,35,30,70,80,76,50,90,85,85,75,85,80,90,35,85,75,40,50,50,95,60,70,80,35,85,90,30,35,35,75,50,80,65,50,85,50,35,40,95,30,85,75,55,40,70,30,85,85,85,45,80,65,75,75,85,80,60,40,40,50,85,70,85,80,90,85,50,40,90,80,60,50,65,80,80,85,40,35,50,80,30,90,35,80,75,35,70,80,60,65,90,90,65,80,85,75,85,65,75,85,35,85,80,80,80,45,60,95,35,85,75,70,80,30,30,60,55,80,90,70,80,40,70,60,50,80,85,50,75,80,50,50,55,50,50,89,,,,,,,,,,,,,,,,,,,,,,,,,,,,,,,,,,,,,,,,,,,,,,,,,,,,,,,,,,,,,,,,,,,,,,,,,,,,,,,,,,,,,,,,,,,,,,,,,,,,,,,,,,,,,,,,,,,,,,,,,,,,,,,,,,,,,,,,,,,,,,,,,,,,,,,,,,,,,,,,,,,,,,,,,,,,,,,,,,,,,,,,,,,,,,,,,,,,,,,,,,,,,,,,,,,,,,,,,,,,,,,,,,,,,,,,,,,,,,,,,,,,,,,,,,,,,,,,,,,,,,,,,,,,,,,,,,,,,,,,,,,,,,,,,,,,,,,,,,,,,,,,,,,,,,,,,,,,,,,,,,,,,,,,,,,,,,,,,,,,,,,,,,,,,,,,,,,,,,,,,,,,,,,,,,,,,,,,,,,,,,,,,,,,,,,,,,,,,,,,,,,,,,,,,,,,,,,,,,,,,,,,,,,,,,,,,,,,,,,,,,,,,,,,,,,,,,,,,,,,,,,,,,,,,,,,,,,,,,,,,,,,,,,,,,,,,,,,,,,,,,,,,,,,,,,,,,,,,,,,,,,,,,,,,,,,,,,,,,,,,,,,,,,,,,,,,,,,,,,,,,,,,,,,,,,,,,,,,,,,,,,,,,,,,,,,,,,,,,,,,,,,,,,,,,,,,,,,,,,,,,,,,,,,,,,,,,,,,,,,,,,,,,,,,,,,,,,,,,,,,,,,,,,,,,,,,,,,,,,,,,,,,,,,,,,,,,,,,,,,,,,,,,,,,,,,,,,,,,,,,,,,,,,,,,,,,,,,,,,,,,,,,,,,,,,,,,,,,,,,,,,,,,,,,,,,,,,,,,,,,,,,,,,,,,,,,,,,,,,,,,,,,,,,,,,,,,,,,,,,,,,,,,,,,,,35-44,Female,,High school graduate,,Black or African American,,1,0.731203576
R_30tJQe23CXFwr7z,Financial Advisor,,,,,,,,,,,,,,,,,,,,,,,,,,,,,,,,,,,,,,,,,,,,,,,,,,,,,,,,,,,,,,,,,,,,,,,,,,,,,,,,,,,,,,,,,,,,,,,,,,,,,,,,,,,,,,,,,,,,,,,,,,,,,,,,,,,,,,,,,,,,,,,,,,,,,,,,,,,,,,,,,,,,,,,,,,,,,,,,,,,,,,,,,,,,,,,,,,,,,,,,,,,,,,,,,,,,,,,,,,,,,,,,,,,,,,,,,,,,,,,,,,,,,,,,,,,,,,,,,,,,,,,,,,,,,,,,,,,,,,,,,,,,,,,,,,,,,,,,,,,,,,,,,,,,,,,,,,,,,,,,,,,,,,,,,,,,,,,,,,,,,,,,,,,,,,,,,,,,,,,,,,,,,,,,,,,,,,,,,,,,,,,,,,,,,,,,,,,,,,,,,,,,,,,,,,,,,,,,,,,,,,,,,,,,,,,,,,,,,,,,,,,,,,,,,,,,,,,,,,,,,,,,,,,,,,,,,,,,,,,,,,,,,,,,,,,,,,,,,,,,,,,,,,,,,,,,,,,,,,,,,,,,,,,,,,,,,,,,,,,,,,,,,,,,,,,,,,,,,,,,,,,,,,,,,,,,,,,,,,,,,,,,,,,,,,,,,,,,,,,,,,,,,,,,,,,,,,,,,,,,,,,,,,,,,,,,,,,,,,,,,,,,,,,,,,,,,,,,,,,,,,,,,,,,,,,,,,,,,,,,,,,,,,,,,,,,,,,,,,,,,,,,,,,,,,,,,,,,,,,,,,,,,,,,,,,,,,,,,,,,,,,,,,,,,,,,,,,,,,,,,,,,,,,,,,,,,,,,,,,,,,,,,,,,,,,,,,,,,,,,,,,,,,,,,,,,,,,,,,,,,,,,,,,,,,,,46,71,85,58,54,78,42,69,84,69,47,73,87,59,49,51,60,73,91,39,79,66,53,38,28,66,63,45,87,61,67,79,44,66,39,72,67,72,86,66,40,96,37,40,54,85,42,64,71,36,57,50,68,79,55,68,71,76,74,57,62,41,62,63,71,58,72,55,54,63,43,54,40,70,68,92,51,67,49,76,71,73,66,59,64,39,60,56,70,67,74,61,68,80,37,65,75,55,61,34,75,62,35,91,60,60,70,54,83,62,62,75,75,63,50,64,34,77,64,74,44,68,65,59,65,58,57,57,59,71,60,91,91,59,75,51,66,81,67,75,78,79,65,79,66,64,59,81,65,65,71,70,55,63,89,63,86,33,55,56,86,73,49,95,68,87,55-64,Male,,Some college,,White / Caucasian,,6,0.520693527
R_54CuZZWBMnOcKmB,Risk Analyst,99,85,16,58,35,29,70,100,53,17,42,69,29,94,29,30,40,25,39,21,15,47,19,24,33,49,40,61,33,74,3,12,21,20,75,99,43,99,16,48,74,39,68,87,62,83,81,100,37,21,80,71,34,93,84,51,98,43,70,28,66,86,46,86,84,78,30,6,38,63,55,17,47,51,73,87,99,96,16,76,10,86,77,45,99,30,63,68,44,48,58,43,82,32,94,47,94,39,66,50,77,95,4,14,87,100,62,94,20,39,90,22,20,78,83,81,11,77,51,76,73,74,80,63,29,97,19,59,12,63,84,69,60,82,93,44,14,98,82,65,9,20,16,29,23,13,47,79,1,87,87,41,39,54,43,98,86,44,44,71,78,16,84,91,54,24,49,,,,,,,,,,,,,,,,,,,,,,,,,,,,,,,,,,,,,,,,,,,,,,,,,,,,,,,,,,,,,,,,,,,,,,,,,,,,,,,,,,,,,,,,,,,,,,,,,,,,,,,,,,,,,,,,,,,,,,,,,,,,,,,,,,,,,,,,,,,,,,,,,,,,,,,,,,,,,,,,,,,,,,,,,,,,,,,,,,,,,,,,,,,,,,,,,,,,,,,,,,,,,,,,,,,,,,,,,,,,,,,,,,,,,,,,,,,,,,,,,,,,,,,,,,,,,,,,,,,,,,,,,,,,,,,,,,,,,,,,,,,,,,,,,,,,,,,,,,,,,,,,,,,,,,,,,,,,,,,,,,,,,,,,,,,,,,,,,,,,,,,,,,,,,,,,,,,,,,,,,,,,,,,,,,,,,,,,,,,,,,,,,,,,,,,,,,,,,,,,,,,,,,,,,,,,,,,,,,,,,,,,,,,,,,,,,,,,,,,,,,,,,,,,,,,,,,,,,,,,,,,,,,,,,,,,,,,,,,,,,,,,,,,,,,,,,,,,,,,,,,,,,,,,,,,,,,,,,,,,,,,,,,,,,,,,,,,,,,,,,,,,,,,,,,,,,,,,,,,,,,,,,,,,,,,,,,,,,,,,,,,,,,,,,,,,,,,,,,,,,,,,,,,,,,,,,,,,,,,,,,,,,,,,,,,,,,,,,,,,,,,,,,,,,,,,,,,,,,,,,,,,,,,,,,,,,,,,,,,,,,,,,,,,,,,,,,,,,,,,,,,,,,,,,,,,,,,,,,,,,,,,,,,,,,,,,,,,,,,,,,,,,,,,,,,,,,,,,,,,,,,,,,,,,,,,,,,,,,,,,,,,,,,,,,,,,,,,,,,,,,,,,,,,,,,,,,,,,,,,,,,,,,,,,,,45-54,Female,,Some college,,White / Caucasian,,1,0.734493332
R_3gbyCaHuiXysrIm,Retail Sales Associate,,,,,,,,,,,,,,,,,,,,,,,,,,,,,,,,,,,,,,,,,,,,,,,,,,,,,,,,,,,,,,,,,,,,,,,,,,,,,,,,,,,,,,,,,,,,,,,,,,,,,,,,,,,,,,,,,,,,,,,,,,,,,,,,,,,,,,,,,,,,,,,,,,,,,,,,,,,,,,,,,,,,,,,,,,,,,,,,,,,,,,,,,,,,,,,,,,,,,,,,,,,,,,,,,,,,,,,,,,,,,,,,,,,,,,,,,,,,,,,,,,,,,,,,,,,,,,,,,,,,,,,,,,,,,,,,,,,,,,,,,,,,,,,,,,,,,,,,,,,,,,,,,,,,,,,,,,,,,,,,,,,,,,,,,,,,,,,,,,,,,,,,,,,,,,,,,,,,,,,,,,,,,,,,,,,,,,,,,,,,,,,,,,,,,,,,,,,,,,,,,,,,,,,,,,,,,,,,,,,,,,,,,,,,,,,,,,,,,,,,,,,,,,,,,,,,,,,,,,,,,,,,,,,,,,,,,,,,,,,,,,,,,,,,,,,,,,,,,,,,,,,,,,,,,,,,,,,,,,,,,,,,,,,,,,,,,,,,,,,,,,,,,,,,,,,,,,,,,,,,,,,,,,,,,,,,,,,,,,,,,,,,,,,,,,,,,,,,,,,,,,,,,,,,,,,,,,,,,,,,,,,,,,,,,,,,,,,,,,,,,,,,,,,,,,,,,,,,,,,,,,,,,,,,,,,,,,,,,,,,,,,,,,,,,,,,,,,,,,,,,,,,,,,,,,,,,,,,,,,,,,,,,,,,,,,,,,,,,,,,,,,,,,,,,,,,,,,,,,,,,,,,,,,,,,,,,,,,,,,,,,,,,,,,,,,,,,,,,,,,,,,,,,,,,,,,,,,,,,,,,,,,,,,,,,,,100,39,33,7,55,40,78,43,72,67,59,62,35,75,49,33,50,49,81,50,90,84,85,81,58,67,85,74,68,38,85,63,66,33,58,64,69,64,88,65,77,95,57,68,46,69,64,93,63,75,87,96,44,78,49,71,66,74,70,40,70,74,60,73,42,77,71,77,66,44,59,49,54,73,61,54,77,55,67,32,53,48,68,54,55,68,20,46,60,68,37,79,49,81,93,68,65,59,64,41,50,36,37,29,43,52,48,32,73,46,61,74,67,78,91,81,76,74,58,62,84,80,49,81,90,82,8,68,66,64,96,63,53,23,52,90,52,41,49,66,77,69,60,80,48,50,60,88,78,29,48,50,78,16,73,68,60,57,47,87,68,72,82,47,26,63,35-44,Female,,Bachelor's degree,,White / Caucasian,,6,0.707751135
R_63BUGJkXjLcyPK6,Risk Analyst,,,,,,,,,,,,,,,,,,,,,,,,,,,,,,,,,,,,,,,,,,,,,,,,,,,,,,,,,,,,,,,,,,,,,,,,,,,,,,,,,,,,,,,,,,,,,,,,,,,,,,,,,,,,,,,,,,,,,,,,,,,,,,,,,,,,,,,,,,,,,,,,,,,,,,,,,,,,,,,,,,,,,,,,,,,,,,,,,,,,,,,,,,,,,,,,,,,,,,,,,,,,,,,,,,,,,,,,,,,,,,,,,,,,,,,,,,,,,,,,,,,,,,,,,,,,,,,,,,,,,,,,,,,,,,,,,,,,,,,,,,,,,,,,,,,,,,,,,,,,,,,,,,,,,,,,,,,,,,,,,,,,,,,,,,,,,,,,,,,,,,,,,,,,,,,,,,,,,,,,,,,,,,,,,,,,,,,,,,,,,,,,,,,,,,,,,,,,,,,,,,,,,,,,,,,,,,,,,,,,,,,,,,,,,,,,,,,,,,,,,,,,,,,,,,,,,,,,,,,,,,,,,,,,,,,,,,,,,,,,,,,,,,,,,,,,,,,,,,,,,,,,,,,,,,,,,,,,,,,,,,,,,,,,,,,,,,,,,,,,,,,,,,,,,,,,,,,,,,,,,,,,,,,,,,,,,,,,,,,,,,,,,,,,,,,,,,,,,,,,,,,,,,,,,,,,,,,,,,,,,,,,,,,,,,,,,,,,,,,,,,,,,,,,,,,,,,,,,,,,,,,,,,,,22,32,84,9,75,65,63,20,28,26,24,36,65,73,59,26,16,65,75,61,12,60,77,19,22,63,66,95,6,65,76,75,55,30,66,62,38,36,62,63,60,62,31,57,66,26,68,50,86,85,56,21,70,19,21,71,76,59,65,77,76,23,20,53,72,82,29,56,16,70,60,25,29,88,38,73,64,72,57,34,0,70,57,68,72,67,66,73,78,26,100,24,64,64,70,56,71,38,61,3,77,89,60,38,30,49,71,78,65,53,42,77,74,59,70,71,38,46,16,32,74,25,73,41,23,33,52,73,83,70,75,74,8,68,73,64,23,82,32,76,70,63,59,69,23,36,14,73,68,60,60,84,69,100,19,85,27,25,70,72,17,14,19,11,,,,,,,,,,,,,,,,,,,,,,,,,,,,,,,,,,,,,,,,,,,,,,,,,,,,,,,,,,,,,,,,,,,,,,,,,,,,,,,,,,,,,,,,,,,,,,,,,,,,,,,,,,,,,,,,,,,,,,,,,,,,,,,,,,,,,,,,,,,,,,,,,,,,,,,,,,,,,,,,,,,,,,,18-24,Female,,Bachelor's degree,,Black or African American,,5,0.721710546
R_5gcDuJhMZtS42jp,Retail Sales Associate,14,9,,77,49,43,6,11,24,82,8,7,72,8,18,42,10,16,8,21,59,75,9,6,39,76,11,35,,19,49,,11,44,36,5,1,6,67,35,9,50,35,24,19,6,10,25,37,18,56,5,58,85,82,,9,,59,29,,10,79,10,6,65,63,53,44,68,50,46,74,8,56,10,7,45,44,12,15,19,56,,62,40,45,50,11,33,17,65,62,77,56,20,76,,36,66,7,9,86,,,41,18,4,7,45,3,7,91,5,30,77,25,10,17,46,10,,14,23,,16,58,72,80,18,9,7,19,20,16,44,,9,8,69,51,17,34,69,,16,13,86,14,33,8,46,27,11,36,21,22,81,13,35,80,57,17,8,7,60,47,,,,,,,,,,,,,,,,,,,,,,,,,,,,,,,,,,,,,,,,,,,,,,,,,,,,,,,,,,,,,,,,,,,,,,,,,,,,,,,,,,,,,,,,,,,,,,,,,,,,,,,,,,,,,,,,,,,,,,,,,,,,,,,,,,,,,,,,,,,,,,,,,,,,,,,,,,,,,,,,,,,,,,,,,,,,,,,,,,,,,,,,,,,,,,,,,,,,,,,,,,,,,,,,,,,,,,,,,,,,,,,,,,,,,,,,,,,,,,,,,,,,,,,,,,,,,,,,,,,,,,,,,,,,,,,,,,,,,,,,,,,,,,,,,,,,,,,,,,,,,,,,,,,,,,,,,,,,,,,,,,,,,,,,,,,,,,,,,,,,,,,,,,,,,,,,,,,,,,,,,,,,,,,,,,,,,,,,,,,,,,,,,,,,,,,,,,,,,,,,,,,,,,,,,,,,,,,,,,,,,,,,,,,,,,,,,,,,,,,,,,,,,,,,,,,,,,,,,,,,,,,,,,,,,,,,,,,,,,,,,,,,,,,,,,,,,,,,,,,,,,,,,,,,,,,,,,,,,,,,,,,,,,,,,,,,,,,,,,,,,,,,,,,,,,,,,,,,,,,,,,,,,,,,,,,,,,,,,,,,,,,,,,,,,,,,,,,,,,,,,,,,,,,,,,,,,,,,,,,,,,,,,,,,,,,,,,,,,,,,,,,,,,,,,,,,,,,,,,,,,,,,,,,,,,,,,,,,,,,,,,,,,,,,,,,,,,,,,,,,,,,,,,,,,,,,,,,,,,,,,,,,,,,,,,,,,,,,,,,,,,,,,,,,,,,,,,,,,,,,,,,,,,,,,,,,,,,,,,,,,,,,,,,,,,,,,,,,,,,,,,,,,,,,,,,,,,,,,,,,,,,,,,,,,,,,,,,,,,1,0.588092358
R_5drf06UZzTbXzQR,Inventory Manager,,,,,,,,,,,,,,,,,,,,,,,,,,,,,,,,,,,,,,,,,,,,,,,,,,,,,,,,,,,,,,,,,,,,,,,,,,,,,,,,,,,,,,,,,,,,,,,,,,,,,,,,,,,,,,,,,,,,,,,,,,,,,,,,,,,,,,,,,,,,,,,,,,,,,,,,,,,,,,,,,,,,,,,,,,,,,,,,,,,,,,,,,,,,,,,,,,,,,,,,,,,,,,,,,,,,,,,,,,,,,,,,,,,,,,,,,,,,,,,,,,,,,,,,,,,,,,,,,,,,,,,,,,,,,,,,,,,,,,,,,,,,,,,,,,,,,,,,,,,,,,,,,,,,,,,,,,,,,,,,,,,,,,,,,,,,,,,,,,,,,,,,,,,,,,,,,,,,,,,,,,,,,,,,,,,,,,,,,,,,,,,,,,,,,,,,,,,,,,,,,,,,,,,,,,,,,,,,,,,,,,,,,,,,,,,,,,,,,,,,,,,,,,,,,,,,,,,,,,,,,,,,,,,,,,,,,,,,,,,,,,,,,,,,,,,,,,,,,,,,,,,,,,,,,,,,,,,,,,,,,,,,,,,,,,,,,,,,,,,,,,,,,,,,,,,,,,,,,,,,,,,,,,,,,,,,,,,,,,,,,,,,,,,,,,,,,,,,,,,,,,,,,,,,,,,,,,,,,,,,,,,,,,,,,,,,,,,,,,,,,,,,,,,,,,,,,,,,,,,,,,,,,,,,,,,,,,,,,,,,,,,,,,,,,,,,,,,,,,,,,,,,,,,,,,,,,,,,,,,,,,,,,,,,,,,,,,,,,,,,,,,,,,,,,,,,,,,,,,,,,,,,,,,,,,,,,,,,,,,,,,,,,,,,,,,,,,,,,,,,,,,,,,,,,,,,,,,,,,,,,,,,,,,,,,,,100,,,100,100,100,,100,,100,100,,100,100,100,100,100,,100,100,,,100,100,,100,,,,100,100,,100,,100,100,,,100,100,100,100,100,100,100,100,,,,,,100,100,100,100,,100,,100,100,100,,,100,100,,100,,100,100,,100,100,100,,,,100,100,100,100,,100,100,100,,,100,100,,,100,100,100,,100,,,100,,,,75,100,100,,,,100,100,75,100,,,100,,,100,,,,100,,,100,,,100,100,100,,,100,100,,,,100,100,100,,100,,100,,100,100,100,100,,,100,,100,,100,100,75,100,100,,,100,100,100,100,,,,,,,,6,1
R_3EzL0kynSIbSbgf,Financial Advisor,,,,,,,,,,,,,,,,,,,,,,,,,,,,,,,,,,,,,,,,,,,,,,,,,,,,,,,,,,,,,,,,,,,,,,,,,,,,,,,,,,,,,,,,,,,,,,,,,,,,,,,,,,,,,,,,,,,,,,,,,,,,,,,,,,,,,,,,,,,,,,,,,,,,,,,,,,,,,,,,,,,,,,,,,,,,,,,,,,,,,,,,,,,,,,,,,,,,,,,,,,,,,,,,,,,,,,,,,,,,,,,,,,,,,,,,,,,,,,,,,,,,,,,,,,,,,,,,,,,,,,,,,,,,,,,,,,,,,,,,,,,,,,,,,,,,,,,,,,,,,,,,,,,,,,,,,,,,,,,,,,,,,,,,,,,,,,79,14,47,6,,,10,68,4,19,17,38,95,20,35,4,,71,,78,25,32,,22,20,8,44,47,12,,,8,13,32,33,17,23,18,23,43,19,17,30,25,46,41,,26,6,66,19,4,26,22,70,45,33,81,37,66,15,4,12,54,49,65,33,34,25,48,30,,,21,21,,83,44,32,18,32,4,75,37,27,61,42,35,28,19,26,5,38,10,,62,35,9,77,65,,7,,80,57,52,79,,16,4,21,9,18,21,50,20,42,31,29,34,30,16,44,24,22,61,,48,33,67,58,4,27,,37,,,32,62,48,56,41,53,54,54,23,,55,27,45,37,40,8,63,,45,47,5,63,85,8,,34,52,,5,67,,,,,,,,,,,,,,,,,,,,,,,,,,,,,,,,,,,,,,,,,,,,,,,,,,,,,,,,,,,,,,,,,,,,,,,,,,,,,,,,,,,,,,,,,,,,,,,,,,,,,,,,,,,,,,,,,,,,,,,,,,,,,,,,,,,,,,,,,,,,,,,,,,,,,,,,,,,,,,,,,,,,,,,,,,,,,,,,,,,,,,,,,,,,,,,,,,,,,,,,,,,,,,,,,,,,,,,,,,,,,,,,,,,,,,,,,,,,,,,,,,,,,,,,,,,,,,,,,,,,,,,,,,,,,,,,,,,,,,,,,,,,,,,,,,,,,,,,,,,,,,,,,,,,,,,,,,,,,,,,,,,,,,,,,,,,,,,,,,,,,,,,,,,,,,,,,,,,,,,,,,,,,,,,,,,,,,,,,,,,,,,,,,,,,,,,,,,,,,,,,,,,,,,,,,,,,,,,,,,,,,,,,,,,,,,,,,,,,,,,,,,,,,,,,,,,,,,,,,,,,,,,,,,,,,,,,,,,,,,,,,,,,,,,,,,,,,,,,,,,,,,,,3,0.73136324
R_6Hdi1nX0EDeqXdv,Risk Analyst,,,,,,,,,,,,,,,,,,,,,,,,,,,,,,,,,,,,,,,,,,,,,,,,,,,,,,,,,,,,,,,,,,,,,,,,,,,,,,,,,,,,,,,,,,,,,,,,,,,,,,,,,,,,,,,,,,,,,,,,,,,,,,,,,,,,,,,,,,,,,,,,,,,,,,,,,,,,,,,,,,,,,,,,,,,,,,,,,,,,,,,,,,,,,,,,,,,,,,,,,,,,,,,,,,,,,,,,,,,,,,,,,,,,,,,,,,,,,,,,,,,,,,,,,,,,,,,,,,,,,,,,,,,,,,,,,,,,,,,,,,,,,,,,,,,,,,,,,,,,,,,,,,,,,,,,,,,,,,,,,,,,,,,,,,,,,,46,45,45,47,46,75,10,26,49,47,46,79,49,70,46,75,46,71,45,49,46,42,,18,,78,47,49,,31,50,19,46,48,79,46,28,47,48,49,47,45,48,47,50,48,47,41,31,53,45,47,,,48,46,88,49,72,25,63,48,48,47,47,51,47,47,45,,88,,,45,45,47,58,60,45,53,41,48,73,50,47,46,42,,,49,,37,,16,45,48,49,56,63,47,,50,49,47,87,45,45,74,,49,75,50,46,72,68,22,,47,48,47,50,19,45,,47,51,63,72,,48,47,48,46,29,47,48,46,28,45,55,48,46,,48,47,48,23,44,48,,45,45,55,51,,51,,47,50,,72,46,47,78,45,46,66,,,,,,,,,,,,,,,,,,,,,,,,,,,,,,,,,,,,,,,,,,,,,,,,,,,,,,,,,,,,,,,,,,,,,,,,,,,,,,,,,,,,,,,,,,,,,,,,,,,,,,,,,,,,,,,,,,,,,,,,,,,,,,,,,,,,,,,,,,,,,,,,,,,,,,,,,,,,,,,,,,,,,,,,,,,,,,,,,,,,,,,,,,,,,,,,,,,,,,,,,,,,,,,,,,,,,,,,,,,,,,,,,,,,,,,,,,,,,,,,,,,,,,,,,,,,,,,,,,,,,,,,,,,,,,,,,,,,,,,,,,,,,,,,,,,,,,,,,,,,,,,,,,,,,,,,,,,,,,,,,,,,,,,,,,,,,,,,,,,,,,,,,,,,,,,,,,,,,,,,,,,,,,,,,,,,,,,,,,,,,,,,,,,,,,,,,,,,,,,,,,,,,,,,,,,,,,,,,,,,,,,,,,,,,,,,,,,,,,,,,,,,,,,,,,,,,,,,,,,,,,,,,,,,,,,,,,,,,,,,,,,,,,,,,,,,,,,,,,,,,,,,,3,0.072316902
R_3d0JGqFeD1td4LV,Inventory Manager,,,,,,,,,,,,,,,,,,,,,,,,,,,,,,,,,,,,,,,,,,,,,,,,,,,,,,,,,,,,,,,,,,,,,,,,,,,,,,,,,,,,,,,,,,,,,,,,,,,,,,,,,,,,,,,,,,,,,,,,,,,,,,,,,,,,,,,,,,,,,,,,,,,,,,,,,,,,,,,,,,,,,,,,,,,,,,,,,,,,,,,,,,,,,,,,,,,,,,,,,,,,,,,,,,,,,,,,,,,,,,,,,,,,,,,,,,,,,,,,,,,,,,,,,,,,,,,,,,,,,,,,,,,,,,,,,,,,,,,,,,,,,,,,,,,,,,,,,,,,,,,,,,,,,,,,,,,,,,,,,,,,,,,,,,,,,,,,,,,,,,,,,,,,,,,,,,,,,,,,,,,,,,,,,,,,,,,,,,,,,,,,,,,,,,,,,,,,,,,,,,,,,,,,,,,,,,,,,,,,,,,,,,,,,,,,,,,,,,,,,,,,,,,,,,,,,,,,,,,,,,,,,,,,,,,,,,,,,,,,,,,,,,,,,,,,,,,,,,,,,,,,,,,,,,,,,,,,,,,,,,,,,,,,,,,,,,,,,,,,,,,,,,,,,,,,,,,,,,,,,,,,,,,,,,,,,,,,,,,,,,,,,,,,,,,,,,,,,,,,,,,,,,,,,,,,,,,,,,,,,,,,,,,,,,,,,,,,,,,,,,,,,,,,,,,,,,,,,,,,,,,,,,,,25,29,52,9,44,73,81,,40,19,31,59,67,,41,40,20,79,77,49,31,60,87,33,15,40,67,78,18,83,75,85,56,41,28,63,44,46,43,56,33,65,29,60,73,59,78,19,40,90,55,60,88,,30,69,30,55,20,75,85,16,38,19,81,55,40,58,56,75,86,29,71,87,45,5,29,70,25,35,15,75,45,75,70,60,85,70,85,45,75,25,53,77,68,54,65,30,34,13,80,81,60,52,29,67,46,70,55,35,22,88,70,39,,45,19,43,48,26,50,35,63,45,25,31,40,89,80,56,39,50,41,49,29,55,24,77,67,80,82,55,,70,15,15,31,88,59,33,28,53,90,65,34,62,14,17,50,67,46,30,20,33,,,,,,,,,,,,,,,,,,,,,,,,,,,,,,,,,,,,,,,,,,,,,,,,,,,,,,,,,,,,,,,,,,,,,,,,,,,,,,,,,,,,,,,,,,,,,,,,,,,,,,,,,,,,,,,,,,,,,,,,,,,,,,,,,,,,,,,,,,,,,,,,,,,,,,,,,,,,,,,,,,,,,,,,,,,,,,5,0.941835168
R_7NhlHibmyiYfks3,Inventory Manager,,,,,,,,,,,,,,,,,,,,,,,,,,,,,,,,,,,,,,,,,,,,,,,,,,,,,,,,,,,,,,,,,,,,,,,,,,,,,,,,,,,,,,,,,,,,,,,,,,,,,,,,,,,,,,,,,,,,,,,,,,,,,,,,,,,,,,,,,,,,,,,,,,,,,,,,,,,,,,,,,,,,,,,,,,,,,,,,,,,,,,,,,,,,,,,,,,,,,,,,,,,,,,,,,,,,,,,,,,,,,,,,,,,,,,,,,,,,,,,,,,,,,,,,,,,,,,,,,,,,,,,,,,,,,,,,,,,,,,,,,,,,,,,,,,,,,,,,,,,,,,,,,,,,,,,,,,,,,,,,,,,,,,,,,,,,,,55,55,52,40,40,60,62,52,50,60,65,60,59,,60,56,,,,62,60,65,,58,61,,,59,54,47,60,52,55,,66,60,,40,,62,54,55,,64,64,,,65,48,65,62,58,60,,,,60,,66,42,68,61,56,60,62,,,55,44,60,,,,53,64,55,68,47,60,47,,50,61,58,55,57,,55,67,60,,57,56,55,59,,,45,56,50,58,50,,62,62,63,53,63,55,60,,60,66,,52,58,58,,54,60,,55,62,,55,61,,55,55,57,65,55,60,54,59,55,57,,60,56,55,65,51,63,,40,,60,61,60,,40,55,55,55,54,58,55,52,65,60,,,55,65,55,57,,,,,,,,,,,,,,,,,,,,,,,,,,,,,,,,,,,,,,,,,,,,,,,,,,,,,,,,,,,,,,,,,,,,,,,,,,,,,,,,,,,,,,,,,,,,,,,,,,,,,,,,,,,,,,,,,,,,,,,,,,,,,,,,,,,,,,,,,,,,,,,,,,,,,,,,,,,,,,,,,,,,,,,,,,,,,,,,,,,,,,,,,,,,,,,,,,,,,,,,,,,,,,,,,,,,,,,,,,,,,,,,,,,,,,,,,,,,,,,,,,,,,,,,,,,,,,,,,,,,,,,,,,,,,,,,,,,,,,,,,,,,,,,,,,,,,,,,,,,,,,,,,,,,,,,,,,,,,,,,,,,,,,,,,,,,,,,,,,,,,,,,,,,,,,,,,,,,,,,,,,,,,,,,,,,,,,,,,,,,,,,,,,,,,,,,,,,,,,,,,,,,,,,,,,,,,,,,,,,,,,,,,,,,,,,,,,,,,,,,,,,,,,,,,,,,,,,,,,,,,,,,,,,,,,,,,,,,,,,,,,,,,,,,,,,,,,,,,,,,,,,,,3,0.66389837
R_3zA8OlA5NKYF4JZ,Financial Advisor,,,,,,,,,,,,,,,,,,,,,,,,,,,,,,,,,,,,,,,,,,,,,,,,,,,,,,,,,,,,,,,,,,,,,,,,,,,,,,,,,,,,,,,,,,,,,,,,,,,,,,,,,,,,,,,,,,,,,,,,,,,,,,,,,,,,,,,,,,,,,,,,,,,,,,,,,,,,,,,,,,,,,,,,,,,,,,,,,,,,,,,,,,,,,,,,,,,,,,,,,,,,,,,,,,,,,,,,,,,,,,,,,,,,,,,,,,,,,,,,,,,,,,,,,,,,,,,,,,,,,,,,,,,,,,,,,,,,,,,,,,,,,,,,,,,,,,,,,,,,,,,,,,,,,,,,,,,,,,,,,,,,,,,,,,,,,,3,31,67,22,70,,55,49,,7,7,62,,67,40,,27,49,,53,55,,,5,44,4,16,,4,55,,4,44,46,,,31,,,,4,,20,44,46,41,,,3,28,,,,70,49,33,,,63,15,,13,,54,61,54,6,5,,,21,,7,,,,69,46,50,2,36,40,,,12,34,62,10,,,4,18,,9,18,91,41,23,44,,20,,3,67,,65,,53,,5,,,24,,53,,48,21,18,,,51,,28,,33,12,,,,45,,38,37,55,27,,23,,34,55,14,26,57,14,,15,,16,,4,6,7,53,41,62,57,,38,65,,,,37,,,,,,,,,,,,,,,,,,,,,,,,,,,,,,,,,,,,,,,,,,,,,,,,,,,,,,,,,,,,,,,,,,,,,,,,,,,,,,,,,,,,,,,,,,,,,,,,,,,,,,,,,,,,,,,,,,,,,,,,,,,,,,,,,,,,,,,,,,,,,,,,,,,,,,,,,,,,,,,,,,,,,,,,,,,,,,,,,,,,,,,,,,,,,,,,,,,,,,,,,,,,,,,,,,,,,,,,,,,,,,,,,,,,,,,,,,,,,,,,,,,,,,,,,,,,,,,,,,,,,,,,,,,,,,,,,,,,,,,,,,,,,,,,,,,,,,,,,,,,,,,,,,,,,,,,,,,,,,,,,,,,,,,,,,,,,,,,,,,,,,,,,,,,,,,,,,,,,,,,,,,,,,,,,,,,,,,,,,,,,,,,,,,,,,,,,,,,,,,,,,,,,,,,,,,,,,,,,,,,,,,,,,,,,,,,,,,,,,,,,,,,,,,,,,,,,,,,,,,,,,,,,,,,,,,,,,,,,,,,,,,,,,,,,,,,,,,,,,,,,,,,,,,,3,0.831145382
R_5P4sbdWLJ33c3KO,Inventory Manager,,,,,,,,,,,,,,,,,,,,,,,,,,,,,,,,,,,,,,,,,,,,,,,,,,,,,,,,,,,,,,,,,,,,,,,,,,,,,,,,,,,,,,,,,,,,,,,,,,,,,,,,,,,,,,,,,,,,,,,,,,,,,,,,,,,,,,,,,,,,,,,,,,,,,,,,,,,,,,,,,,,,,,,,,,,,,,,,,,,,,,,,,,,,,,,,,,,,,,,,,,,,,,,,,,,,,,,,,,,,,,,,,,,,,,,,,,,,,,,,,,,,,,,,,,,,,,,,,,,,,,,,,,,,,,,,,,,,,,,,,,,,,,,,,,,,,,,,,,,,,,,,,,,,,,,,,,,,,,,,,,,,,,,,,,,,,,30,50,75,10,50,85,15,50,25,35,50,0,75,25,45,25,30,50,50,43,50,25,25,5,15,50,10,50,25,25,50,0,50,,50,10,25,15,50,35,10,30,0,35,50,50,60,50,25,50,50,25,25,75,50,25,30,50,75,25,30,10,50,50,50,50,75,50,30,40,25,15,3,10,25,30,50,57,25,15,25,20,50,50,25,50,30,50,80,15,50,40,50,10,25,25,50,25,30,0,50,30,25,50,50,50,60,50,25,25,50,5,0,50,0,25,30,40,30,10,50,10,25,0,50,0,15,50,50,50,25,50,50,50,50,50,50,10,50,0,100,0,50,50,0,25,30,30,0,50,0,50,60,50,35,50,0,0,0,50,30,50,50,50,25,0,39,,,,,,,,,,,,,,,,,,,,,,,,,,,,,,,,,,,,,,,,,,,,,,,,,,,,,,,,,,,,,,,,,,,,,,,,,,,,,,,,,,,,,,,,,,,,,,,,,,,,,,,,,,,,,,,,,,,,,,,,,,,,,,,,,,,,,,,,,,,,,,,,,,,,,,,,,,,,,,,,,,,,,,,,,,,,,,,,,,,,,,,,,,,,,,,,,,,,,,,,,,,,,,,,,,,,,,,,,,,,,,,,,,,,,,,,,,,,,,,,,,,,,,,,,,,,,,,,,,,,,,,,,,,,,,,,,,,,,,,,,,,,,,,,,,,,,,,,,,,,,,,,,,,,,,,,,,,,,,,,,,,,,,,,,,,,,,,,,,,,,,,,,,,,,,,,,,,,,,,,,,,,,,,,,,,,,,,,,,,,,,,,,,,,,,,,,,,,,,,,,,,,,,,,,,,,,,,,,,,,,,,,,,,,,,,,,,,,,,,,,,,,,,,,,,,,,,,,,,,,,,,,,,,,,,,,,,,,,,,,,,,,,,,,,,,,,,,,,,,,,,,,,3,0.002274347
R_6MF231iiSYP2pRM,Retail Sales Associate,,,,,,,,,,,,,,,,,,,,,,,,,,,,,,,,,,,,,,,,,,,,,,,,,,,,,,,,,,,,,,,,,,,,,,,,,,,,,,,,,,,,,,,,,,,,,,,,,,,,,,,,,,,,,,,,,,,,,,,,,,,,,,,,,,,,,,,,,,,,,,,,,,,,,,,,,,,,,,,,,,,,,,,,,,,,,,,,,,,,,,,,,,,,,,,,,,,,,,,,,,,,,,,,,,,,,,,,,,,,,,,,,,,,,,,,,,,,,,,,,,,,,,,,,,,,,,,,,,,,,,,,,,,,,,,,,,,,,,,,,,,,,,,,,,,,,,,,,,,,,,,,,,,,,,,,,,,,,,,,,,,,,,,,,,,,,,,,,95,,80,,,50,,90,,,40,,20,50,10,,,,,10,,65,89,28,,100,100,,,3,,,,,,,,3,,,,,40,100,,,75,,20,,40,90,49,100,,,75,,,70,85,,,80,,100,,95,,,,70,90,,60,,,,,,,50,60,97,,,5,,,,,,,,,,,,65,,100,5,,,,,,,95,100,20,96,100,,,,,,,90,50,,15,100,,95,75,,15,,,85,,,,80,80,,,15,,,,,,95,,,,,75,,,,45,,,,,50,,100,5,,,,,,,,,,,,,,,,,,,,,,,,,,,,,,,,,,,,,,,,,,,,,,,,,,,,,,,,,,,,,,,,,,,,,,,,,,,,,,,,,,,,,,,,,,,,,,,,,,,,,,,,,,,,,,,,,,,,,,,,,,,,,,,,,,,,,,,,,,,,,,,,,,,,,,,,,,,,,,,,,,,,,,,,,,,,,,,,,,,,,,,,,,,,,,,,,,,,,,,,,,,,,,,,,,,,,,,,,,,,,,,,,,,,,,,,,,,,,,,,,,,,,,,,,,,,,,,,,,,,,,,,,,,,,,,,,,,,,,,,,,,,,,,,,,,,,,,,,,,,,,,,,,,,,,,,,,,,,,,,,,,,,,,,,,,,,,,,,,,,,,,,,,,,,,,,,,,,,,,,,,,,,,,,,,,,,,,,,,,,,,,,,,,,,,,,,,,,,,,,,,,,,,,,,,,,,,,,,,,,,,,,,,,,,,,,,,,,,,,,,,,,,,,,,,,,,,,,,,,,,,,,,,,,,,,,,,,,,,,,,,,,,,,,,,,,,,,,,,,,,,,,,,3,0.988176094
R_7DBXff8H7F5c7zC,Risk Analyst,,,,,,,,,,,,,,,,,,,,,,,,,,,,,,,,,,,,,,,,,,,,,,,,,,,,,,,,,,,,,,,,,,,,,,,,,,,,,,,,,,,,,,,,,,,,,,,,,,,,,,,,,,,,,,,,,,,,,,,,,,,,,,,,,,,,,,,,,,,,,,,,,,,,,,,,,,,,,,,,,,,,,,,,,,,,,,,,,,,,,,,,,,,,,,,,,,,,,,,,,,,,,,,,,,,,,,,,,,,,,,,,,,,,,,,,,,,,,,,,,,,,,,,,,,,,,,,,,,,,,,,,,,,,,,,,,,,,,,,,,,,,,,,,,,,,,,,,,,,,,,,,,,,,,,,,,,,,,,,,,,,,,,,,,,,,,,25,25,50,25,50,50,87,50,,50,100,75,85,100,85,,50,50,,100,50,38,9,100,,,,100,25,,85,25,,50,50,25,65,15,50,50,100,100,50,95,50,25,,50,25,100,50,,100,65,95,40,,50,70,,100,15,100,50,,65,50,,,,,25,,,,50,70,50,,25,50,,50,100,100,50,75,,50,59,,26,50,,,78,85,25,94,50,50,25,,,92,,,70,50,50,50,15,70,77,50,,65,45,50,25,,50,50,25,50,50,50,100,50,50,,25,50,50,100,,75,25,,80,,50,50,65,,25,25,70,,50,,,50,,50,100,65,23,50,88,65,,,50,50,25,50,,,,,,,,,,,,,,,,,,,,,,,,,,,,,,,,,,,,,,,,,,,,,,,,,,,,,,,,,,,,,,,,,,,,,,,,,,,,,,,,,,,,,,,,,,,,,,,,,,,,,,,,,,,,,,,,,,,,,,,,,,,,,,,,,,,,,,,,,,,,,,,,,,,,,,,,,,,,,,,,,,,,,,,,,,,,,,,,,,,,,,,,,,,,,,,,,,,,,,,,,,,,,,,,,,,,,,,,,,,,,,,,,,,,,,,,,,,,,,,,,,,,,,,,,,,,,,,,,,,,,,,,,,,,,,,,,,,,,,,,,,,,,,,,,,,,,,,,,,,,,,,,,,,,,,,,,,,,,,,,,,,,,,,,,,,,,,,,,,,,,,,,,,,,,,,,,,,,,,,,,,,,,,,,,,,,,,,,,,,,,,,,,,,,,,,,,,,,,,,,,,,,,,,,,,,,,,,,,,,,,,,,,,,,,,,,,,,,,,,,,,,,,,,,,,,,,,,,,,,,,,,,,,,,,,,,,,,,,,,,,,,,,,,,,,,,,,,,,,,,,,,,,3,0.3318717
R_5mHoiA16vQoLbgZ,Risk Analyst,63,,54,25,75,39,65,76,66,64,67,24,42,,,57,42,64,34,,34,20,49,34,58,49,,55,68,46,,70,13,,24,32,55,,74,,78,96,37,,43,73,12,50,,10,,20,,79,61,64,,62,57,69,72,70,51,52,39,69,39,46,9,47,65,85,26,42,18,,63,89,,68,,,,93,100,65,38,71,79,41,82,56,,,52,43,63,51,,65,66,64,,,58,58,73,,73,,42,42,70,74,,63,26,87,94,100,56,47,30,15,90,79,94,58,74,79,99,83,83,69,91,31,63,63,99,76,49,90,33,,21,51,2,51,,25,41,58,35,,70,58,84,82,,67,85,61,71,64,10,73,53,,,,,,,,,,,,,,,,,,,,,,,,,,,,,,,,,,,,,,,,,,,,,,,,,,,,,,,,,,,,,,,,,,,,,,,,,,,,,,,,,,,,,,,,,,,,,,,,,,,,,,,,,,,,,,,,,,,,,,,,,,,,,,,,,,,,,,,,,,,,,,,,,,,,,,,,,,,,,,,,,,,,,,,,,,,,,,,,,,,,,,,,,,,,,,,,,,,,,,,,,,,,,,,,,,,,,,,,,,,,,,,,,,,,,,,,,,,,,,,,,,,,,,,,,,,,,,,,,,,,,,,,,,,,,,,,,,,,,,,,,,,,,,,,,,,,,,,,,,,,,,,,,,,,,,,,,,,,,,,,,,,,,,,,,,,,,,,,,,,,,,,,,,,,,,,,,,,,,,,,,,,,,,,,,,,,,,,,,,,,,,,,,,,,,,,,,,,,,,,,,,,,,,,,,,,,,,,,,,,,,,,,,,,,,,,,,,,,,,,,,,,,,,,,,,,,,,,,,,,,,,,,,,,,,,,,,,,,,,,,,,,,,,,,,,,,,,,,,,,,,,,,,,,,,,,,,,,,,,,,,,,,,,,,,,,,,,,,,,,,,,,,,,,,,,,,,,,,,,,,,,,,,,,,,,,,,,,,,,,,,,,,,,,,,,,,,,,,,,,,,,,,,,,,,,,,,,,,,,,,,,,,,,,,,,,,,,,,,,,,,,,,,,,,,,,,,,,,,,,,,,,,,,,,,,,,,,,,,,,,,,,,,,,,,,,,,,,,,,,,,,,,,,,,,,,,,,,,,,,,,,,,,,,,,,,,,,,,,,,,,,,,,,,,,,,,,,,,,,,,,,,,,,,,,,,,,,,,,,,,,,,,,,,,,,,,,,,,,,,,,,,,,,,,,,,,,,,,,,,,,,,,,,,,,,,,,,,,,,1,0.593365288
R_3gNpbKaPSjJbH3B,Inventory Manager,,,,,,,,,,,,,,,,,,,,,,,,,,,,,,,,,,,,,,,,,,,,,,,,,,,,,,,,,,,,,,,,,,,,,,,,,,,,,,,,,,,,,,,,,,,,,,,,,,,,,,,,,,,,,,,,,,,,,,,,,,,,,,,,,,,,,,,,,,,,,,,,,,,,,,,,,,,,,,,,,,,,,,,,,,,,,,,,,,,,,,,,,,,,,,,,,,,,,,,,,,,,,,,,,,,,,,,,,,,,,,,,,,,,,,,,,,,,,,,,,,,,,,,,,,,,,,,,,,,,,,,,,,,,,,,,,,,,,,,,,,,,,,,,,,,,,,,,,,,,,,,,,,,,,,,,,,,,,,,,,,,,,,,,,,,,,,,,,,,,,,,,,,,,,,,,,,,,,,,,,,,,,,,,,,,,,,,,,,,,,,,,,,,,,,,,,,,,,,,,,,,,,,,,,,,,,,,,,,,,,,,,,,,,,,,,,,,,,,,,,,,,,,,,,,,,,,,,,,,,,,,,,,,,,,,,,,,,,,,,,,,,,,,,,,,,,,,,,,,,,56,51,55,52,55,49,50,50,53,48,56,50,54,54,55,51,64,58,56,44,53,56,51,50,58,50,56,49,55,53,56,54,51,57,,59,52,50,57,55,50,57,,52,55,51,54,49,49,,56,49,52,54,51,54,53,50,50,56,57,52,,51,56,49,53,54,52,52,13,58,51,55,50,52,68,55,54,50,51,55,49,63,50,47,54,49,51,53,53,55,50,56,36,85,52,55,56,51,,52,54,47,49,55,57,51,49,55,39,63,84,55,36,49,58,49,51,55,24,59,,54,55,52,51,54,52,51,54,54,51,53,49,54,52,55,55,52,47,48,48,48,54,53,49,54,51,,54,,72,,,51,56,52,54,52,51,52,52,54,53,51,56,,,,,,,,,,,,,,,,,,,,,,,,,,,,,,,,,,,,,,,,,,,,,,,,,,,,,,,,,,,,,,,,,,,,,,,,,,,,,,,,,,,,,,,,,,,,,,,,,,,,,,,,,,,,,,,,,,,,,,,,,,,,,,,,,,,,,,,,,,,,,,,,,,,,,,,,,,,,,,,,,,,,,,,,,,,,,,,,,,,,,,,,,,,,,,,,,,,,,,,,,,,,,,,,,,,,,,,,,,,,,,,,,,,,,,,,,,,,,,,,,,,,,,,,,,,,,,,,,,,,,,,,,,,,,,,,,,,,,,,,,,,,,,,,,,,,,,,,,,,,,,,,,,,,,,,,,,,,,,,,,,,,,,,,,,,,,,,,,,4,0.108519326
R_7n6PbzmJ8tvK1hf,Financial Advisor,79,66,21,40,77,46,66,75,68,49,72,62,68,54,75,,71,33,68,74,74,63,69,49,41,31,54,59,73,59,29,23,39,29,53,49,56,66,30,79,64,53,67,79,82,67,30,69,29,34,74,76,74,44,58,63,56,59,,53,58,42,32,46,81,51,31,61,29,83,54,54,72,,42,64,46,46,54,53,70,80,51,69,62,35,45,46,35,60,38,64,52,43,41,67,85,60,49,30,38,62,64,54,76,74,52,46,60,55,80,59,77,64,60,71,48,63,,51,34,61,68,65,54,59,,29,37,78,70,63,60,73,73,39,51,64,77,68,39,79,31,30,79,64,37,80,73,50,78,67,56,62,74,49,41,40,73,42,74,67,29,79,29,59,76,,,,,,,,,,,,,,,,,,,,,,,,,,,,,,,,,,,,,,,,,,,,,,,,,,,,,,,,,,,,,,,,,,,,,,,,,,,,,,,,,,,,,,,,,,,,,,,,,,,,,,,,,,,,,,,,,,,,,,,,,,,,,,,,,,,,,,,,,,,,,,,,,,,,,,,,,,,,,,,,,,,,,,,,,,,,,,,,,,,,,,,,,,,,,,,,,,,,,,,,,,,,,,,,,,,,,,,,,,,,,,,,,,,,,,,,,,,,,,,,,,,,,,,,,,,,,,,,,,,,,,,,,,,,,,,,,,,,,,,,,,,,,,,,,,,,,,,,,,,,,,,,,,,,,,,,,,,,,,,,,,,,,,,,,,,,,,,,,,,,,,,,,,,,,,,,,,,,,,,,,,,,,,,,,,,,,,,,,,,,,,,,,,,,,,,,,,,,,,,,,,,,,,,,,,,,,,,,,,,,,,,,,,,,,,,,,,,,,,,,,,,,,,,,,,,,,,,,,,,,,,,,,,,,,,,,,,,,,,,,,,,,,,,,,,,,,,,,,,,,,,,,,,,,,,,,,,,,,,,,,,,,,,,,,,,,,,,,,,,,,,,,,,,,,,,,,,,,,,,,,,,,,,,,,,,,,,,,,,,,,,,,,,,,,,,,,,,,,,,,,,,,,,,,,,,,,,,,,,,,,,,,,,,,,,,,,,,,,,,,,,,,,,,,,,,,,,,,,,,,,,,,,,,,,,,,,,,,,,,,,,,,,,,,,,,,,,,,,,,,,,,,,,,,,,,,,,,,,,,,,,,,,,,,,,,,,,,,,,,,,,,,,,,,,,,,,,,,,,,,,,,,,,,,,,,,,,,,,,,,,,,,,,,,,,,,,,,,,,,,,,,,,,,,,,,,,,,,,,,,,,,,,,,,,,,,,,,,,,1,0.515517603
R_3LSiL8VeOcomUrT,Inventory Manager,,,,,,,,,,,,,,,,,,,,,,,,,,,,,,,,,,,,,,,,,,,,,,,,,,,,,,,,,,,,,,,,,,,,,,,,,,,,,,,,,,,,,,,,,,,,,,,,,,,,,,,,,,,,,,,,,,,,,,,,,,,,,,,,,,,,,,,,,,,,,,,,,,,,,,,,,,,,,,,,,,,,,,,,,,,,,,,,,,,,,,,,,,,,,,,,,,,,,,,,,,,,,,,,,,,,,,,,,,,,,,,,,,,,,,,,,,,,,,,,,,,,,,,,,,,,,,,,,,,,,,,,,,,,,,,,,,,,,,,,,,,,,,,,,,,,,,,,,,,,,,,,,,,,,,,,,,,,,,,,,,,,,,,,,,,,,,,,,,,,,,,,,,,,,,,,,,,,,,,,,,,,,,,,,,,,,,,,,,,,,,,,,,,,,,,,,,,,,,,,,,,,,,,,,,,,,,,,,,,,,,,,,,,,,,,,,,,,,,,,,,,,,,,,,,,,,,,,,,,,,,,,,,,,,,,,,,,,,,,,,,,,,,,,,,,,,,,,,,,,,,,,,,,,,,,,,,,,,,,,,,,,,,,,,,,,,,,,,,,,,,,,,,,,,,,,,,,,,,,,,,,,,,,,,,,,,,,,,,,,,,,,,,,,,,,,,,,,,,,,,,,,,,,,,,,,,,,,,,,,,,,,,,,,,,,,,,,,,,,,,,,,,,,,,,,,,,,,,,,,,,,,,,,,,,,,,,,,,,,,,,,,,,,,,,,,,,,,,,,,,,,,,,,,,,,,,,,,,,,,,,,,,,,,,,,,,,,,,,,,,,,,,,,,,,,,,,,,,,,,,,,,,,,,,,,,,,,,,,,,,,,,,,,,,,,,,,,,,,,,,,,,,,,,,,,,,,,,,,,,,,,,,,,,,,,,80,83,,,,90,75,,76,89,,95,,70,,81,,,86,72,86,,94,,87,92,93,80,93,,77,,,,,84,89,88,,95,,78,,77,76,77,71,91,89,89,,92,,,,,,,85,89,,,,83,,72,81,89,84,80,,85,,95,,76,83,90,,81,88,86,78,80,85,84,,,,82,86,,,71,67,93,,,,,88,,,94,85,,86,82,85,86,,95,91,91,,76,77,,,,88,88,95,,91,,86,88,89,90,75,82,,87,87,,93,92,91,,91,,,79,89,,88,94,87,88,,76,72,,88,,,72,84,94,85,89,,79,74,,,,,,,,,6,0.656741466