stimulus,condition,raw_score
0,Financial Advisor,67.2
1001,Financial Advisor,72.2
105,Financial Advisor,53.666666666666664
106,Financial Advisor,64.06666666666666
10,Financial Advisor,67.93333333333334
111,Financial Advisor,49.86666666666667
114,Financial Advisor,64.13333333333334
117,Financial Advisor,66.6
121,Financial Advisor,45.2
127,Financial Advisor,52.93333333333333
13,Financial Advisor,76.66666666666667
15,Financial Advisor,68.53333333333333
160,Financial Advisor,49.8
166,Financial Advisor,75.66666666666667
172,Financial Advisor,55.86666666666667
17,Financial Advisor,42.92857142857143
181,Financial Advisor,49.333333333333336
18,Financial Advisor,66.33333333333333
195,Financial Advisor,43.8
196,Financial Advisor,55.8
19,Financial Advisor,53.333333333333336
216,Financial Advisor,53.0
21,Financial Advisor,57.0
219,Financial Advisor,36.06666666666667
221,Financial Advisor,44.46666666666667
223,Financial Advisor,47.86666666666667
226,Financial Advisor,57.2
236,Financial Advisor,53.13333333333333
248,Financial Advisor,53.2
257,Financial Advisor,59.2
258,Financial Advisor,51.0
269,Financial Advisor,49.2
271,Financial Advisor,42.266666666666666
280,Financial Advisor,48.266666666666666
29,Financial Advisor,51.93333333333333
337,Financial Advisor,61.0
340,Financial Advisor,58.46666666666667
351,Financial Advisor,74.33333333333333
353,Financial Advisor,49.86666666666667
35,Financial Advisor,63.333333333333336
365,Financial Advisor,60.6
366,Financial Advisor,57.13333333333333
367,Financial Advisor,51.46666666666667
371,Financial Advisor,71.13333333333334
380,Financial Advisor,60.0
383,Financial Advisor,69.4
384,Financial Advisor,51.4
411,Financial Advisor,58.266666666666666
420,Financial Advisor,62.4
426,Financial Advisor,50.266666666666666
432,Financial Advisor,63.2
435,Financial Advisor,74.86666666666666
443,Financial Advisor,59.53333333333333
444,Financial Advisor,60.733333333333334
476,Financial Advisor,47.13333333333333
478,Financial Advisor,64.4
481,Financial Advisor,81.26666666666667
483,Financial Advisor,50.86666666666667
486,Financial Advisor,53.214285714285715
489,Financial Advisor,46.8
499,Financial Advisor,56.4
503,Financial Advisor,56.2
504,Financial Advisor,60.2
507,Financial Advisor,65.6
521,Financial Advisor,73.93333333333334
532,Financial Advisor,65.26666666666667
533,Financial Advisor,63.6
539,Financial Advisor,40.0
557,Financial Advisor,44.6
560,Financial Advisor,60.8
564,Financial Advisor,57.733333333333334
569,Financial Advisor,62.6
574,Financial Advisor,47.8
583,Financial Advisor,49.0
588,Financial Advisor,54.53333333333333
593,Financial Advisor,59.4
605,Financial Advisor,52.46666666666667
626,Financial Advisor,66.8
629,Financial Advisor,55.666666666666664
632,Financial Advisor,72.93333333333334
635,Financial Advisor,50.8
642,Financial Advisor,76.8
644,Financial Advisor,67.2
645,Financial Advisor,81.4
660,Financial Advisor,78.53333333333333
662,Financial Advisor,59.4
663,Financial Advisor,63.333333333333336
664,Financial Advisor,61.333333333333336
676,Financial Advisor,54.666666666666664
67,Financial Advisor,52.53333333333333
688,Financial Advisor,66.46666666666667
696,Financial Advisor,52.2
697,Financial Advisor,58.2
698,Financial Advisor,59.0
700,Financial Advisor,64.46666666666667
703,Financial Advisor,58.8
714,Financial Advisor,64.13333333333334
730,Financial Advisor,61.266666666666666
735,Financial Advisor,49.86666666666667
740,Financial Advisor,61.733333333333334
748,Financial Advisor,66.6
74,Financial Advisor,56.733333333333334
767,Financial Advisor,51.6
775,Financial Advisor,59.733333333333334
784,Financial Advisor,60.13333333333333
787,Financial Advisor,71.2
795,Financial Advisor,63.06666666666667
800,Financial Advisor,56.666666666666664
801,Financial Advisor,45.0
806,Financial Advisor,46.266666666666666
811,Financial Advisor,72.86666666666666
813,Financial Advisor,45.333333333333336
815,Financial Advisor,64.2
85,Financial Advisor,48.666666666666664
861,Financial Advisor,57.733333333333334
866,Financial Advisor,60.53333333333333
86,Financial Advisor,43.13333333333333
871,Financial Advisor,73.53333333333333
874,Financial Advisor,80.35714285714286
87,Financial Advisor,69.06666666666666
883,Financial Advisor,47.86666666666667
884,Financial Advisor,61.8
898,Financial Advisor,49.333333333333336
910,Financial Advisor,57.666666666666664
914,Financial Advisor,57.333333333333336
91,Financial Advisor,74.0
920,Financial Advisor,60.357142857142854
925,Financial Advisor,55.06666666666667
931,Financial Advisor,48.266666666666666
937,Financial Advisor,65.2
944,Financial Advisor,80.06666666666666
965,Financial Advisor,61.0
975,Financial Advisor,70.73333333333333
977,Financial Advisor,59.266666666666666
980,Financial Advisor,77.8
982,Financial Advisor,65.86666666666666
991,Financial Advisor,50.8
9,Financial Advisor,46.833333333333336
103,Financial Advisor,41.333333333333336
115,Financial Advisor,77.0
122,Financial Advisor,62.416666666666664
133,Financial Advisor,66.0
134,Financial Advisor,52.75
139,Financial Advisor,59.416666666666664
141,Financial Advisor,61.833333333333336
142,Financial Advisor,74.58333333333333
145,Financial Advisor,64.5
14,Financial Advisor,37.333333333333336
161,Financial Advisor,64.33333333333333
194,Financial Advisor,45.0
198,Financial Advisor,66.66666666666667
202,Financial Advisor,48.5
212,Financial Advisor,65.08333333333333
227,Financial Advisor,64.5
22,Financial Advisor,71.58333333333333
246,Financial Advisor,59.166666666666664
24,Financial Advisor,75.66666666666667
276,Financial Advisor,60.916666666666664
277,Financial Advisor,60.916666666666664
27,Financial Advisor,65.66666666666667
282,Financial Advisor,79.33333333333333
287,Financial Advisor,69.25
288,Financial Advisor,58.5
28,Financial Advisor,52.166666666666664
295,Financial Advisor,72.75
299,Financial Advisor,66.58333333333333
302,Financial Advisor,56.916666666666664
304,Financial Advisor,23.5
312,Financial Advisor,69.41666666666667
315,Financial Advisor,63.0
317,Financial Advisor,69.0
31,Financial Advisor,71.08333333333333
323,Financial Advisor,63.083333333333336
324,Financial Advisor,68.33333333333333
332,Financial Advisor,83.91666666666667
339,Financial Advisor,70.5
341,Financial Advisor,45.666666666666664
346,Financial Advisor,66.16666666666667
350,Financial Advisor,35.916666666666664
360,Financial Advisor,79.08333333333333
363,Financial Advisor,74.83333333333333
370,Financial Advisor,47.166666666666664
376,Financial Advisor,68.83333333333333
398,Financial Advisor,70.16666666666667
409,Financial Advisor,48.25
410,Financial Advisor,63.083333333333336
416,Financial Advisor,73.33333333333333
42,Financial Advisor,71.5
441,Financial Advisor,0.5833333333333334
44,Financial Advisor,40.0
454,Financial Advisor,70.5
455,Financial Advisor,57.666666666666664
461,Financial Advisor,58.833333333333336
462,Financial Advisor,71.91666666666667
464,Financial Advisor,77.25
471,Financial Advisor,58.833333333333336
475,Financial Advisor,63.666666666666664
484,Financial Advisor,64.91666666666667
491,Financial Advisor,69.25
506,Financial Advisor,64.58333333333333
517,Financial Advisor,46.416666666666664
518,Financial Advisor,49.666666666666664
51,Financial Advisor,69.91666666666667
529,Financial Advisor,53.916666666666664
537,Financial Advisor,67.91666666666667
540,Financial Advisor,65.33333333333333
542,Financial Advisor,54.083333333333336
547,Financial Advisor,64.08333333333333
549,Financial Advisor,65.91666666666667
553,Financial Advisor,67.5
554,Financial Advisor,36.166666666666664
55,Financial Advisor,46.416666666666664
580,Financial Advisor,62.25
585,Financial Advisor,56.833333333333336
599,Financial Advisor,58.583333333333336
600,Financial Advisor,53.416666666666664
609,Financial Advisor,73.08333333333333
613,Financial Advisor,35.5
616,Financial Advisor,52.333333333333336
621,Financial Advisor,57.333333333333336
625,Financial Advisor,68.75
634,Financial Advisor,64.16666666666667
641,Financial Advisor,68.0
646,Financial Advisor,41.083333333333336
650,Financial Advisor,66.08333333333333
658,Financial Advisor,62.333333333333336
66,Financial Advisor,63.916666666666664
671,Financial Advisor,53.583333333333336
679,Financial Advisor,52.5
693,Financial Advisor,66.58333333333333
706,Financial Advisor,71.16666666666667
711,Financial Advisor,66.08333333333333
718,Financial Advisor,65.5
738,Financial Advisor,49.5
753,Financial Advisor,57.916666666666664
755,Financial Advisor,33.75
75,Financial Advisor,56.416666666666664
762,Financial Advisor,44.333333333333336
766,Financial Advisor,67.41666666666667
77,Financial Advisor,69.58333333333333
783,Financial Advisor,44.75
789,Financial Advisor,66.91666666666667
810,Financial Advisor,58.0
814,Financial Advisor,62.25
817,Financial Advisor,75.25
822,Financial Advisor,76.16666666666667
824,Financial Advisor,71.5
832,Financial Advisor,45.166666666666664
83,Financial Advisor,56.166666666666664
846,Financial Advisor,48.333333333333336
853,Financial Advisor,63.416666666666664
855,Financial Advisor,67.41666666666667
875,Financial Advisor,8.166666666666666
880,Financial Advisor,73.33333333333333
892,Financial Advisor,79.16666666666667
8,Financial Advisor,56.5
89,Financial Advisor,60.25
899,Financial Advisor,45.666666666666664
908,Financial Advisor,44.833333333333336
921,Financial Advisor,61.333333333333336
923,Financial Advisor,51.75
932,Financial Advisor,57.0
946,Financial Advisor,71.91666666666667
957,Financial Advisor,51.666666666666664
960,Financial Advisor,63.0
969,Financial Advisor,80.08333333333333
978,Financial Advisor,75.66666666666667
981,Financial Advisor,66.58333333333333
983,Financial Advisor,65.75
985,Financial Advisor,53.666666666666664
987,Financial Advisor,36.666666666666664
98,Financial Advisor,66.5
990,Financial Advisor,70.5
1002,Financial Advisor,43.588235294117645
100,Financial Advisor,40.705882352941174
116,Financial Advisor,71.29411764705883
136,Financial Advisor,39.529411764705884
137,Financial Advisor,73.5
147,Financial Advisor,59.733333333333334
149,Financial Advisor,40.88235294117647
154,Financial Advisor,54.11764705882353
16,Financial Advisor,38.625
179,Financial Advisor,37.588235294117645
180,Financial Advisor,57.1764705882353
188,Financial Advisor,63.705882352941174
189,Financial Advisor,66.6875
200,Financial Advisor,66.11764705882354
201,Financial Advisor,57.529411764705884
204,Financial Advisor,51.4375
208,Financial Advisor,53.0
211,Financial Advisor,54.88235294117647
224,Financial Advisor,62.13333333333333
232,Financial Advisor,72.88235294117646
233,Financial Advisor,64.94117647058823
253,Financial Advisor,56.5
255,Financial Advisor,26.6
25,Financial Advisor,38.76470588235294
259,Financial Advisor,51.05882352941177
264,Financial Advisor,60.705882352941174
267,Financial Advisor,46.23529411764706
26,Financial Advisor,62.625
274,Financial Advisor,33.705882352941174
296,Financial Advisor,56.375
2,Financial Advisor,65.8
307,Financial Advisor,44.88235294117647
308,Financial Advisor,40.94117647058823
313,Financial Advisor,56.64705882352941
334,Financial Advisor,63.5
33,Financial Advisor,43.4375
354,Financial Advisor,46.76470588235294
379,Financial Advisor,44.4375
386,Financial Advisor,62.625
38,Financial Advisor,56.1875
395,Financial Advisor,37.23529411764706
3,Financial Advisor,43.6875
401,Financial Advisor,37.11764705882353
403,Financial Advisor,49.0
407,Financial Advisor,62.35294117647059
421,Financial Advisor,52.11764705882353
423,Financial Advisor,65.4
425,Financial Advisor,58.75
442,Financial Advisor,28.764705882352942
447,Financial Advisor,56.1764705882353
449,Financial Advisor,52.125
450,Financial Advisor,51.9375
453,Financial Advisor,43.5
458,Financial Advisor,60.88235294117647
47,Financial Advisor,65.23529411764706
490,Financial Advisor,52.23529411764706
49,Financial Advisor,57.0625
525,Financial Advisor,53.75
530,Financial Advisor,68.05882352941177
538,Financial Advisor,48.0
543,Financial Advisor,48.4375
565,Financial Advisor,31.647058823529413
567,Financial Advisor,50.5
582,Financial Advisor,59.294117647058826
589,Financial Advisor,62.35294117647059
597,Financial Advisor,64.0
602,Financial Advisor,44.411764705882355
603,Financial Advisor,58.705882352941174
620,Financial Advisor,48.25
622,Financial Advisor,51.5625
624,Financial Advisor,63.411764705882355
636,Financial Advisor,35.6
637,Financial Advisor,19.375
639,Financial Advisor,47.25
640,Financial Advisor,49.25
643,Financial Advisor,51.8
656,Financial Advisor,73.94117647058823
661,Financial Advisor,60.411764705882355
665,Financial Advisor,60.0
666,Financial Advisor,32.94117647058823
691,Financial Advisor,47.705882352941174
6,Financial Advisor,43.64705882352941
69,Financial Advisor,61.8125
705,Financial Advisor,59.0625
708,Financial Advisor,50.64705882352941
712,Financial Advisor,55.64705882352941
716,Financial Advisor,60.64705882352941
719,Financial Advisor,46.470588235294116
722,Financial Advisor,59.875
726,Financial Advisor,62.375
727,Financial Advisor,36.529411764705884
729,Financial Advisor,28.941176470588236
736,Financial Advisor,62.3125
747,Financial Advisor,32.88235294117647
749,Financial Advisor,38.9375
750,Financial Advisor,63.0
773,Financial Advisor,53.64705882352941
790,Financial Advisor,48.35294117647059
79,Financial Advisor,60.76470588235294
799,Financial Advisor,54.3125
807,Financial Advisor,49.375
808,Financial Advisor,39.5625
819,Financial Advisor,58.1875
820,Financial Advisor,65.05882352941177
823,Financial Advisor,71.6875
825,Financial Advisor,72.47058823529412
828,Financial Advisor,60.6875
831,Financial Advisor,65.625
833,Financial Advisor,38.3125
835,Financial Advisor,55.470588235294116
836,Financial Advisor,65.375
840,Financial Advisor,34.125
845,Financial Advisor,54.588235294117645
852,Financial Advisor,63.5
854,Financial Advisor,71.0
859,Financial Advisor,40.4375
862,Financial Advisor,57.11764705882353
869,Financial Advisor,44.11764705882353
876,Financial Advisor,50.23529411764706
885,Financial Advisor,49.5
886,Financial Advisor,55.75
894,Financial Advisor,56.1764705882353
897,Financial Advisor,56.6875
902,Financial Advisor,50.0
911,Financial Advisor,56.0
926,Financial Advisor,67.0
92,Financial Advisor,56.3125
942,Financial Advisor,71.5625
951,Financial Advisor,63.6875
958,Financial Advisor,51.5625
959,Financial Advisor,55.8235294117647
961,Financial Advisor,34.5625
962,Financial Advisor,47.94117647058823
966,Financial Advisor,54.125
973,Financial Advisor,58.470588235294116
988,Financial Advisor,50.875
997,Financial Advisor,72.2
102,Financial Advisor,53.73684210526316
110,Financial Advisor,65.0
120,Financial Advisor,30.894736842105264
129,Financial Advisor,58.89473684210526
140,Financial Advisor,65.89473684210526
143,Financial Advisor,48.8421052631579
152,Financial Advisor,61.94736842105263
153,Financial Advisor,67.57894736842105
175,Financial Advisor,62.578947368421055
182,Financial Advisor,46.26315789473684
186,Financial Advisor,46.578947368421055
191,Financial Advisor,66.47368421052632
192,Financial Advisor,62.68421052631579
1,Financial Advisor,55.89473684210526
203,Financial Advisor,27.736842105263158
207,Financial Advisor,36.94736842105263
214,Financial Advisor,48.26315789473684
218,Financial Advisor,57.421052631578945
238,Financial Advisor,67.05263157894737
23,Financial Advisor,73.10526315789474
239,Financial Advisor,52.31578947368421
241,Financial Advisor,63.421052631578945
247,Financial Advisor,59.68421052631579
249,Financial Advisor,56.73684210526316
250,Financial Advisor,40.473684210526315
265,Financial Advisor,47.36842105263158
275,Financial Advisor,67.42105263157895
286,Financial Advisor,54.26315789473684
289,Financial Advisor,63.31578947368421
291,Financial Advisor,63.31578947368421
293,Financial Advisor,34.89473684210526
301,Financial Advisor,58.36842105263158
303,Financial Advisor,64.26315789473684
309,Financial Advisor,66.89473684210526
310,Financial Advisor,58.78947368421053
320,Financial Advisor,69.84210526315789
331,Financial Advisor,52.1578947368421
338,Financial Advisor,44.526315789473685
355,Financial Advisor,59.63157894736842
357,Financial Advisor,55.21052631578947
359,Financial Advisor,57.36842105263158
37,Financial Advisor,79.3157894736842
381,Financial Advisor,35.1578947368421
382,Financial Advisor,58.526315789473685
388,Financial Advisor,52.05263157894737
391,Financial Advisor,44.473684210526315
393,Financial Advisor,57.26315789473684
394,Financial Advisor,50.0
400,Financial Advisor,55.10526315789474
404,Financial Advisor,66.3157894736842
40,Financial Advisor,38.89473684210526
414,Financial Advisor,49.68421052631579
41,Financial Advisor,62.31578947368421
419,Financial Advisor,60.68421052631579
437,Financial Advisor,70.52631578947368
43,Financial Advisor,51.473684210526315
446,Financial Advisor,57.31578947368421
456,Financial Advisor,59.473684210526315
457,Financial Advisor,60.36842105263158
460,Financial Advisor,51.21052631578947
470,Financial Advisor,52.473684210526315
474,Financial Advisor,48.526315789473685
479,Financial Advisor,69.0
482,Financial Advisor,68.21052631578948
498,Financial Advisor,45.10526315789474
513,Financial Advisor,62.36842105263158
514,Financial Advisor,47.73684210526316
516,Financial Advisor,49.78947368421053
520,Financial Advisor,80.63157894736842
523,Financial Advisor,60.36842105263158
528,Financial Advisor,54.578947368421055
536,Financial Advisor,71.6842105263158
550,Financial Advisor,44.526315789473685
555,Financial Advisor,47.36842105263158
563,Financial Advisor,64.73684210526316
570,Financial Advisor,56.10526315789474
572,Financial Advisor,49.63157894736842
573,Financial Advisor,62.89473684210526
57,Financial Advisor,64.36842105263158
591,Financial Advisor,63.526315789473685
595,Financial Advisor,61.31578947368421
596,Financial Advisor,47.8421052631579
5,Financial Advisor,28.36842105263158
601,Financial Advisor,67.84210526315789
614,Financial Advisor,37.578947368421055
62,Financial Advisor,56.0
647,Financial Advisor,62.473684210526315
64,Financial Advisor,66.73684210526316
669,Financial Advisor,57.63157894736842
670,Financial Advisor,35.68421052631579
680,Financial Advisor,53.578947368421055
681,Financial Advisor,70.3157894736842
685,Financial Advisor,56.10526315789474
690,Financial Advisor,70.63157894736842
713,Financial Advisor,61.21052631578947
725,Financial Advisor,40.0
739,Financial Advisor,62.68421052631579
742,Financial Advisor,46.05263157894737
751,Financial Advisor,31.842105263157894
752,Financial Advisor,66.3157894736842
756,Financial Advisor,47.8421052631579
765,Financial Advisor,70.84210526315789
769,Financial Advisor,69.05263157894737
772,Financial Advisor,68.94736842105263
780,Financial Advisor,51.578947368421055
796,Financial Advisor,65.36842105263158
818,Financial Advisor,42.26315789473684
826,Financial Advisor,68.94736842105263
837,Financial Advisor,62.31578947368421
838,Financial Advisor,64.21052631578948
842,Financial Advisor,62.21052631578947
847,Financial Advisor,60.526315789473685
84,Financial Advisor,43.21052631578947
849,Financial Advisor,51.26315789473684
856,Financial Advisor,65.10526315789474
858,Financial Advisor,41.1578947368421
877,Financial Advisor,64.57894736842105
878,Financial Advisor,66.10526315789474
882,Financial Advisor,44.73684210526316
891,Financial Advisor,42.78947368421053
896,Financial Advisor,63.21052631578947
900,Financial Advisor,60.36842105263158
901,Financial Advisor,61.78947368421053
904,Financial Advisor,55.73684210526316
905,Financial Advisor,48.421052631578945
909,Financial Advisor,65.73684210526316
927,Financial Advisor,61.26315789473684
943,Financial Advisor,49.21052631578947
945,Financial Advisor,56.421052631578945
948,Financial Advisor,64.47368421052632
94,Financial Advisor,49.578947368421055
953,Financial Advisor,65.05263157894737
955,Financial Advisor,34.94736842105263
956,Financial Advisor,52.89473684210526
974,Financial Advisor,57.10526315789474
976,Financial Advisor,56.10526315789474
984,Financial Advisor,57.526315789473685
104,Financial Advisor,64.3529411764706
112,Financial Advisor,39.529411764705884
118,Financial Advisor,70.47058823529412
119,Financial Advisor,26.764705882352942
123,Financial Advisor,44.470588235294116
12,Financial Advisor,57.88235294117647
131,Financial Advisor,78.88235294117646
157,Financial Advisor,53.05882352941177
164,Financial Advisor,62.529411764705884
165,Financial Advisor,41.88235294117647
178,Financial Advisor,67.47058823529412
184,Financial Advisor,58.411764705882355
199,Financial Advisor,33.705882352941174
209,Financial Advisor,60.64705882352941
210,Financial Advisor,64.3529411764706
215,Financial Advisor,45.64705882352941
220,Financial Advisor,48.411764705882355
222,Financial Advisor,60.88235294117647
229,Financial Advisor,68.70588235294117
235,Financial Advisor,54.88235294117647
243,Financial Advisor,46.11764705882353
244,Financial Advisor,53.705882352941174
252,Financial Advisor,62.529411764705884
254,Financial Advisor,58.411764705882355
266,Financial Advisor,38.294117647058826
272,Financial Advisor,48.94117647058823
278,Financial Advisor,43.88235294117647
279,Financial Advisor,75.94117647058823
283,Financial Advisor,37.588235294117645
292,Financial Advisor,61.588235294117645
314,Financial Advisor,57.11764705882353
325,Financial Advisor,75.23529411764706
327,Financial Advisor,44.11764705882353
329,Financial Advisor,61.1764705882353
333,Financial Advisor,57.529411764705884
34,Financial Advisor,52.705882352941174
349,Financial Advisor,53.23529411764706
372,Financial Advisor,52.88235294117647
373,Financial Advisor,61.529411764705884
387,Financial Advisor,54.64705882352941
399,Financial Advisor,42.1764705882353
406,Financial Advisor,60.88235294117647
413,Financial Advisor,56.23529411764706
415,Financial Advisor,58.0
422,Financial Advisor,69.0
434,Financial Advisor,52.05882352941177
436,Financial Advisor,67.58823529411765
451,Financial Advisor,51.411764705882355
459,Financial Advisor,51.88235294117647
463,Financial Advisor,77.0
473,Financial Advisor,69.70588235294117
487,Financial Advisor,49.0
494,Financial Advisor,70.11764705882354
495,Financial Advisor,41.35294117647059
496,Financial Advisor,41.0
4,Financial Advisor,57.294117647058826
500,Financial Advisor,74.6470588235294
509,Financial Advisor,57.94117647058823
510,Financial Advisor,45.1764705882353
511,Financial Advisor,66.0
515,Financial Advisor,74.47058823529412
544,Financial Advisor,39.8235294117647
545,Financial Advisor,47.0
558,Financial Advisor,48.94117647058823
571,Financial Advisor,63.0
576,Financial Advisor,65.29411764705883
578,Financial Advisor,56.1764705882353
584,Financial Advisor,53.76470588235294
586,Financial Advisor,46.0
587,Financial Advisor,74.29411764705883
592,Financial Advisor,78.3529411764706
598,Financial Advisor,48.588235294117645
604,Financial Advisor,69.70588235294117
608,Financial Advisor,77.29411764705883
610,Financial Advisor,60.0
612,Financial Advisor,38.1764705882353
623,Financial Advisor,49.23529411764706
63,Financial Advisor,74.82352941176471
648,Financial Advisor,56.0
652,Financial Advisor,62.294117647058826
653,Financial Advisor,44.23529411764706
655,Financial Advisor,56.529411764705884
657,Financial Advisor,66.41176470588235
675,Financial Advisor,70.88235294117646
678,Financial Advisor,71.41176470588235
683,Financial Advisor,57.35294117647059
701,Financial Advisor,68.76470588235294
707,Financial Advisor,62.35294117647059
710,Financial Advisor,73.3529411764706
71,Financial Advisor,59.588235294117645
728,Financial Advisor,74.76470588235294
732,Financial Advisor,40.11764705882353
73,Financial Advisor,58.588235294117645
745,Financial Advisor,70.94117647058823
757,Financial Advisor,73.11764705882354
758,Financial Advisor,50.88235294117647
76,Financial Advisor,57.294117647058826
770,Financial Advisor,50.05882352941177
771,Financial Advisor,54.88235294117647
774,Financial Advisor,30.764705882352942
779,Financial Advisor,73.70588235294117
781,Financial Advisor,77.88235294117646
782,Financial Advisor,48.76470588235294
791,Financial Advisor,58.35294117647059
797,Financial Advisor,53.11764705882353
802,Financial Advisor,64.23529411764706
804,Financial Advisor,72.17647058823529
805,Financial Advisor,70.23529411764706
809,Financial Advisor,60.11764705882353
812,Financial Advisor,59.88235294117647
81,Financial Advisor,54.0
829,Financial Advisor,77.76470588235294
830,Financial Advisor,58.94117647058823
841,Financial Advisor,47.0
848,Financial Advisor,80.58823529411765
860,Financial Advisor,55.1764705882353
863,Financial Advisor,44.529411764705884
865,Financial Advisor,54.1764705882353
867,Financial Advisor,40.705882352941174
868,Financial Advisor,56.294117647058826
879,Financial Advisor,71.58823529411765
895,Financial Advisor,49.11764705882353
903,Financial Advisor,73.76470588235294
907,Financial Advisor,47.411764705882355
90,Financial Advisor,53.1764705882353
912,Financial Advisor,48.8235294117647
913,Financial Advisor,50.529411764705884
916,Financial Advisor,66.88235294117646
930,Financial Advisor,77.52941176470588
933,Financial Advisor,61.94117647058823
935,Financial Advisor,54.35294117647059
963,Financial Advisor,59.11764705882353
995,Financial Advisor,38.588235294117645
998,Financial Advisor,49.23529411764706
99,Financial Advisor,52.75
999,Financial Advisor,52.1875
101,Financial Advisor,60.4375
107,Financial Advisor,41.5625
108,Financial Advisor,51.375
124,Financial Advisor,56.1875
132,Financial Advisor,43.8125
148,Financial Advisor,55.75
150,Financial Advisor,66.1875
155,Financial Advisor,55.125
158,Financial Advisor,44.625
159,Financial Advisor,40.5
162,Financial Advisor,46.1875
167,Financial Advisor,50.0
169,Financial Advisor,36.8125
174,Financial Advisor,35.1875
176,Financial Advisor,52.875
183,Financial Advisor,64.125
185,Financial Advisor,55.75
187,Financial Advisor,36.75
190,Financial Advisor,64.0
197,Financial Advisor,61.125
205,Financial Advisor,63.1875
206,Financial Advisor,37.9375
228,Financial Advisor,30.9375
237,Financial Advisor,51.125
240,Financial Advisor,61.6875
270,Financial Advisor,69.75
273,Financial Advisor,72.0
281,Financial Advisor,31.5625
294,Financial Advisor,44.375
298,Financial Advisor,37.8125
300,Financial Advisor,48.75
305,Financial Advisor,39.5
311,Financial Advisor,35.375
322,Financial Advisor,53.8125
336,Financial Advisor,49.9375
344,Financial Advisor,56.4375
347,Financial Advisor,52.5
348,Financial Advisor,59.25
364,Financial Advisor,42.4375
369,Financial Advisor,71.5
374,Financial Advisor,44.9375
378,Financial Advisor,48.5625
385,Financial Advisor,40.125
39,Financial Advisor,64.1875
408,Financial Advisor,38.8125
412,Financial Advisor,56.375
427,Financial Advisor,60.8125
433,Financial Advisor,49.1875
438,Financial Advisor,46.4375
440,Financial Advisor,34.0625
445,Financial Advisor,57.6875
45,Financial Advisor,54.875
465,Financial Advisor,38.5
466,Financial Advisor,62.6875
467,Financial Advisor,40.0625
477,Financial Advisor,59.0
480,Financial Advisor,45.25
485,Financial Advisor,44.625
48,Financial Advisor,41.875
493,Financial Advisor,29.0625
497,Financial Advisor,46.625
501,Financial Advisor,52.0625
502,Financial Advisor,43.25
50,Financial Advisor,48.625
512,Financial Advisor,53.625
526,Financial Advisor,53.375
527,Financial Advisor,34.875
535,Financial Advisor,48.125
53,Financial Advisor,26.1875
548,Financial Advisor,41.75
556,Financial Advisor,54.3125
559,Financial Advisor,44.5625
561,Financial Advisor,54.3125
562,Financial Advisor,60.9375
568,Financial Advisor,50.0625
579,Financial Advisor,46.3125
581,Financial Advisor,51.0
590,Financial Advisor,55.0625
594,Financial Advisor,40.6875
606,Financial Advisor,49.375
607,Financial Advisor,41.375
651,Financial Advisor,63.25
654,Financial Advisor,44.0625
65,Financial Advisor,24.1875
673,Financial Advisor,38.375
677,Financial Advisor,28.3125
682,Financial Advisor,31.875
687,Financial Advisor,64.75
694,Financial Advisor,54.875
70,Financial Advisor,44.3125
715,Financial Advisor,58.5
733,Financial Advisor,52.8125
737,Financial Advisor,42.8125
741,Financial Advisor,57.75
744,Financial Advisor,67.9375
754,Financial Advisor,37.0625
761,Financial Advisor,45.25
763,Financial Advisor,32.5
764,Financial Advisor,58.25
776,Financial Advisor,39.625
777,Financial Advisor,33.6875
778,Financial Advisor,38.8125
786,Financial Advisor,42.25
78,Financial Advisor,46.8125
792,Financial Advisor,45.1875
803,Financial Advisor,37.25
827,Financial Advisor,66.6875
82,Financial Advisor,62.125
839,Financial Advisor,32.1875
850,Financial Advisor,59.625
851,Financial Advisor,51.1875
864,Financial Advisor,43.4375
873,Financial Advisor,55.75
888,Financial Advisor,62.3125
890,Financial Advisor,43.0
915,Financial Advisor,46.5
924,Financial Advisor,59.4375
929,Financial Advisor,63.1875
934,Financial Advisor,60.9375
936,Financial Advisor,54.8125
938,Financial Advisor,55.1875
93,Financial Advisor,60.0625
939,Financial Advisor,58.75
949,Financial Advisor,67.3125
952,Financial Advisor,29.625
954,Financial Advisor,46.25
964,Financial Advisor,61.5
968,Financial Advisor,47.1875
96,Financial Advisor,55.6875
971,Financial Advisor,61.625
972,Financial Advisor,57.125
979,Financial Advisor,40.4375
986,Financial Advisor,62.5625
994,Financial Advisor,54.0625
0,Inventory Manager,54.84615384615385
1001,Inventory Manager,62.92307692307692
105,Inventory Manager,51.61538461538461
106,Inventory Manager,51.84615384615385
10,Inventory Manager,55.38461538461539
111,Inventory Manager,56.30769230769231
114,Inventory Manager,61.07692307692308
117,Inventory Manager,68.15384615384616
121,Inventory Manager,53.15384615384615
127,Inventory Manager,51.84615384615385
13,Inventory Manager,64.61538461538461
15,Inventory Manager,53.46153846153846
160,Inventory Manager,52.15384615384615
166,Inventory Manager,48.92307692307692
172,Inventory Manager,56.0
17,Inventory Manager,43.61538461538461
181,Inventory Manager,62.61538461538461
18,Inventory Manager,54.69230769230769
195,Inventory Manager,52.76923076923077
196,Inventory Manager,57.23076923076923
19,Inventory Manager,60.69230769230769
216,Inventory Manager,48.46153846153846
21,Inventory Manager,60.07692307692308
219,Inventory Manager,46.38461538461539
221,Inventory Manager,46.30769230769231
223,Inventory Manager,54.76923076923077
226,Inventory Manager,53.84615384615385
236,Inventory Manager,56.46153846153846
248,Inventory Manager,56.53846153846154
257,Inventory Manager,57.92307692307692
258,Inventory Manager,50.84615384615385
269,Inventory Manager,54.0
271,Inventory Manager,50.84615384615385
280,Inventory Manager,48.38461538461539
29,Inventory Manager,53.46153846153846
337,Inventory Manager,53.76923076923077
340,Inventory Manager,56.07692307692308
351,Inventory Manager,54.23076923076923
353,Inventory Manager,49.15384615384615
35,Inventory Manager,52.84615384615385
365,Inventory Manager,69.23076923076923
366,Inventory Manager,57.15384615384615
367,Inventory Manager,57.69230769230769
371,Inventory Manager,64.61538461538461
380,Inventory Manager,44.46153846153846
383,Inventory Manager,53.0
384,Inventory Manager,48.53846153846154
411,Inventory Manager,66.84615384615384
420,Inventory Manager,57.07692307692308
426,Inventory Manager,32.69230769230769
432,Inventory Manager,50.30769230769231
435,Inventory Manager,45.69230769230769
443,Inventory Manager,57.0
444,Inventory Manager,55.76923076923077
476,Inventory Manager,54.46153846153846
478,Inventory Manager,56.38461538461539
481,Inventory Manager,49.46153846153846
483,Inventory Manager,54.07692307692308
486,Inventory Manager,60.76923076923077
489,Inventory Manager,50.69230769230769
499,Inventory Manager,52.84615384615385
503,Inventory Manager,69.53846153846153
504,Inventory Manager,51.0
507,Inventory Manager,60.30769230769231
521,Inventory Manager,57.84615384615385
532,Inventory Manager,55.76923076923077
533,Inventory Manager,57.46153846153846
539,Inventory Manager,45.61538461538461
557,Inventory Manager,54.46153846153846
560,Inventory Manager,54.53846153846154
564,Inventory Manager,54.46153846153846
569,Inventory Manager,61.07692307692308
574,Inventory Manager,62.61538461538461
583,Inventory Manager,58.23076923076923
588,Inventory Manager,54.30769230769231
593,Inventory Manager,58.07692307692308
605,Inventory Manager,54.30769230769231
626,Inventory Manager,54.30769230769231
629,Inventory Manager,51.61538461538461
632,Inventory Manager,56.46153846153846
635,Inventory Manager,49.84615384615385
642,Inventory Manager,48.84615384615385
644,Inventory Manager,62.30769230769231
645,Inventory Manager,47.23076923076923
660,Inventory Manager,64.0
662,Inventory Manager,53.61538461538461
663,Inventory Manager,54.15384615384615
664,Inventory Manager,64.92307692307692
676,Inventory Manager,55.38461538461539
67,Inventory Manager,70.92307692307692
688,Inventory Manager,56.15384615384615
696,Inventory Manager,49.53846153846154
697,Inventory Manager,45.46153846153846
698,Inventory Manager,56.69230769230769
700,Inventory Manager,49.61538461538461
703,Inventory Manager,59.30769230769231
714,Inventory Manager,52.84615384615385
730,Inventory Manager,61.69230769230769
735,Inventory Manager,53.30769230769231
740,Inventory Manager,58.84615384615385
748,Inventory Manager,41.07692307692308
74,Inventory Manager,51.61538461538461
767,Inventory Manager,51.46153846153846
775,Inventory Manager,54.07692307692308
784,Inventory Manager,62.46153846153846
787,Inventory Manager,54.07692307692308
795,Inventory Manager,56.46153846153846
800,Inventory Manager,59.53846153846154
801,Inventory Manager,50.07692307692308
806,Inventory Manager,46.76923076923077
811,Inventory Manager,63.53846153846154
813,Inventory Manager,48.38461538461539
815,Inventory Manager,57.53846153846154
85,Inventory Manager,59.23076923076923
861,Inventory Manager,70.92307692307692
866,Inventory Manager,60.15384615384615
86,Inventory Manager,51.61538461538461
871,Inventory Manager,56.84615384615385
874,Inventory Manager,49.53846153846154
87,Inventory Manager,62.15384615384615
883,Inventory Manager,50.30769230769231
884,Inventory Manager,51.38461538461539
898,Inventory Manager,51.0
910,Inventory Manager,47.61538461538461
914,Inventory Manager,54.76923076923077
91,Inventory Manager,64.23076923076923
920,Inventory Manager,56.92307692307692
925,Inventory Manager,57.76923076923077
931,Inventory Manager,50.38461538461539
937,Inventory Manager,54.15384615384615
944,Inventory Manager,57.92307692307692
965,Inventory Manager,55.15384615384615
975,Inventory Manager,69.07692307692308
977,Inventory Manager,62.46153846153846
980,Inventory Manager,60.23076923076923
982,Inventory Manager,57.07692307692308
991,Inventory Manager,50.30769230769231
9,Inventory Manager,66.1875
103,Inventory Manager,59.3125
115,Inventory Manager,70.9375
122,Inventory Manager,50.8125
133,Inventory Manager,68.6875
134,Inventory Manager,66.5
139,Inventory Manager,73.875
141,Inventory Manager,62.6875
142,Inventory Manager,69.0625
145,Inventory Manager,62.4375
14,Inventory Manager,31.375
161,Inventory Manager,72.6875
194,Inventory Manager,57.125
198,Inventory Manager,55.625
202,Inventory Manager,62.1875
212,Inventory Manager,65.1875
227,Inventory Manager,57.875
22,Inventory Manager,71.4375
246,Inventory Manager,63.0625
24,Inventory Manager,66.0
276,Inventory Manager,68.4375
277,Inventory Manager,57.625
27,Inventory Manager,62.875
282,Inventory Manager,65.8125
287,Inventory Manager,67.9375
288,Inventory Manager,50.0
28,Inventory Manager,63.375
295,Inventory Manager,75.0
299,Inventory Manager,60.125
302,Inventory Manager,54.0625
304,Inventory Manager,28.0
312,Inventory Manager,69.375
315,Inventory Manager,64.125
317,Inventory Manager,67.0625
31,Inventory Manager,64.9375
323,Inventory Manager,67.1875
324,Inventory Manager,61.6875
332,Inventory Manager,68.4375
339,Inventory Manager,51.5
341,Inventory Manager,53.5625
346,Inventory Manager,66.8125
350,Inventory Manager,53.6875
360,Inventory Manager,72.75
363,Inventory Manager,65.375
370,Inventory Manager,53.1875
376,Inventory Manager,75.5625
398,Inventory Manager,70.9375
409,Inventory Manager,57.875
410,Inventory Manager,64.25
416,Inventory Manager,77.4375
42,Inventory Manager,62.125
441,Inventory Manager,0.625
44,Inventory Manager,60.5
454,Inventory Manager,63.875
455,Inventory Manager,52.1875
461,Inventory Manager,55.375
462,Inventory Manager,58.5
464,Inventory Manager,63.5
471,Inventory Manager,61.5
475,Inventory Manager,60.4375
484,Inventory Manager,67.1875
491,Inventory Manager,63.875
506,Inventory Manager,66.5
517,Inventory Manager,39.375
518,Inventory Manager,60.375
51,Inventory Manager,71.25
529,Inventory Manager,55.625
537,Inventory Manager,67.6875
540,Inventory Manager,66.5625
542,Inventory Manager,52.6875
547,Inventory Manager,70.0625
549,Inventory Manager,57.125
553,Inventory Manager,65.375
554,Inventory Manager,56.3125
55,Inventory Manager,60.125
580,Inventory Manager,64.9375
585,Inventory Manager,71.5625
599,Inventory Manager,42.8125
600,Inventory Manager,57.875
609,Inventory Manager,51.75
613,Inventory Manager,35.125
616,Inventory Manager,54.5625
621,Inventory Manager,60.0
625,Inventory Manager,60.5
634,Inventory Manager,66.0625
641,Inventory Manager,64.625
646,Inventory Manager,48.875
650,Inventory Manager,66.625
658,Inventory Manager,61.5
66,Inventory Manager,62.9375
671,Inventory Manager,63.25
679,Inventory Manager,52.4375
693,Inventory Manager,64.625
706,Inventory Manager,66.3125
711,Inventory Manager,54.6875
718,Inventory Manager,51.6875
738,Inventory Manager,62.9375
753,Inventory Manager,54.125
755,Inventory Manager,52.625
75,Inventory Manager,56.1875
762,Inventory Manager,52.4375
766,Inventory Manager,72.4375
77,Inventory Manager,61.5
783,Inventory Manager,61.0625
789,Inventory Manager,57.3125
810,Inventory Manager,64.375
814,Inventory Manager,63.75
817,Inventory Manager,47.5
822,Inventory Manager,65.5625
824,Inventory Manager,73.0
832,Inventory Manager,54.875
83,Inventory Manager,64.75
846,Inventory Manager,56.875
853,Inventory Manager,58.625
855,Inventory Manager,54.75
875,Inventory Manager,14.4375
880,Inventory Manager,61.6875
892,Inventory Manager,71.625
8,Inventory Manager,54.875
89,Inventory Manager,59.1875
899,Inventory Manager,52.4375
908,Inventory Manager,49.0
921,Inventory Manager,68.1875
923,Inventory Manager,59.375
932,Inventory Manager,58.625
946,Inventory Manager,61.6875
957,Inventory Manager,64.6875
960,Inventory Manager,58.625
969,Inventory Manager,72.5625
978,Inventory Manager,66.6875
981,Inventory Manager,69.5625
983,Inventory Manager,62.1875
985,Inventory Manager,66.0625
987,Inventory Manager,50.1875
98,Inventory Manager,59.9375
990,Inventory Manager,65.375
1002,Inventory Manager,51.705882352941174
100,Inventory Manager,50.11764705882353
116,Inventory Manager,70.70588235294117
136,Inventory Manager,46.88235294117647
137,Inventory Manager,64.76470588235294
147,Inventory Manager,65.11764705882354
149,Inventory Manager,58.11764705882353
154,Inventory Manager,59.88235294117647
16,Inventory Manager,51.588235294117645
179,Inventory Manager,55.0
180,Inventory Manager,62.705882352941174
188,Inventory Manager,52.88235294117647
189,Inventory Manager,62.705882352941174
200,Inventory Manager,60.875
201,Inventory Manager,63.294117647058826
204,Inventory Manager,52.94117647058823
208,Inventory Manager,56.5
211,Inventory Manager,62.5625
224,Inventory Manager,71.3125
232,Inventory Manager,61.1764705882353
233,Inventory Manager,57.11764705882353
253,Inventory Manager,52.0
255,Inventory Manager,38.5625
25,Inventory Manager,51.64705882352941
259,Inventory Manager,49.588235294117645
264,Inventory Manager,57.375
267,Inventory Manager,56.375
26,Inventory Manager,62.94117647058823
274,Inventory Manager,56.88235294117647
296,Inventory Manager,57.411764705882355
2,Inventory Manager,58.76470588235294
307,Inventory Manager,53.11764705882353
308,Inventory Manager,53.76470588235294
313,Inventory Manager,62.8
334,Inventory Manager,72.17647058823529
33,Inventory Manager,54.470588235294116
354,Inventory Manager,55.75
379,Inventory Manager,42.05882352941177
386,Inventory Manager,61.4375
38,Inventory Manager,59.529411764705884
395,Inventory Manager,48.23529411764706
3,Inventory Manager,52.1764705882353
401,Inventory Manager,51.3125
403,Inventory Manager,61.1764705882353
407,Inventory Manager,68.23529411764706
421,Inventory Manager,58.1875
423,Inventory Manager,59.5
425,Inventory Manager,62.35294117647059
442,Inventory Manager,47.23529411764706
447,Inventory Manager,60.1764705882353
449,Inventory Manager,63.0
450,Inventory Manager,54.1764705882353
453,Inventory Manager,46.588235294117645
458,Inventory Manager,63.9375
47,Inventory Manager,60.3125
490,Inventory Manager,55.0625
49,Inventory Manager,61.1764705882353
525,Inventory Manager,61.0
530,Inventory Manager,65.05882352941177
538,Inventory Manager,55.294117647058826
543,Inventory Manager,52.35294117647059
565,Inventory Manager,47.294117647058826
567,Inventory Manager,61.76470588235294
582,Inventory Manager,63.88235294117647
589,Inventory Manager,57.1764705882353
597,Inventory Manager,64.75
602,Inventory Manager,63.4375
603,Inventory Manager,65.94117647058823
620,Inventory Manager,55.1764705882353
622,Inventory Manager,61.294117647058826
624,Inventory Manager,69.9375
636,Inventory Manager,47.125
637,Inventory Manager,33.8125
639,Inventory Manager,62.588235294117645
640,Inventory Manager,57.470588235294116
643,Inventory Manager,55.64705882352941
656,Inventory Manager,63.11764705882353
661,Inventory Manager,63.64705882352941
665,Inventory Manager,60.23529411764706
666,Inventory Manager,41.294117647058826
691,Inventory Manager,61.5625
6,Inventory Manager,54.529411764705884
69,Inventory Manager,70.82352941176471
705,Inventory Manager,58.23529411764706
708,Inventory Manager,59.11764705882353
712,Inventory Manager,64.6470588235294
716,Inventory Manager,61.625
719,Inventory Manager,58.705882352941174
722,Inventory Manager,67.05882352941177
726,Inventory Manager,57.0
727,Inventory Manager,50.1875
729,Inventory Manager,46.1764705882353
736,Inventory Manager,65.88235294117646
747,Inventory Manager,47.0
749,Inventory Manager,55.35294117647059
750,Inventory Manager,63.9375
773,Inventory Manager,61.375
790,Inventory Manager,57.0
79,Inventory Manager,60.411764705882355
799,Inventory Manager,57.88235294117647
807,Inventory Manager,61.64705882352941
808,Inventory Manager,52.470588235294116
819,Inventory Manager,57.5
820,Inventory Manager,63.529411764705884
823,Inventory Manager,61.411764705882355
825,Inventory Manager,62.76470588235294
828,Inventory Manager,59.94117647058823
831,Inventory Manager,63.11764705882353
833,Inventory Manager,50.64705882352941
835,Inventory Manager,58.0
836,Inventory Manager,63.8125
840,Inventory Manager,54.88235294117647
845,Inventory Manager,58.35294117647059
852,Inventory Manager,60.6875
854,Inventory Manager,65.76470588235294
859,Inventory Manager,52.11764705882353
862,Inventory Manager,56.64705882352941
869,Inventory Manager,57.125
876,Inventory Manager,58.294117647058826
885,Inventory Manager,58.88235294117647
886,Inventory Manager,59.625
894,Inventory Manager,45.588235294117645
897,Inventory Manager,54.705882352941174
902,Inventory Manager,50.9375
911,Inventory Manager,58.94117647058823
926,Inventory Manager,60.88235294117647
92,Inventory Manager,60.375
942,Inventory Manager,67.11764705882354
951,Inventory Manager,61.88235294117647
958,Inventory Manager,65.29411764705883
959,Inventory Manager,62.88235294117647
961,Inventory Manager,52.0
962,Inventory Manager,65.88235294117646
966,Inventory Manager,60.11764705882353
973,Inventory Manager,59.11764705882353
988,Inventory Manager,63.8235294117647
997,Inventory Manager,66.82352941176471
102,Inventory Manager,67.05555555555556
110,Inventory Manager,70.27777777777777
120,Inventory Manager,32.44444444444444
129,Inventory Manager,67.88888888888889
140,Inventory Manager,64.05555555555556
143,Inventory Manager,59.666666666666664
152,Inventory Manager,67.94444444444444
153,Inventory Manager,63.5
175,Inventory Manager,66.16666666666667
182,Inventory Manager,63.333333333333336
186,Inventory Manager,62.44444444444444
191,Inventory Manager,63.111111111111114
192,Inventory Manager,64.55555555555556
1,Inventory Manager,64.83333333333333
203,Inventory Manager,40.44444444444444
207,Inventory Manager,53.72222222222222
214,Inventory Manager,57.44444444444444
218,Inventory Manager,67.38888888888889
238,Inventory Manager,71.33333333333333
23,Inventory Manager,50.333333333333336
239,Inventory Manager,61.27777777777778
241,Inventory Manager,69.94444444444444
247,Inventory Manager,64.66666666666667
249,Inventory Manager,67.11111111111111
250,Inventory Manager,52.0
265,Inventory Manager,59.72222222222222
275,Inventory Manager,56.55555555555556
286,Inventory Manager,51.27777777777778
289,Inventory Manager,66.27777777777777
291,Inventory Manager,71.22222222222223
293,Inventory Manager,55.27777777777778
301,Inventory Manager,59.94444444444444
303,Inventory Manager,62.611111111111114
309,Inventory Manager,59.0
310,Inventory Manager,62.76470588235294
320,Inventory Manager,51.77777777777778
331,Inventory Manager,58.166666666666664
338,Inventory Manager,53.166666666666664
355,Inventory Manager,72.94444444444444
357,Inventory Manager,63.5
359,Inventory Manager,64.88888888888889
37,Inventory Manager,58.888888888888886
381,Inventory Manager,53.705882352941174
382,Inventory Manager,62.27777777777778
388,Inventory Manager,49.05555555555556
391,Inventory Manager,57.27777777777778
393,Inventory Manager,73.0
394,Inventory Manager,66.5
400,Inventory Manager,58.5
404,Inventory Manager,70.17647058823529
40,Inventory Manager,45.888888888888886
414,Inventory Manager,59.333333333333336
41,Inventory Manager,68.88888888888889
419,Inventory Manager,64.72222222222223
437,Inventory Manager,70.83333333333333
43,Inventory Manager,49.72222222222222
446,Inventory Manager,58.111111111111114
456,Inventory Manager,66.5
457,Inventory Manager,62.22222222222222
460,Inventory Manager,55.22222222222222
470,Inventory Manager,61.166666666666664
474,Inventory Manager,59.27777777777778
479,Inventory Manager,74.17647058823529
482,Inventory Manager,62.55555555555556
498,Inventory Manager,54.611111111111114
513,Inventory Manager,63.388888888888886
514,Inventory Manager,46.72222222222222
516,Inventory Manager,55.77777777777778
520,Inventory Manager,56.77777777777778
523,Inventory Manager,61.388888888888886
528,Inventory Manager,61.77777777777778
536,Inventory Manager,65.66666666666667
550,Inventory Manager,43.94444444444444
555,Inventory Manager,55.44444444444444
563,Inventory Manager,74.27777777777777
570,Inventory Manager,62.611111111111114
572,Inventory Manager,62.94444444444444
573,Inventory Manager,63.72222222222222
57,Inventory Manager,65.5
591,Inventory Manager,73.16666666666667
595,Inventory Manager,56.5
596,Inventory Manager,56.333333333333336
5,Inventory Manager,47.77777777777778
601,Inventory Manager,64.94444444444444
614,Inventory Manager,47.27777777777778
62,Inventory Manager,63.666666666666664
647,Inventory Manager,69.5
64,Inventory Manager,61.55555555555556
669,Inventory Manager,64.44444444444444
670,Inventory Manager,60.333333333333336
680,Inventory Manager,55.888888888888886
681,Inventory Manager,69.11111111111111
685,Inventory Manager,58.888888888888886
690,Inventory Manager,71.5
713,Inventory Manager,68.38888888888889
725,Inventory Manager,60.27777777777778
739,Inventory Manager,64.77777777777777
742,Inventory Manager,63.166666666666664
751,Inventory Manager,46.388888888888886
752,Inventory Manager,73.94444444444444
756,Inventory Manager,52.88235294117647
765,Inventory Manager,50.888888888888886
769,Inventory Manager,69.22222222222223
772,Inventory Manager,70.77777777777777
780,Inventory Manager,55.05555555555556
796,Inventory Manager,71.66666666666667
818,Inventory Manager,61.833333333333336
826,Inventory Manager,67.38888888888889
837,Inventory Manager,68.44444444444444
838,Inventory Manager,63.27777777777778
842,Inventory Manager,68.22222222222223
847,Inventory Manager,61.55555555555556
84,Inventory Manager,58.111111111111114
849,Inventory Manager,63.0
856,Inventory Manager,68.0
858,Inventory Manager,51.27777777777778
877,Inventory Manager,66.94444444444444
878,Inventory Manager,71.05555555555556
882,Inventory Manager,59.833333333333336
891,Inventory Manager,51.22222222222222
896,Inventory Manager,55.833333333333336
900,Inventory Manager,64.5
901,Inventory Manager,69.76470588235294
904,Inventory Manager,64.27777777777777
905,Inventory Manager,57.333333333333336
909,Inventory Manager,69.61111111111111
927,Inventory Manager,61.22222222222222
943,Inventory Manager,54.388888888888886
945,Inventory Manager,64.83333333333333
948,Inventory Manager,60.22222222222222
94,Inventory Manager,51.111111111111114
953,Inventory Manager,62.05555555555556
955,Inventory Manager,55.5
956,Inventory Manager,62.05555555555556
974,Inventory Manager,61.611111111111114
976,Inventory Manager,56.111111111111114
984,Inventory Manager,65.5
104,Inventory Manager,42.642857142857146
112,Inventory Manager,31.642857142857142
118,Inventory Manager,60.5
119,Inventory Manager,25.642857142857142
123,Inventory Manager,47.642857142857146
12,Inventory Manager,69.42857142857143
131,Inventory Manager,71.14285714285714
157,Inventory Manager,61.69230769230769
164,Inventory Manager,55.92857142857143
165,Inventory Manager,41.785714285714285
178,Inventory Manager,59.285714285714285
184,Inventory Manager,50.857142857142854
199,Inventory Manager,42.714285714285715
209,Inventory Manager,53.23076923076923
210,Inventory Manager,46.42857142857143
215,Inventory Manager,42.07142857142857
220,Inventory Manager,50.0
222,Inventory Manager,76.42857142857143
229,Inventory Manager,63.214285714285715
235,Inventory Manager,58.642857142857146
243,Inventory Manager,39.714285714285715
244,Inventory Manager,56.5
252,Inventory Manager,77.57142857142857
254,Inventory Manager,41.785714285714285
266,Inventory Manager,32.785714285714285
272,Inventory Manager,51.785714285714285
278,Inventory Manager,45.642857142857146
279,Inventory Manager,65.14285714285714
283,Inventory Manager,28.357142857142858
292,Inventory Manager,65.21428571428571
314,Inventory Manager,58.214285714285715
325,Inventory Manager,71.28571428571429
327,Inventory Manager,49.357142857142854
329,Inventory Manager,53.142857142857146
333,Inventory Manager,55.07142857142857
34,Inventory Manager,52.5
349,Inventory Manager,48.92857142857143
372,Inventory Manager,47.07142857142857
373,Inventory Manager,50.07142857142857
387,Inventory Manager,51.57142857142857
399,Inventory Manager,46.285714285714285
406,Inventory Manager,66.42857142857143
413,Inventory Manager,38.714285714285715
415,Inventory Manager,60.5
422,Inventory Manager,70.71428571428571
434,Inventory Manager,50.642857142857146
436,Inventory Manager,68.92857142857143
451,Inventory Manager,38.07142857142857
459,Inventory Manager,33.07142857142857
463,Inventory Manager,70.71428571428571
473,Inventory Manager,66.28571428571429
487,Inventory Manager,47.857142857142854
494,Inventory Manager,70.85714285714286
495,Inventory Manager,47.46153846153846
496,Inventory Manager,31.642857142857142
4,Inventory Manager,61.5
500,Inventory Manager,65.92857142857143
509,Inventory Manager,54.142857142857146
510,Inventory Manager,32.92857142857143
511,Inventory Manager,72.71428571428571
515,Inventory Manager,79.71428571428571
544,Inventory Manager,34.0
545,Inventory Manager,38.857142857142854
558,Inventory Manager,40.42857142857143
571,Inventory Manager,66.0
576,Inventory Manager,51.357142857142854
578,Inventory Manager,63.714285714285715
584,Inventory Manager,41.714285714285715
586,Inventory Manager,41.785714285714285
587,Inventory Manager,68.28571428571429
592,Inventory Manager,70.28571428571429
598,Inventory Manager,42.642857142857146
604,Inventory Manager,61.42857142857143
608,Inventory Manager,75.85714285714286
610,Inventory Manager,51.142857142857146
612,Inventory Manager,25.214285714285715
623,Inventory Manager,40.714285714285715
63,Inventory Manager,67.5
648,Inventory Manager,55.0
652,Inventory Manager,57.07142857142857
653,Inventory Manager,33.214285714285715
655,Inventory Manager,61.214285714285715
657,Inventory Manager,53.57142857142857
675,Inventory Manager,68.85714285714286
678,Inventory Manager,76.92857142857143
683,Inventory Manager,58.0
701,Inventory Manager,58.785714285714285
707,Inventory Manager,61.07142857142857
710,Inventory Manager,66.0
71,Inventory Manager,50.5
728,Inventory Manager,71.07142857142857
732,Inventory Manager,38.5
73,Inventory Manager,57.214285714285715
745,Inventory Manager,70.57142857142857
757,Inventory Manager,62.214285714285715
758,Inventory Manager,70.64285714285714
76,Inventory Manager,62.785714285714285
770,Inventory Manager,45.642857142857146
771,Inventory Manager,43.214285714285715
774,Inventory Manager,30.714285714285715
779,Inventory Manager,74.92857142857143
781,Inventory Manager,71.57142857142857
782,Inventory Manager,53.5
791,Inventory Manager,61.142857142857146
797,Inventory Manager,42.714285714285715
802,Inventory Manager,57.642857142857146
804,Inventory Manager,59.357142857142854
805,Inventory Manager,69.78571428571429
809,Inventory Manager,55.42857142857143
812,Inventory Manager,56.57142857142857
81,Inventory Manager,39.0
829,Inventory Manager,73.21428571428571
830,Inventory Manager,63.785714285714285
841,Inventory Manager,49.285714285714285
848,Inventory Manager,68.0
860,Inventory Manager,56.5
863,Inventory Manager,31.785714285714285
865,Inventory Manager,45.857142857142854
867,Inventory Manager,43.714285714285715
868,Inventory Manager,37.714285714285715
879,Inventory Manager,67.42857142857143
895,Inventory Manager,39.714285714285715
903,Inventory Manager,72.07142857142857
907,Inventory Manager,42.142857142857146
90,Inventory Manager,43.57142857142857
912,Inventory Manager,39.285714285714285
913,Inventory Manager,55.57142857142857
916,Inventory Manager,76.14285714285714
930,Inventory Manager,66.85714285714286
933,Inventory Manager,54.5
935,Inventory Manager,66.85714285714286
963,Inventory Manager,52.57142857142857
995,Inventory Manager,38.42857142857143
998,Inventory Manager,50.357142857142854
99,Inventory Manager,45.625
999,Inventory Manager,52.0
101,Inventory Manager,29.166666666666668
107,Inventory Manager,48.142857142857146
108,Inventory Manager,47.42857142857143
124,Inventory Manager,54.875
132,Inventory Manager,50.0
148,Inventory Manager,49.0
150,Inventory Manager,52.142857142857146
155,Inventory Manager,54.625
158,Inventory Manager,50.285714285714285
159,Inventory Manager,56.42857142857143
162,Inventory Manager,49.285714285714285
167,Inventory Manager,50.625
169,Inventory Manager,43.285714285714285
174,Inventory Manager,43.0
176,Inventory Manager,50.0
183,Inventory Manager,45.666666666666664
185,Inventory Manager,58.25
187,Inventory Manager,42.875
190,Inventory Manager,50.714285714285715
197,Inventory Manager,37.833333333333336
205,Inventory Manager,64.875
206,Inventory Manager,36.714285714285715
228,Inventory Manager,39.857142857142854
237,Inventory Manager,53.125
240,Inventory Manager,57.714285714285715
270,Inventory Manager,51.714285714285715
273,Inventory Manager,57.714285714285715
281,Inventory Manager,45.42857142857143
294,Inventory Manager,47.75
298,Inventory Manager,37.333333333333336
300,Inventory Manager,50.857142857142854
305,Inventory Manager,29.0
311,Inventory Manager,35.42857142857143
322,Inventory Manager,60.625
336,Inventory Manager,52.0
344,Inventory Manager,51.857142857142854
347,Inventory Manager,51.0
348,Inventory Manager,62.25
364,Inventory Manager,42.0
369,Inventory Manager,64.125
374,Inventory Manager,60.857142857142854
378,Inventory Manager,47.875
385,Inventory Manager,46.125
39,Inventory Manager,62.375
408,Inventory Manager,40.285714285714285
412,Inventory Manager,44.57142857142857
427,Inventory Manager,45.57142857142857
433,Inventory Manager,49.0
438,Inventory Manager,43.0
440,Inventory Manager,44.75
445,Inventory Manager,55.57142857142857
45,Inventory Manager,42.142857142857146
465,Inventory Manager,40.285714285714285
466,Inventory Manager,45.5
467,Inventory Manager,56.857142857142854
477,Inventory Manager,39.0
480,Inventory Manager,52.25
485,Inventory Manager,46.75
48,Inventory Manager,54.42857142857143
493,Inventory Manager,25.833333333333332
497,Inventory Manager,34.833333333333336
501,Inventory Manager,56.75
502,Inventory Manager,42.0
50,Inventory Manager,48.142857142857146
512,Inventory Manager,52.25
526,Inventory Manager,49.142857142857146
527,Inventory Manager,40.25
535,Inventory Manager,50.875
53,Inventory Manager,28.166666666666668
548,Inventory Manager,45.625
556,Inventory Manager,44.42857142857143
559,Inventory Manager,49.375
561,Inventory Manager,44.333333333333336
562,Inventory Manager,52.142857142857146
568,Inventory Manager,54.285714285714285
579,Inventory Manager,57.5
581,Inventory Manager,50.142857142857146
590,Inventory Manager,52.375
594,Inventory Manager,53.625
606,Inventory Manager,45.285714285714285
607,Inventory Manager,41.625
651,Inventory Manager,56.625
654,Inventory Manager,58.125
65,Inventory Manager,34.857142857142854
673,Inventory Manager,44.166666666666664
677,Inventory Manager,40.0
682,Inventory Manager,35.142857142857146
687,Inventory Manager,62.42857142857143
694,Inventory Manager,53.285714285714285
70,Inventory Manager,48.142857142857146
715,Inventory Manager,41.142857142857146
733,Inventory Manager,54.25
737,Inventory Manager,41.42857142857143
741,Inventory Manager,53.25
744,Inventory Manager,61.666666666666664
754,Inventory Manager,33.333333333333336
761,Inventory Manager,47.857142857142854
763,Inventory Manager,24.333333333333332
764,Inventory Manager,42.285714285714285
776,Inventory Manager,30.333333333333332
777,Inventory Manager,31.0
778,Inventory Manager,45.75
786,Inventory Manager,43.0
78,Inventory Manager,30.166666666666668
792,Inventory Manager,46.142857142857146
803,Inventory Manager,39.285714285714285
827,Inventory Manager,61.375
82,Inventory Manager,52.625
839,Inventory Manager,32.857142857142854
850,Inventory Manager,62.375
851,Inventory Manager,34.714285714285715
864,Inventory Manager,45.142857142857146
873,Inventory Manager,45.42857142857143
888,Inventory Manager,48.857142857142854
890,Inventory Manager,45.714285714285715
915,Inventory Manager,50.142857142857146
924,Inventory Manager,41.333333333333336
929,Inventory Manager,46.666666666666664
934,Inventory Manager,47.285714285714285
936,Inventory Manager,62.25
938,Inventory Manager,55.714285714285715
93,Inventory Manager,51.333333333333336
939,Inventory Manager,58.5
949,Inventory Manager,50.333333333333336
952,Inventory Manager,34.285714285714285
954,Inventory Manager,58.5
964,Inventory Manager,58.375
968,Inventory Manager,52.75
96,Inventory Manager,46.142857142857146
971,Inventory Manager,51.0
972,Inventory Manager,52.857142857142854
979,Inventory Manager,46.25
986,Inventory Manager,46.857142857142854
994,Inventory Manager,33.0
0,Retail Sales Associate,45.833333333333336
1001,Retail Sales Associate,60.388888888888886
105,Retail Sales Associate,78.76470588235294
106,Retail Sales Associate,69.72222222222223
10,Retail Sales Associate,65.94444444444444
111,Retail Sales Associate,75.66666666666667
114,Retail Sales Associate,66.66666666666667
117,Retail Sales Associate,57.0
121,Retail Sales Associate,55.833333333333336
127,Retail Sales Associate,76.11111111111111
13,Retail Sales Associate,72.77777777777777
15,Retail Sales Associate,43.0
160,Retail Sales Associate,71.5
166,Retail Sales Associate,43.44444444444444
172,Retail Sales Associate,59.166666666666664
17,Retail Sales Associate,71.66666666666667
181,Retail Sales Associate,54.27777777777778
18,Retail Sales Associate,73.83333333333333
195,Retail Sales Associate,48.55555555555556
196,Retail Sales Associate,46.72222222222222
19,Retail Sales Associate,73.55555555555556
216,Retail Sales Associate,79.16666666666667
21,Retail Sales Associate,65.27777777777777
219,Retail Sales Associate,53.666666666666664
221,Retail Sales Associate,62.833333333333336
223,Retail Sales Associate,73.05555555555556
226,Retail Sales Associate,58.44444444444444
236,Retail Sales Associate,68.94444444444444
248,Retail Sales Associate,77.23529411764706
257,Retail Sales Associate,67.61111111111111
258,Retail Sales Associate,69.11111111111111
269,Retail Sales Associate,68.6470588235294
271,Retail Sales Associate,38.5
280,Retail Sales Associate,73.33333333333333
29,Retail Sales Associate,67.38888888888889
337,Retail Sales Associate,55.111111111111114
340,Retail Sales Associate,46.27777777777778
351,Retail Sales Associate,42.666666666666664
353,Retail Sales Associate,77.0
35,Retail Sales Associate,56.0
365,Retail Sales Associate,59.166666666666664
366,Retail Sales Associate,76.77777777777777
367,Retail Sales Associate,73.61111111111111
371,Retail Sales Associate,71.66666666666667
380,Retail Sales Associate,47.77777777777778
383,Retail Sales Associate,68.16666666666667
384,Retail Sales Associate,52.22222222222222
411,Retail Sales Associate,69.05555555555556
420,Retail Sales Associate,62.44444444444444
426,Retail Sales Associate,41.0
432,Retail Sales Associate,72.5
435,Retail Sales Associate,50.888888888888886
443,Retail Sales Associate,76.05555555555556
444,Retail Sales Associate,75.66666666666667
476,Retail Sales Associate,69.88888888888889
478,Retail Sales Associate,75.70588235294117
481,Retail Sales Associate,41.611111111111114
483,Retail Sales Associate,66.58823529411765
486,Retail Sales Associate,73.72222222222223
489,Retail Sales Associate,64.0
499,Retail Sales Associate,46.529411764705884
503,Retail Sales Associate,65.83333333333333
504,Retail Sales Associate,72.94444444444444
507,Retail Sales Associate,65.5
521,Retail Sales Associate,53.94444444444444
532,Retail Sales Associate,77.44444444444444
533,Retail Sales Associate,76.77777777777777
539,Retail Sales Associate,71.94444444444444
557,Retail Sales Associate,61.0
560,Retail Sales Associate,77.05555555555556
564,Retail Sales Associate,75.61111111111111
569,Retail Sales Associate,75.33333333333333
574,Retail Sales Associate,78.0
583,Retail Sales Associate,59.05555555555556
588,Retail Sales Associate,73.16666666666667
593,Retail Sales Associate,51.166666666666664
605,Retail Sales Associate,54.388888888888886
626,Retail Sales Associate,53.05555555555556
629,Retail Sales Associate,70.88888888888889
632,Retail Sales Associate,49.22222222222222
635,Retail Sales Associate,57.333333333333336
642,Retail Sales Associate,46.5
644,Retail Sales Associate,69.94444444444444
645,Retail Sales Associate,50.23529411764706
660,Retail Sales Associate,66.5
662,Retail Sales Associate,53.333333333333336
663,Retail Sales Associate,69.72222222222223
664,Retail Sales Associate,61.111111111111114
676,Retail Sales Associate,62.333333333333336
67,Retail Sales Associate,68.22222222222223
688,Retail Sales Associate,51.44444444444444
696,Retail Sales Associate,75.22222222222223
697,Retail Sales Associate,63.888888888888886
698,Retail Sales Associate,76.88888888888889
700,Retail Sales Associate,65.88888888888889
703,Retail Sales Associate,63.888888888888886
714,Retail Sales Associate,70.66666666666667
730,Retail Sales Associate,69.6470588235294
735,Retail Sales Associate,61.0
740,Retail Sales Associate,77.66666666666667
748,Retail Sales Associate,36.77777777777778
74,Retail Sales Associate,52.5
767,Retail Sales Associate,65.16666666666667
775,Retail Sales Associate,76.47058823529412
784,Retail Sales Associate,77.05882352941177
787,Retail Sales Associate,62.44444444444444
795,Retail Sales Associate,73.72222222222223
800,Retail Sales Associate,70.16666666666667
801,Retail Sales Associate,51.0
806,Retail Sales Associate,66.77777777777777
811,Retail Sales Associate,57.611111111111114
813,Retail Sales Associate,54.388888888888886
815,Retail Sales Associate,73.61111111111111
85,Retail Sales Associate,55.666666666666664
861,Retail Sales Associate,57.77777777777778
866,Retail Sales Associate,67.27777777777777
86,Retail Sales Associate,63.27777777777778
871,Retail Sales Associate,44.111111111111114
874,Retail Sales Associate,50.05555555555556
87,Retail Sales Associate,51.388888888888886
883,Retail Sales Associate,43.72222222222222
884,Retail Sales Associate,78.17647058823529
898,Retail Sales Associate,45.0
910,Retail Sales Associate,63.27777777777778
914,Retail Sales Associate,65.94117647058823
91,Retail Sales Associate,63.833333333333336
920,Retail Sales Associate,71.55555555555556
925,Retail Sales Associate,77.88888888888889
931,Retail Sales Associate,63.27777777777778
937,Retail Sales Associate,66.55555555555556
944,Retail Sales Associate,49.72222222222222
965,Retail Sales Associate,56.833333333333336
975,Retail Sales Associate,61.166666666666664
977,Retail Sales Associate,67.88888888888889
980,Retail Sales Associate,60.77777777777778
982,Retail Sales Associate,71.94444444444444
991,Retail Sales Associate,72.47058823529412
9,Retail Sales Associate,38.705882352941174
103,Retail Sales Associate,52.8235294117647
115,Retail Sales Associate,48.0
122,Retail Sales Associate,37.1764705882353
133,Retail Sales Associate,36.35294117647059
134,Retail Sales Associate,54.1764705882353
139,Retail Sales Associate,45.470588235294116
141,Retail Sales Associate,78.29411764705883
142,Retail Sales Associate,74.05882352941177
145,Retail Sales Associate,45.88235294117647
14,Retail Sales Associate,36.88235294117647
161,Retail Sales Associate,46.64705882352941
194,Retail Sales Associate,56.76470588235294
198,Retail Sales Associate,80.94117647058823
202,Retail Sales Associate,45.88235294117647
212,Retail Sales Associate,81.70588235294117
227,Retail Sales Associate,79.94117647058823
22,Retail Sales Associate,51.64705882352941
246,Retail Sales Associate,82.82352941176471
24,Retail Sales Associate,78.76470588235294
276,Retail Sales Associate,63.705882352941174
277,Retail Sales Associate,50.88235294117647
27,Retail Sales Associate,54.8235294117647
282,Retail Sales Associate,34.35294117647059
287,Retail Sales Associate,62.1764705882353
288,Retail Sales Associate,77.88235294117646
28,Retail Sales Associate,50.76470588235294
295,Retail Sales Associate,71.58823529411765
299,Retail Sales Associate,45.88235294117647
302,Retail Sales Associate,85.47058823529412
304,Retail Sales Associate,54.94117647058823
312,Retail Sales Associate,62.294117647058826
315,Retail Sales Associate,83.47058823529412
317,Retail Sales Associate,66.05882352941177
31,Retail Sales Associate,87.0
323,Retail Sales Associate,75.41176470588235
324,Retail Sales Associate,82.0
332,Retail Sales Associate,62.76470588235294
339,Retail Sales Associate,42.94117647058823
341,Retail Sales Associate,39.705882352941174
346,Retail Sales Associate,66.88235294117646
350,Retail Sales Associate,50.76470588235294
360,Retail Sales Associate,53.64705882352941
363,Retail Sales Associate,61.529411764705884
370,Retail Sales Associate,72.6470588235294
376,Retail Sales Associate,58.11764705882353
398,Retail Sales Associate,77.3529411764706
409,Retail Sales Associate,74.23529411764706
410,Retail Sales Associate,51.411764705882355
416,Retail Sales Associate,56.588235294117645
42,Retail Sales Associate,83.41176470588235
441,Retail Sales Associate,4.705882352941177
44,Retail Sales Associate,56.0
454,Retail Sales Associate,78.94117647058823
455,Retail Sales Associate,67.52941176470588
461,Retail Sales Associate,80.94117647058823
462,Retail Sales Associate,57.11764705882353
464,Retail Sales Associate,44.470588235294116
471,Retail Sales Associate,58.470588235294116
475,Retail Sales Associate,54.64705882352941
484,Retail Sales Associate,39.588235294117645
491,Retail Sales Associate,49.705882352941174
506,Retail Sales Associate,70.23529411764706
517,Retail Sales Associate,38.94117647058823
518,Retail Sales Associate,74.29411764705883
51,Retail Sales Associate,35.470588235294116
529,Retail Sales Associate,69.23529411764706
537,Retail Sales Associate,82.0
540,Retail Sales Associate,52.23529411764706
542,Retail Sales Associate,71.47058823529412
547,Retail Sales Associate,35.35294117647059
549,Retail Sales Associate,58.11764705882353
553,Retail Sales Associate,63.23529411764706
554,Retail Sales Associate,69.3529411764706
55,Retail Sales Associate,83.0
580,Retail Sales Associate,40.76470588235294
585,Retail Sales Associate,54.705882352941174
599,Retail Sales Associate,59.94117647058823
600,Retail Sales Associate,59.8235294117647
609,Retail Sales Associate,59.470588235294116
613,Retail Sales Associate,61.88235294117647
616,Retail Sales Associate,59.294117647058826
621,Retail Sales Associate,60.11764705882353
625,Retail Sales Associate,53.64705882352941
634,Retail Sales Associate,60.529411764705884
641,Retail Sales Associate,61.588235294117645
646,Retail Sales Associate,44.705882352941174
650,Retail Sales Associate,81.3529411764706
658,Retail Sales Associate,67.94117647058823
66,Retail Sales Associate,54.8235294117647
671,Retail Sales Associate,46.23529411764706
679,Retail Sales Associate,63.588235294117645
693,Retail Sales Associate,84.70588235294117
706,Retail Sales Associate,49.588235294117645
711,Retail Sales Associate,32.94117647058823
718,Retail Sales Associate,57.35294117647059
738,Retail Sales Associate,51.94117647058823
753,Retail Sales Associate,62.294117647058826
755,Retail Sales Associate,50.294117647058826
75,Retail Sales Associate,86.3529411764706
762,Retail Sales Associate,57.88235294117647
766,Retail Sales Associate,67.6470588235294
77,Retail Sales Associate,38.88235294117647
783,Retail Sales Associate,67.58823529411765
789,Retail Sales Associate,73.94117647058823
810,Retail Sales Associate,81.29411764705883
814,Retail Sales Associate,39.705882352941174
817,Retail Sales Associate,33.76470588235294
822,Retail Sales Associate,49.8235294117647
824,Retail Sales Associate,45.11764705882353
832,Retail Sales Associate,55.470588235294116
83,Retail Sales Associate,33.294117647058826
846,Retail Sales Associate,54.76470588235294
853,Retail Sales Associate,80.0
855,Retail Sales Associate,70.17647058823529
875,Retail Sales Associate,27.352941176470587
880,Retail Sales Associate,41.11764705882353
892,Retail Sales Associate,43.76470588235294
8,Retail Sales Associate,65.3529411764706
89,Retail Sales Associate,52.76470588235294
899,Retail Sales Associate,66.94117647058823
908,Retail Sales Associate,61.0
921,Retail Sales Associate,67.47058823529412
923,Retail Sales Associate,49.76470588235294
932,Retail Sales Associate,68.6470588235294
946,Retail Sales Associate,30.176470588235293
957,Retail Sales Associate,59.529411764705884
960,Retail Sales Associate,74.29411764705883
969,Retail Sales Associate,38.35294117647059
978,Retail Sales Associate,48.35294117647059
981,Retail Sales Associate,78.52941176470588
983,Retail Sales Associate,69.52941176470588
985,Retail Sales Associate,53.11764705882353
987,Retail Sales Associate,60.11764705882353
98,Retail Sales Associate,60.470588235294116
990,Retail Sales Associate,83.76470588235294
1002,Retail Sales Associate,70.5
100,Retail Sales Associate,71.66666666666667
116,Retail Sales Associate,61.583333333333336
136,Retail Sales Associate,85.07692307692308
137,Retail Sales Associate,55.166666666666664
147,Retail Sales Associate,58.76923076923077
149,Retail Sales Associate,73.83333333333333
154,Retail Sales Associate,75.16666666666667
16,Retail Sales Associate,59.46153846153846
179,Retail Sales Associate,60.0
180,Retail Sales Associate,80.23076923076923
188,Retail Sales Associate,57.833333333333336
189,Retail Sales Associate,53.833333333333336
200,Retail Sales Associate,61.84615384615385
201,Retail Sales Associate,74.58333333333333
204,Retail Sales Associate,59.23076923076923
208,Retail Sales Associate,73.76923076923077
211,Retail Sales Associate,47.07692307692308
224,Retail Sales Associate,74.16666666666667
232,Retail Sales Associate,52.166666666666664
233,Retail Sales Associate,62.0
253,Retail Sales Associate,57.75
255,Retail Sales Associate,55.92307692307692
25,Retail Sales Associate,73.58333333333333
259,Retail Sales Associate,81.07692307692308
264,Retail Sales Associate,65.6923076923077
267,Retail Sales Associate,67.23076923076923
26,Retail Sales Associate,79.08333333333333
274,Retail Sales Associate,69.15384615384616
296,Retail Sales Associate,82.92307692307692
2,Retail Sales Associate,44.083333333333336
307,Retail Sales Associate,77.0
308,Retail Sales Associate,47.38461538461539
313,Retail Sales Associate,60.75
334,Retail Sales Associate,71.16666666666667
33,Retail Sales Associate,78.58333333333333
354,Retail Sales Associate,59.25
379,Retail Sales Associate,74.41666666666667
386,Retail Sales Associate,67.25
38,Retail Sales Associate,77.0
395,Retail Sales Associate,48.92307692307692
3,Retail Sales Associate,76.41666666666667
401,Retail Sales Associate,54.166666666666664
403,Retail Sales Associate,74.41666666666667
407,Retail Sales Associate,82.41666666666667
421,Retail Sales Associate,59.38461538461539
423,Retail Sales Associate,75.76923076923077
425,Retail Sales Associate,64.66666666666667
442,Retail Sales Associate,51.666666666666664
447,Retail Sales Associate,62.61538461538461
449,Retail Sales Associate,80.66666666666667
450,Retail Sales Associate,66.3076923076923
453,Retail Sales Associate,74.75
458,Retail Sales Associate,53.30769230769231
47,Retail Sales Associate,62.76923076923077
490,Retail Sales Associate,69.46153846153847
49,Retail Sales Associate,72.3076923076923
525,Retail Sales Associate,55.75
530,Retail Sales Associate,64.25
538,Retail Sales Associate,79.6923076923077
543,Retail Sales Associate,48.583333333333336
565,Retail Sales Associate,65.16666666666667
567,Retail Sales Associate,79.46153846153847
582,Retail Sales Associate,63.76923076923077
589,Retail Sales Associate,54.583333333333336
597,Retail Sales Associate,49.333333333333336
602,Retail Sales Associate,71.0
603,Retail Sales Associate,80.83333333333333
620,Retail Sales Associate,80.15384615384616
622,Retail Sales Associate,81.83333333333333
624,Retail Sales Associate,59.76923076923077
636,Retail Sales Associate,78.0
637,Retail Sales Associate,43.666666666666664
639,Retail Sales Associate,81.25
640,Retail Sales Associate,70.38461538461539
643,Retail Sales Associate,81.53846153846153
656,Retail Sales Associate,80.58333333333333
661,Retail Sales Associate,57.46153846153846
665,Retail Sales Associate,77.91666666666667
666,Retail Sales Associate,60.0
691,Retail Sales Associate,53.916666666666664
6,Retail Sales Associate,58.916666666666664
69,Retail Sales Associate,58.0
705,Retail Sales Associate,69.91666666666667
708,Retail Sales Associate,75.15384615384616
712,Retail Sales Associate,75.23076923076923
716,Retail Sales Associate,73.23076923076923
719,Retail Sales Associate,69.5
722,Retail Sales Associate,77.0
726,Retail Sales Associate,54.23076923076923
727,Retail Sales Associate,71.58333333333333
729,Retail Sales Associate,46.416666666666664
736,Retail Sales Associate,65.5
747,Retail Sales Associate,83.16666666666667
749,Retail Sales Associate,63.166666666666664
750,Retail Sales Associate,77.58333333333333
773,Retail Sales Associate,57.666666666666664
790,Retail Sales Associate,66.33333333333333
79,Retail Sales Associate,49.25
799,Retail Sales Associate,73.08333333333333
807,Retail Sales Associate,57.5
808,Retail Sales Associate,52.61538461538461
819,Retail Sales Associate,67.16666666666667
820,Retail Sales Associate,80.15384615384616
823,Retail Sales Associate,43.69230769230769
825,Retail Sales Associate,50.5
828,Retail Sales Associate,79.08333333333333
831,Retail Sales Associate,69.75
833,Retail Sales Associate,46.25
835,Retail Sales Associate,78.58333333333333
836,Retail Sales Associate,62.083333333333336
840,Retail Sales Associate,66.84615384615384
845,Retail Sales Associate,78.0
852,Retail Sales Associate,59.30769230769231
854,Retail Sales Associate,67.46153846153847
859,Retail Sales Associate,78.3076923076923
862,Retail Sales Associate,44.583333333333336
869,Retail Sales Associate,71.91666666666667
876,Retail Sales Associate,53.333333333333336
885,Retail Sales Associate,75.83333333333333
886,Retail Sales Associate,58.416666666666664
894,Retail Sales Associate,47.0
897,Retail Sales Associate,70.38461538461539
902,Retail Sales Associate,60.23076923076923
911,Retail Sales Associate,68.5
926,Retail Sales Associate,58.0
92,Retail Sales Associate,84.84615384615384
942,Retail Sales Associate,62.833333333333336
951,Retail Sales Associate,65.84615384615384
958,Retail Sales Associate,63.38461538461539
959,Retail Sales Associate,81.5
961,Retail Sales Associate,50.0
962,Retail Sales Associate,68.33333333333333
966,Retail Sales Associate,43.333333333333336
973,Retail Sales Associate,75.76923076923077
988,Retail Sales Associate,60.166666666666664
997,Retail Sales Associate,47.583333333333336
102,Retail Sales Associate,73.4
110,Retail Sales Associate,54.0
120,Retail Sales Associate,54.53333333333333
129,Retail Sales Associate,43.0
140,Retail Sales Associate,71.13333333333334
143,Retail Sales Associate,41.93333333333333
152,Retail Sales Associate,57.53333333333333
153,Retail Sales Associate,58.53333333333333
175,Retail Sales Associate,73.73333333333333
182,Retail Sales Associate,52.6
186,Retail Sales Associate,70.13333333333334
191,Retail Sales Associate,49.53333333333333
192,Retail Sales Associate,40.13333333333333
1,Retail Sales Associate,71.33333333333333
203,Retail Sales Associate,71.8
207,Retail Sales Associate,50.8
214,Retail Sales Associate,63.8
218,Retail Sales Associate,74.4
238,Retail Sales Associate,70.8
23,Retail Sales Associate,36.733333333333334
239,Retail Sales Associate,46.93333333333333
241,Retail Sales Associate,58.666666666666664
247,Retail Sales Associate,64.06666666666666
249,Retail Sales Associate,83.13333333333334
250,Retail Sales Associate,60.93333333333333
265,Retail Sales Associate,66.0
275,Retail Sales Associate,52.86666666666667
286,Retail Sales Associate,38.93333333333333
289,Retail Sales Associate,39.2
291,Retail Sales Associate,61.2
293,Retail Sales Associate,59.86666666666667
301,Retail Sales Associate,43.53333333333333
303,Retail Sales Associate,60.266666666666666
309,Retail Sales Associate,42.4
310,Retail Sales Associate,57.266666666666666
320,Retail Sales Associate,31.6
331,Retail Sales Associate,64.86666666666666
338,Retail Sales Associate,60.53333333333333
355,Retail Sales Associate,66.06666666666666
357,Retail Sales Associate,78.8
359,Retail Sales Associate,71.73333333333333
37,Retail Sales Associate,55.2
381,Retail Sales Associate,46.86666666666667
382,Retail Sales Associate,67.53333333333333
388,Retail Sales Associate,60.93333333333333
391,Retail Sales Associate,60.06666666666667
393,Retail Sales Associate,59.733333333333334
394,Retail Sales Associate,61.333333333333336
400,Retail Sales Associate,37.46666666666667
404,Retail Sales Associate,54.733333333333334
40,Retail Sales Associate,58.46666666666667
414,Retail Sales Associate,53.93333333333333
41,Retail Sales Associate,65.06666666666666
419,Retail Sales Associate,58.93333333333333
437,Retail Sales Associate,72.0
43,Retail Sales Associate,54.2
446,Retail Sales Associate,42.666666666666664
456,Retail Sales Associate,75.33333333333333
457,Retail Sales Associate,63.2
460,Retail Sales Associate,39.86666666666667
470,Retail Sales Associate,50.333333333333336
474,Retail Sales Associate,66.13333333333334
479,Retail Sales Associate,53.13333333333333
482,Retail Sales Associate,59.46666666666667
498,Retail Sales Associate,71.06666666666666
513,Retail Sales Associate,58.8
514,Retail Sales Associate,49.733333333333334
516,Retail Sales Associate,53.733333333333334
520,Retail Sales Associate,39.6
523,Retail Sales Associate,47.733333333333334
528,Retail Sales Associate,37.6
536,Retail Sales Associate,47.6
550,Retail Sales Associate,61.4
555,Retail Sales Associate,51.2
563,Retail Sales Associate,60.53333333333333
570,Retail Sales Associate,61.46666666666667
572,Retail Sales Associate,48.8
573,Retail Sales Associate,59.46666666666667
57,Retail Sales Associate,69.6
591,Retail Sales Associate,55.266666666666666
595,Retail Sales Associate,47.2
596,Retail Sales Associate,44.266666666666666
5,Retail Sales Associate,44.733333333333334
601,Retail Sales Associate,54.8
614,Retail Sales Associate,65.46666666666667
62,Retail Sales Associate,62.8
647,Retail Sales Associate,60.46666666666667
64,Retail Sales Associate,39.53333333333333
669,Retail Sales Associate,69.13333333333334
670,Retail Sales Associate,54.666666666666664
680,Retail Sales Associate,43.13333333333333
681,Retail Sales Associate,79.8
685,Retail Sales Associate,49.0
690,Retail Sales Associate,69.2
713,Retail Sales Associate,75.2
725,Retail Sales Associate,51.666666666666664
739,Retail Sales Associate,66.8
742,Retail Sales Associate,52.333333333333336
751,Retail Sales Associate,47.0
752,Retail Sales Associate,49.06666666666667
756,Retail Sales Associate,76.6
765,Retail Sales Associate,37.53333333333333
769,Retail Sales Associate,72.8
772,Retail Sales Associate,51.53333333333333
780,Retail Sales Associate,73.86666666666666
796,Retail Sales Associate,64.33333333333333
818,Retail Sales Associate,58.733333333333334
826,Retail Sales Associate,69.93333333333334
837,Retail Sales Associate,59.13333333333333
838,Retail Sales Associate,54.06666666666667
842,Retail Sales Associate,70.46666666666667
847,Retail Sales Associate,57.53333333333333
84,Retail Sales Associate,65.8
849,Retail Sales Associate,54.46666666666667
856,Retail Sales Associate,73.06666666666666
858,Retail Sales Associate,57.93333333333333
877,Retail Sales Associate,50.0
878,Retail Sales Associate,54.266666666666666
882,Retail Sales Associate,67.53333333333333
891,Retail Sales Associate,47.93333333333333
896,Retail Sales Associate,40.733333333333334
900,Retail Sales Associate,50.6
901,Retail Sales Associate,69.26666666666667
904,Retail Sales Associate,66.86666666666666
905,Retail Sales Associate,55.666666666666664
909,Retail Sales Associate,65.53333333333333
927,Retail Sales Associate,42.0
943,Retail Sales Associate,65.4
945,Retail Sales Associate,66.13333333333334
948,Retail Sales Associate,59.666666666666664
94,Retail Sales Associate,53.6
953,Retail Sales Associate,44.333333333333336
955,Retail Sales Associate,59.13333333333333
956,Retail Sales Associate,41.266666666666666
974,Retail Sales Associate,77.8
976,Retail Sales Associate,50.13333333333333
984,Retail Sales Associate,77.13333333333334
104,Retail Sales Associate,70.42105263157895
112,Retail Sales Associate,63.63157894736842
118,Retail Sales Associate,75.05263157894737
119,Retail Sales Associate,35.526315789473685
123,Retail Sales Associate,48.8421052631579
12,Retail Sales Associate,40.31578947368421
131,Retail Sales Associate,51.578947368421055
157,Retail Sales Associate,52.8421052631579
164,Retail Sales Associate,62.10526315789474
165,Retail Sales Associate,60.73684210526316
178,Retail Sales Associate,66.73684210526316
184,Retail Sales Associate,67.21052631578948
199,Retail Sales Associate,29.36842105263158
209,Retail Sales Associate,56.473684210526315
210,Retail Sales Associate,69.0
215,Retail Sales Associate,75.94736842105263
220,Retail Sales Associate,70.3157894736842
222,Retail Sales Associate,58.36842105263158
229,Retail Sales Associate,58.78947368421053
235,Retail Sales Associate,45.0
243,Retail Sales Associate,75.10526315789474
244,Retail Sales Associate,68.94736842105263
252,Retail Sales Associate,43.63157894736842
254,Retail Sales Associate,49.94736842105263
266,Retail Sales Associate,57.8421052631579
272,Retail Sales Associate,69.63157894736842
278,Retail Sales Associate,31.157894736842106
279,Retail Sales Associate,63.26315789473684
283,Retail Sales Associate,57.8421052631579
292,Retail Sales Associate,50.89473684210526
314,Retail Sales Associate,60.31578947368421
325,Retail Sales Associate,41.10526315789474
327,Retail Sales Associate,34.05263157894737
329,Retail Sales Associate,65.15789473684211
333,Retail Sales Associate,70.63157894736842
34,Retail Sales Associate,38.526315789473685
349,Retail Sales Associate,61.578947368421055
372,Retail Sales Associate,77.78947368421052
373,Retail Sales Associate,66.78947368421052
387,Retail Sales Associate,70.05263157894737
399,Retail Sales Associate,77.26315789473684
406,Retail Sales Associate,47.578947368421055
413,Retail Sales Associate,62.31578947368421
415,Retail Sales Associate,62.05263157894737
422,Retail Sales Associate,41.0
434,Retail Sales Associate,63.05263157894737
436,Retail Sales Associate,49.578947368421055
451,Retail Sales Associate,64.63157894736842
459,Retail Sales Associate,64.6842105263158
463,Retail Sales Associate,57.78947368421053
473,Retail Sales Associate,64.10526315789474
487,Retail Sales Associate,57.8421052631579
494,Retail Sales Associate,47.78947368421053
495,Retail Sales Associate,61.1578947368421
496,Retail Sales Associate,67.52631578947368
4,Retail Sales Associate,61.89473684210526
500,Retail Sales Associate,72.57894736842105
509,Retail Sales Associate,58.73684210526316
510,Retail Sales Associate,46.421052631578945
511,Retail Sales Associate,59.63157894736842
515,Retail Sales Associate,52.05263157894737
544,Retail Sales Associate,64.10526315789474
545,Retail Sales Associate,68.52631578947368
558,Retail Sales Associate,56.8421052631579
571,Retail Sales Associate,45.421052631578945
576,Retail Sales Associate,72.73684210526316
578,Retail Sales Associate,44.36842105263158
584,Retail Sales Associate,74.63157894736842
586,Retail Sales Associate,73.0
587,Retail Sales Associate,48.8421052631579
592,Retail Sales Associate,30.210526315789473
598,Retail Sales Associate,52.73684210526316
604,Retail Sales Associate,64.94736842105263
608,Retail Sales Associate,51.0
610,Retail Sales Associate,73.63157894736842
612,Retail Sales Associate,35.473684210526315
623,Retail Sales Associate,72.73684210526316
63,Retail Sales Associate,66.63157894736842
648,Retail Sales Associate,69.21052631578948
652,Retail Sales Associate,70.47368421052632
653,Retail Sales Associate,44.73684210526316
655,Retail Sales Associate,49.05263157894737
657,Retail Sales Associate,59.1578947368421
675,Retail Sales Associate,52.63157894736842
678,Retail Sales Associate,52.473684210526315
683,Retail Sales Associate,71.26315789473684
701,Retail Sales Associate,53.0
707,Retail Sales Associate,46.10526315789474
710,Retail Sales Associate,38.05263157894737
71,Retail Sales Associate,41.10526315789474
728,Retail Sales Associate,55.10526315789474
732,Retail Sales Associate,56.05263157894737
73,Retail Sales Associate,56.68421052631579
745,Retail Sales Associate,25.05263157894737
757,Retail Sales Associate,65.78947368421052
758,Retail Sales Associate,53.1578947368421
76,Retail Sales Associate,68.15789473684211
770,Retail Sales Associate,71.15789473684211
771,Retail Sales Associate,75.15789473684211
774,Retail Sales Associate,41.1578947368421
779,Retail Sales Associate,49.0
781,Retail Sales Associate,43.94736842105263
782,Retail Sales Associate,41.36842105263158
791,Retail Sales Associate,51.94736842105263
797,Retail Sales Associate,77.15789473684211
802,Retail Sales Associate,52.0
804,Retail Sales Associate,50.1578947368421
805,Retail Sales Associate,52.526315789473685
809,Retail Sales Associate,65.15789473684211
812,Retail Sales Associate,77.94736842105263
81,Retail Sales Associate,73.89473684210526
829,Retail Sales Associate,36.473684210526315
830,Retail Sales Associate,58.05263157894737
841,Retail Sales Associate,62.526315789473685
848,Retail Sales Associate,33.10526315789474
860,Retail Sales Associate,48.26315789473684
863,Retail Sales Associate,74.47368421052632
865,Retail Sales Associate,71.52631578947368
867,Retail Sales Associate,54.89473684210526
868,Retail Sales Associate,71.0
879,Retail Sales Associate,74.3157894736842
895,Retail Sales Associate,71.42105263157895
903,Retail Sales Associate,66.36842105263158
907,Retail Sales Associate,61.05263157894737
90,Retail Sales Associate,63.78947368421053
912,Retail Sales Associate,50.63157894736842
913,Retail Sales Associate,61.526315789473685
916,Retail Sales Associate,43.8421052631579
930,Retail Sales Associate,58.73684210526316
933,Retail Sales Associate,73.94736842105263
935,Retail Sales Associate,47.26315789473684
963,Retail Sales Associate,64.15789473684211
995,Retail Sales Associate,61.31578947368421
998,Retail Sales Associate,69.52631578947368
99,Retail Sales Associate,84.76470588235294
999,Retail Sales Associate,55.88235294117647
101,Retail Sales Associate,63.35294117647059
107,Retail Sales Associate,54.88235294117647
108,Retail Sales Associate,81.6470588235294
124,Retail Sales Associate,38.1764705882353
132,Retail Sales Associate,78.3529411764706
148,Retail Sales Associate,41.11764705882353
150,Retail Sales Associate,62.529411764705884
155,Retail Sales Associate,63.529411764705884
158,Retail Sales Associate,66.88235294117646
159,Retail Sales Associate,45.94117647058823
162,Retail Sales Associate,38.529411764705884
167,Retail Sales Associate,80.88235294117646
169,Retail Sales Associate,65.3529411764706
174,Retail Sales Associate,50.94117647058823
176,Retail Sales Associate,51.0
183,Retail Sales Associate,77.29411764705883
185,Retail Sales Associate,69.6470588235294
187,Retail Sales Associate,75.58823529411765
190,Retail Sales Associate,81.0
197,Retail Sales Associate,79.76470588235294
205,Retail Sales Associate,80.6470588235294
206,Retail Sales Associate,73.3529411764706
228,Retail Sales Associate,48.88235294117647
237,Retail Sales Associate,67.41176470588235
240,Retail Sales Associate,73.52941176470588
270,Retail Sales Associate,84.52941176470588
273,Retail Sales Associate,54.529411764705884
281,Retail Sales Associate,48.23529411764706
294,Retail Sales Associate,62.23529411764706
298,Retail Sales Associate,43.64705882352941
300,Retail Sales Associate,70.70588235294117
305,Retail Sales Associate,56.529411764705884
311,Retail Sales Associate,77.17647058823529
322,Retail Sales Associate,63.05882352941177
336,Retail Sales Associate,56.588235294117645
344,Retail Sales Associate,65.17647058823529
347,Retail Sales Associate,72.29411764705883
348,Retail Sales Associate,60.8235294117647
364,Retail Sales Associate,79.41176470588235
369,Retail Sales Associate,70.11764705882354
374,Retail Sales Associate,60.23529411764706
378,Retail Sales Associate,79.0
385,Retail Sales Associate,39.94117647058823
39,Retail Sales Associate,55.94117647058823
408,Retail Sales Associate,67.29411764705883
412,Retail Sales Associate,81.70588235294117
427,Retail Sales Associate,63.35294117647059
433,Retail Sales Associate,81.23529411764706
438,Retail Sales Associate,83.82352941176471
440,Retail Sales Associate,67.11764705882354
445,Retail Sales Associate,43.0
45,Retail Sales Associate,75.70588235294117
465,Retail Sales Associate,48.411764705882355
466,Retail Sales Associate,64.41176470588235
467,Retail Sales Associate,57.588235294117645
477,Retail Sales Associate,71.6470588235294
480,Retail Sales Associate,79.05882352941177
485,Retail Sales Associate,55.588235294117645
48,Retail Sales Associate,68.70588235294117
493,Retail Sales Associate,66.3529411764706
497,Retail Sales Associate,49.94117647058823
501,Retail Sales Associate,71.82352941176471
502,Retail Sales Associate,47.11764705882353
50,Retail Sales Associate,82.47058823529412
512,Retail Sales Associate,49.8235294117647
526,Retail Sales Associate,74.94117647058823
527,Retail Sales Associate,60.0
535,Retail Sales Associate,63.8235294117647
53,Retail Sales Associate,52.0
548,Retail Sales Associate,74.41176470588235
556,Retail Sales Associate,78.17647058823529
559,Retail Sales Associate,73.6470588235294
561,Retail Sales Associate,69.29411764705883
562,Retail Sales Associate,39.529411764705884
568,Retail Sales Associate,77.70588235294117
579,Retail Sales Associate,57.94117647058823
581,Retail Sales Associate,72.3529411764706
590,Retail Sales Associate,52.76470588235294
594,Retail Sales Associate,65.88235294117646
606,Retail Sales Associate,61.05882352941177
607,Retail Sales Associate,71.29411764705883
651,Retail Sales Associate,73.05882352941177
654,Retail Sales Associate,71.70588235294117
65,Retail Sales Associate,62.11764705882353
673,Retail Sales Associate,56.94117647058823
677,Retail Sales Associate,45.411764705882355
682,Retail Sales Associate,55.705882352941174
687,Retail Sales Associate,63.8235294117647
694,Retail Sales Associate,41.35294117647059
70,Retail Sales Associate,75.88235294117646
715,Retail Sales Associate,52.23529411764706
733,Retail Sales Associate,78.47058823529412
737,Retail Sales Associate,81.52941176470588
741,Retail Sales Associate,79.47058823529412
744,Retail Sales Associate,58.88235294117647
754,Retail Sales Associate,68.05882352941177
761,Retail Sales Associate,81.70588235294117
763,Retail Sales Associate,47.88235294117647
764,Retail Sales Associate,38.11764705882353
776,Retail Sales Associate,52.294117647058826
777,Retail Sales Associate,57.1764705882353
778,Retail Sales Associate,40.470588235294116
786,Retail Sales Associate,60.64705882352941
78,Retail Sales Associate,66.23529411764706
792,Retail Sales Associate,49.1764705882353
803,Retail Sales Associate,64.76470588235294
827,Retail Sales Associate,61.23529411764706
82,Retail Sales Associate,68.52941176470588
839,Retail Sales Associate,67.47058823529412
850,Retail Sales Associate,57.64705882352941
851,Retail Sales Associate,46.88235294117647
864,Retail Sales Associate,71.6470588235294
873,Retail Sales Associate,78.70588235294117
888,Retail Sales Associate,77.70588235294117
890,Retail Sales Associate,77.17647058823529
915,Retail Sales Associate,46.11764705882353
924,Retail Sales Associate,76.3529411764706
929,Retail Sales Associate,44.11764705882353
934,Retail Sales Associate,85.29411764705883
936,Retail Sales Associate,69.3529411764706
938,Retail Sales Associate,77.70588235294117
93,Retail Sales Associate,75.52941176470588
939,Retail Sales Associate,72.94117647058823
949,Retail Sales Associate,77.41176470588235
952,Retail Sales Associate,52.88235294117647
954,Retail Sales Associate,74.11764705882354
964,Retail Sales Associate,71.94117647058823
968,Retail Sales Associate,51.0
96,Retail Sales Associate,83.94117647058823
971,Retail Sales Associate,44.705882352941174
972,Retail Sales Associate,63.529411764705884
979,Retail Sales Associate,41.11764705882353
986,Retail Sales Associate,63.294117647058826
994,Retail Sales Associate,86.29411764705883
0,Risk Analyst,70.47058823529412
1001,Risk Analyst,70.3125
105,Risk Analyst,42.23529411764706
106,Risk Analyst,54.64705882352941
10,Risk Analyst,65.05882352941177
111,Risk Analyst,40.411764705882355
114,Risk Analyst,67.0
117,Risk Analyst,64.58823529411765
121,Risk Analyst,59.411764705882355
127,Risk Analyst,54.588235294117645
13,Risk Analyst,65.0
15,Risk Analyst,52.529411764705884
160,Risk Analyst,44.88235294117647
166,Risk Analyst,62.625
172,Risk Analyst,56.25
17,Risk Analyst,48.294117647058826
181,Risk Analyst,52.8235294117647
18,Risk Analyst,57.23529411764706
195,Risk Analyst,43.35294117647059
196,Risk Analyst,61.5
19,Risk Analyst,46.705882352941174
216,Risk Analyst,52.705882352941174
21,Risk Analyst,52.8235294117647
219,Risk Analyst,41.470588235294116
221,Risk Analyst,41.411764705882355
223,Risk Analyst,54.05882352941177
226,Risk Analyst,59.5
236,Risk Analyst,61.294117647058826
248,Risk Analyst,50.11764705882353
257,Risk Analyst,59.470588235294116
258,Risk Analyst,43.375
269,Risk Analyst,56.588235294117645
271,Risk Analyst,35.88235294117647
280,Risk Analyst,40.5
29,Risk Analyst,56.588235294117645
337,Risk Analyst,62.64705882352941
340,Risk Analyst,56.588235294117645
351,Risk Analyst,67.375
353,Risk Analyst,51.470588235294116
35,Risk Analyst,69.5625
365,Risk Analyst,67.17647058823529
366,Risk Analyst,58.529411764705884
367,Risk Analyst,58.35294117647059
371,Risk Analyst,68.875
380,Risk Analyst,45.0
383,Risk Analyst,64.29411764705883
384,Risk Analyst,48.8235294117647
411,Risk Analyst,65.3529411764706
420,Risk Analyst,67.125
426,Risk Analyst,27.58823529411765
432,Risk Analyst,62.3125
435,Risk Analyst,59.94117647058823
443,Risk Analyst,52.625
444,Risk Analyst,59.470588235294116
476,Risk Analyst,54.411764705882355
478,Risk Analyst,57.11764705882353
481,Risk Analyst,71.6875
483,Risk Analyst,50.8235294117647
486,Risk Analyst,53.8235294117647
489,Risk Analyst,45.1764705882353
499,Risk Analyst,57.411764705882355
503,Risk Analyst,62.529411764705884
504,Risk Analyst,64.52941176470588
507,Risk Analyst,67.05882352941177
521,Risk Analyst,68.11764705882354
532,Risk Analyst,62.11764705882353
533,Risk Analyst,55.88235294117647
539,Risk Analyst,41.23529411764706
557,Risk Analyst,43.705882352941174
560,Risk Analyst,59.76470588235294
564,Risk Analyst,50.76470588235294
569,Risk Analyst,60.11764705882353
574,Risk Analyst,50.76470588235294
583,Risk Analyst,51.294117647058826
588,Risk Analyst,49.05882352941177
593,Risk Analyst,63.8125
605,Risk Analyst,55.705882352941174
626,Risk Analyst,66.29411764705883
629,Risk Analyst,58.9375
632,Risk Analyst,70.23529411764706
635,Risk Analyst,42.5625
642,Risk Analyst,69.375
644,Risk Analyst,61.75
645,Risk Analyst,63.529411764705884
660,Risk Analyst,75.94117647058823
662,Risk Analyst,53.94117647058823
663,Risk Analyst,58.35294117647059
664,Risk Analyst,60.411764705882355
676,Risk Analyst,62.294117647058826
67,Risk Analyst,62.705882352941174
688,Risk Analyst,65.70588235294117
696,Risk Analyst,47.88235294117647
697,Risk Analyst,56.875
698,Risk Analyst,52.125
700,Risk Analyst,63.35294117647059
703,Risk Analyst,49.8235294117647
714,Risk Analyst,62.588235294117645
730,Risk Analyst,57.0
735,Risk Analyst,56.1875
740,Risk Analyst,60.1764705882353
748,Risk Analyst,61.529411764705884
74,Risk Analyst,58.05882352941177
767,Risk Analyst,41.3125
775,Risk Analyst,50.75
784,Risk Analyst,53.705882352941174
787,Risk Analyst,60.35294117647059
795,Risk Analyst,51.705882352941174
800,Risk Analyst,63.3125
801,Risk Analyst,42.94117647058823
806,Risk Analyst,46.125
811,Risk Analyst,72.3529411764706
813,Risk Analyst,43.529411764705884
815,Risk Analyst,59.705882352941174
85,Risk Analyst,58.23529411764706
861,Risk Analyst,64.4375
866,Risk Analyst,65.29411764705883
86,Risk Analyst,33.588235294117645
871,Risk Analyst,67.3529411764706
874,Risk Analyst,65.41176470588235
87,Risk Analyst,70.82352941176471
883,Risk Analyst,49.0
884,Risk Analyst,58.64705882352941
898,Risk Analyst,55.588235294117645
910,Risk Analyst,52.294117647058826
914,Risk Analyst,53.64705882352941
91,Risk Analyst,66.76470588235294
920,Risk Analyst,60.411764705882355
925,Risk Analyst,58.23529411764706
931,Risk Analyst,51.05882352941177
937,Risk Analyst,61.1764705882353
944,Risk Analyst,75.6470588235294
965,Risk Analyst,57.88235294117647
975,Risk Analyst,72.23529411764706
977,Risk Analyst,58.0
980,Risk Analyst,75.41176470588235
982,Risk Analyst,58.294117647058826
991,Risk Analyst,40.8235294117647
9,Risk Analyst,51.57142857142857
103,Risk Analyst,45.19047619047619
115,Risk Analyst,75.47619047619048
122,Risk Analyst,59.857142857142854
133,Risk Analyst,61.95238095238095
134,Risk Analyst,53.95238095238095
139,Risk Analyst,72.42857142857143
141,Risk Analyst,49.95238095238095
142,Risk Analyst,55.285714285714285
145,Risk Analyst,57.095238095238095
14,Risk Analyst,44.714285714285715
161,Risk Analyst,60.333333333333336
194,Risk Analyst,48.476190476190474
198,Risk Analyst,47.285714285714285
202,Risk Analyst,52.904761904761905
212,Risk Analyst,49.42857142857143
227,Risk Analyst,52.333333333333336
22,Risk Analyst,61.285714285714285
246,Risk Analyst,50.0
24,Risk Analyst,56.80952380952381
276,Risk Analyst,65.47619047619048
277,Risk Analyst,51.42857142857143
27,Risk Analyst,64.14285714285714
282,Risk Analyst,70.80952380952381
287,Risk Analyst,65.14285714285714
288,Risk Analyst,49.19047619047619
28,Risk Analyst,49.523809523809526
295,Risk Analyst,55.333333333333336
299,Risk Analyst,65.42857142857143
302,Risk Analyst,47.857142857142854
304,Risk Analyst,26.285714285714285
312,Risk Analyst,65.85714285714286
315,Risk Analyst,46.523809523809526
317,Risk Analyst,54.142857142857146
31,Risk Analyst,56.04761904761905
323,Risk Analyst,47.857142857142854
324,Risk Analyst,54.095238095238095
332,Risk Analyst,66.61904761904762
339,Risk Analyst,68.0
341,Risk Analyst,48.857142857142854
346,Risk Analyst,62.523809523809526
350,Risk Analyst,39.76190476190476
360,Risk Analyst,68.66666666666667
363,Risk Analyst,61.42857142857143
370,Risk Analyst,36.57142857142857
376,Risk Analyst,56.61904761904762
398,Risk Analyst,58.61904761904762
409,Risk Analyst,45.714285714285715
410,Risk Analyst,60.0
416,Risk Analyst,67.47619047619048
42,Risk Analyst,58.0
441,Risk Analyst,13.047619047619047
44,Risk Analyst,36.904761904761905
454,Risk Analyst,56.80952380952381
455,Risk Analyst,50.0
461,Risk Analyst,50.76190476190476
462,Risk Analyst,56.61904761904762
464,Risk Analyst,66.42857142857143
471,Risk Analyst,52.333333333333336
475,Risk Analyst,55.04761904761905
484,Risk Analyst,69.0952380952381
491,Risk Analyst,58.04761904761905
506,Risk Analyst,62.95238095238095
517,Risk Analyst,39.285714285714285
518,Risk Analyst,49.80952380952381
51,Risk Analyst,60.19047619047619
529,Risk Analyst,46.095238095238095
537,Risk Analyst,51.76190476190476
540,Risk Analyst,50.904761904761905
542,Risk Analyst,47.333333333333336
547,Risk Analyst,67.0
549,Risk Analyst,57.0
553,Risk Analyst,63.523809523809526
554,Risk Analyst,39.23809523809524
55,Risk Analyst,47.714285714285715
580,Risk Analyst,57.523809523809526
585,Risk Analyst,60.80952380952381
599,Risk Analyst,47.57142857142857
600,Risk Analyst,46.095238095238095
609,Risk Analyst,59.61904761904762
613,Risk Analyst,38.61904761904762
616,Risk Analyst,42.80952380952381
621,Risk Analyst,54.04761904761905
625,Risk Analyst,57.285714285714285
634,Risk Analyst,48.857142857142854
641,Risk Analyst,59.285714285714285
646,Risk Analyst,38.523809523809526
650,Risk Analyst,51.76190476190476
658,Risk Analyst,51.476190476190474
66,Risk Analyst,56.23809523809524
671,Risk Analyst,55.904761904761905
679,Risk Analyst,54.76190476190476
693,Risk Analyst,54.04761904761905
706,Risk Analyst,68.71428571428571
711,Risk Analyst,61.285714285714285
718,Risk Analyst,55.76190476190476
738,Risk Analyst,48.095238095238095
753,Risk Analyst,42.76190476190476
755,Risk Analyst,38.714285714285715
75,Risk Analyst,42.04761904761905
762,Risk Analyst,55.333333333333336
766,Risk Analyst,66.19047619047619
77,Risk Analyst,71.38095238095238
783,Risk Analyst,41.476190476190474
789,Risk Analyst,52.904761904761905
810,Risk Analyst,52.80952380952381
814,Risk Analyst,63.19047619047619
817,Risk Analyst,59.61904761904762
822,Risk Analyst,54.476190476190474
824,Risk Analyst,68.80952380952381
832,Risk Analyst,44.142857142857146
83,Risk Analyst,61.666666666666664
846,Risk Analyst,55.0
853,Risk Analyst,46.23809523809524
855,Risk Analyst,47.95238095238095
875,Risk Analyst,23.285714285714285
880,Risk Analyst,71.76190476190476
892,Risk Analyst,63.95238095238095
8,Risk Analyst,55.19047619047619
89,Risk Analyst,60.04761904761905
899,Risk Analyst,40.57142857142857
908,Risk Analyst,43.61904761904762
921,Risk Analyst,54.904761904761905
923,Risk Analyst,50.95238095238095
932,Risk Analyst,57.42857142857143
946,Risk Analyst,59.61904761904762
957,Risk Analyst,60.23809523809524
960,Risk Analyst,47.285714285714285
969,Risk Analyst,72.28571428571429
978,Risk Analyst,60.904761904761905
981,Risk Analyst,60.38095238095238
983,Risk Analyst,57.19047619047619
985,Risk Analyst,53.42857142857143
987,Risk Analyst,35.476190476190474
98,Risk Analyst,57.523809523809526
990,Risk Analyst,58.0
1002,Risk Analyst,38.13333333333333
100,Risk Analyst,34.2
116,Risk Analyst,72.93333333333334
136,Risk Analyst,28.533333333333335
137,Risk Analyst,67.86666666666666
147,Risk Analyst,64.66666666666667
149,Risk Analyst,43.4
154,Risk Analyst,50.4
16,Risk Analyst,38.785714285714285
179,Risk Analyst,38.0
180,Risk Analyst,53.53333333333333
188,Risk Analyst,66.6
189,Risk Analyst,61.266666666666666
200,Risk Analyst,68.8
201,Risk Analyst,51.86666666666667
204,Risk Analyst,61.714285714285715
208,Risk Analyst,41.13333333333333
211,Risk Analyst,56.46666666666667
224,Risk Analyst,51.92857142857143
232,Risk Analyst,76.73333333333333
233,Risk Analyst,65.2
253,Risk Analyst,52.4
255,Risk Analyst,33.142857142857146
25,Risk Analyst,28.2
259,Risk Analyst,32.92307692307692
264,Risk Analyst,75.0
267,Risk Analyst,34.42857142857143
26,Risk Analyst,53.53333333333333
274,Risk Analyst,33.142857142857146
296,Risk Analyst,43.0
2,Risk Analyst,75.06666666666666
307,Risk Analyst,37.266666666666666
308,Risk Analyst,48.07142857142857
313,Risk Analyst,54.733333333333334
334,Risk Analyst,56.53333333333333
33,Risk Analyst,43.266666666666666
354,Risk Analyst,37.2
379,Risk Analyst,34.666666666666664
386,Risk Analyst,63.86666666666667
38,Risk Analyst,42.8
395,Risk Analyst,37.333333333333336
3,Risk Analyst,38.53333333333333
401,Risk Analyst,40.8
403,Risk Analyst,48.13333333333333
407,Risk Analyst,53.733333333333334
421,Risk Analyst,40.733333333333334
423,Risk Analyst,55.714285714285715
425,Risk Analyst,45.266666666666666
442,Risk Analyst,37.4
447,Risk Analyst,55.8
449,Risk Analyst,41.53333333333333
450,Risk Analyst,51.57142857142857
453,Risk Analyst,31.857142857142858
458,Risk Analyst,63.642857142857146
47,Risk Analyst,67.73333333333333
490,Risk Analyst,38.666666666666664
49,Risk Analyst,66.07142857142857
525,Risk Analyst,48.666666666666664
530,Risk Analyst,73.53333333333333
538,Risk Analyst,33.0
543,Risk Analyst,56.0
565,Risk Analyst,28.2
567,Risk Analyst,53.666666666666664
582,Risk Analyst,47.2
589,Risk Analyst,53.285714285714285
597,Risk Analyst,55.93333333333333
602,Risk Analyst,39.06666666666667
603,Risk Analyst,65.57142857142857
620,Risk Analyst,47.857142857142854
622,Risk Analyst,39.92307692307692
624,Risk Analyst,71.28571428571429
636,Risk Analyst,38.714285714285715
637,Risk Analyst,26.53846153846154
639,Risk Analyst,35.285714285714285
640,Risk Analyst,58.285714285714285
643,Risk Analyst,38.4
656,Risk Analyst,56.53333333333333
661,Risk Analyst,62.8
665,Risk Analyst,48.357142857142854
666,Risk Analyst,34.8
691,Risk Analyst,42.13333333333333
6,Risk Analyst,35.07142857142857
69,Risk Analyst,55.93333333333333
705,Risk Analyst,57.06666666666667
708,Risk Analyst,51.0
712,Risk Analyst,53.06666666666667
716,Risk Analyst,57.266666666666666
719,Risk Analyst,48.61538461538461
722,Risk Analyst,54.285714285714285
726,Risk Analyst,59.666666666666664
727,Risk Analyst,31.153846153846153
729,Risk Analyst,34.46666666666667
736,Risk Analyst,63.57142857142857
747,Risk Analyst,37.857142857142854
749,Risk Analyst,39.0
750,Risk Analyst,58.733333333333334
773,Risk Analyst,45.2
790,Risk Analyst,45.93333333333333
79,Risk Analyst,51.4
799,Risk Analyst,44.86666666666667
807,Risk Analyst,56.714285714285715
808,Risk Analyst,40.6
819,Risk Analyst,54.57142857142857
820,Risk Analyst,54.0
823,Risk Analyst,82.2
825,Risk Analyst,72.71428571428571
828,Risk Analyst,38.42857142857143
831,Risk Analyst,71.8
833,Risk Analyst,44.714285714285715
835,Risk Analyst,67.13333333333334
836,Risk Analyst,71.26666666666667
840,Risk Analyst,34.53333333333333
845,Risk Analyst,63.86666666666667
852,Risk Analyst,58.333333333333336
854,Risk Analyst,60.733333333333334
859,Risk Analyst,36.285714285714285
862,Risk Analyst,53.142857142857146
869,Risk Analyst,37.666666666666664
876,Risk Analyst,45.4
885,Risk Analyst,40.46666666666667
886,Risk Analyst,47.5
894,Risk Analyst,48.6
897,Risk Analyst,41.53333333333333
902,Risk Analyst,39.57142857142857
911,Risk Analyst,55.53333333333333
926,Risk Analyst,67.66666666666667
92,Risk Analyst,54.666666666666664
942,Risk Analyst,71.26666666666667
951,Risk Analyst,51.57142857142857
958,Risk Analyst,50.4
959,Risk Analyst,57.0
961,Risk Analyst,38.0
962,Risk Analyst,43.13333333333333
966,Risk Analyst,54.6
973,Risk Analyst,55.86666666666667
988,Risk Analyst,48.142857142857146
997,Risk Analyst,65.0
102,Risk Analyst,52.9
110,Risk Analyst,65.0
120,Risk Analyst,41.6
129,Risk Analyst,66.2
140,Risk Analyst,56.9
143,Risk Analyst,65.5
152,Risk Analyst,69.7
153,Risk Analyst,72.7
175,Risk Analyst,70.0
182,Risk Analyst,53.6
186,Risk Analyst,56.6
191,Risk Analyst,71.0
192,Risk Analyst,57.6
1,Risk Analyst,54.4
203,Risk Analyst,48.2
207,Risk Analyst,50.9
214,Risk Analyst,53.3
218,Risk Analyst,59.3
238,Risk Analyst,62.4
23,Risk Analyst,73.0
239,Risk Analyst,58.4
241,Risk Analyst,68.1
247,Risk Analyst,69.1
249,Risk Analyst,56.7
250,Risk Analyst,50.3
265,Risk Analyst,47.0
275,Risk Analyst,65.6
286,Risk Analyst,51.7
289,Risk Analyst,73.7
291,Risk Analyst,65.8
293,Risk Analyst,42.9
301,Risk Analyst,59.0
303,Risk Analyst,71.9
309,Risk Analyst,69.9
310,Risk Analyst,66.3
320,Risk Analyst,75.0
331,Risk Analyst,50.6
338,Risk Analyst,50.0
355,Risk Analyst,64.4
357,Risk Analyst,56.4
359,Risk Analyst,57.0
37,Risk Analyst,79.4
381,Risk Analyst,47.0
382,Risk Analyst,65.3
388,Risk Analyst,49.5
391,Risk Analyst,45.2
393,Risk Analyst,60.8
394,Risk Analyst,53.9
400,Risk Analyst,66.2
404,Risk Analyst,65.7
40,Risk Analyst,50.3
414,Risk Analyst,50.9
41,Risk Analyst,60.8
419,Risk Analyst,60.6
437,Risk Analyst,62.7
43,Risk Analyst,48.0
446,Risk Analyst,64.8
456,Risk Analyst,59.6
457,Risk Analyst,61.8
460,Risk Analyst,62.6
470,Risk Analyst,63.2
474,Risk Analyst,46.4
479,Risk Analyst,74.8
482,Risk Analyst,67.4
498,Risk Analyst,54.7
513,Risk Analyst,59.5
514,Risk Analyst,46.1
516,Risk Analyst,55.6
520,Risk Analyst,77.2
523,Risk Analyst,66.6
528,Risk Analyst,62.5
536,Risk Analyst,74.8
550,Risk Analyst,54.5
555,Risk Analyst,61.7
563,Risk Analyst,70.4
570,Risk Analyst,63.3
572,Risk Analyst,55.9
573,Risk Analyst,56.8
57,Risk Analyst,58.8
591,Risk Analyst,70.2
595,Risk Analyst,67.8
596,Risk Analyst,57.4
5,Risk Analyst,45.5
601,Risk Analyst,70.0
614,Risk Analyst,49.5
62,Risk Analyst,61.5
647,Risk Analyst,58.5
64,Risk Analyst,63.3
669,Risk Analyst,52.6
670,Risk Analyst,45.6
680,Risk Analyst,68.4
681,Risk Analyst,65.8
685,Risk Analyst,58.6
690,Risk Analyst,62.8
713,Risk Analyst,61.2
725,Risk Analyst,43.1
739,Risk Analyst,58.5
742,Risk Analyst,50.7
751,Risk Analyst,43.1
752,Risk Analyst,65.5
756,Risk Analyst,53.0
765,Risk Analyst,69.7
769,Risk Analyst,65.8
772,Risk Analyst,67.4
780,Risk Analyst,57.3
796,Risk Analyst,62.2
818,Risk Analyst,43.0
826,Risk Analyst,62.7
837,Risk Analyst,56.8
838,Risk Analyst,68.8
842,Risk Analyst,61.1
847,Risk Analyst,56.0
84,Risk Analyst,48.7
849,Risk Analyst,51.3
856,Risk Analyst,59.6
858,Risk Analyst,46.3
877,Risk Analyst,68.8
878,Risk Analyst,69.5
882,Risk Analyst,53.1
891,Risk Analyst,56.8
896,Risk Analyst,64.9
900,Risk Analyst,64.6
901,Risk Analyst,58.0
904,Risk Analyst,65.1
905,Risk Analyst,49.4
909,Risk Analyst,63.2
927,Risk Analyst,65.9
943,Risk Analyst,59.6
945,Risk Analyst,57.7
948,Risk Analyst,73.3
94,Risk Analyst,45.3
953,Risk Analyst,75.6
955,Risk Analyst,43.7
956,Risk Analyst,66.9
974,Risk Analyst,50.2
976,Risk Analyst,58.1
984,Risk Analyst,56.6
104,Risk Analyst,48.6875
112,Risk Analyst,35.125
118,Risk Analyst,54.875
119,Risk Analyst,14.375
123,Risk Analyst,48.0
12,Risk Analyst,49.4375
131,Risk Analyst,62.0625
157,Risk Analyst,57.625
164,Risk Analyst,50.375
165,Risk Analyst,32.8125
178,Risk Analyst,56.9375
184,Risk Analyst,40.6875
199,Risk Analyst,29.0
209,Risk Analyst,47.3125
210,Risk Analyst,49.75
215,Risk Analyst,33.5
220,Risk Analyst,43.625
222,Risk Analyst,67.0625
229,Risk Analyst,60.0
235,Risk Analyst,49.8125
243,Risk Analyst,38.1875
244,Risk Analyst,55.4375
252,Risk Analyst,62.4375
254,Risk Analyst,34.25
266,Risk Analyst,30.3125
272,Risk Analyst,48.8125
278,Risk Analyst,48.5625
279,Risk Analyst,71.0625
283,Risk Analyst,25.5
292,Risk Analyst,57.25
314,Risk Analyst,61.125
325,Risk Analyst,67.4375
327,Risk Analyst,40.6875
329,Risk Analyst,48.3125
333,Risk Analyst,50.25
34,Risk Analyst,49.1875
349,Risk Analyst,46.5625
372,Risk Analyst,42.5
373,Risk Analyst,57.125
387,Risk Analyst,46.6875
399,Risk Analyst,35.25
406,Risk Analyst,56.375
413,Risk Analyst,35.9375
415,Risk Analyst,57.8125
422,Risk Analyst,68.8125
434,Risk Analyst,44.625
436,Risk Analyst,66.25
451,Risk Analyst,40.1875
459,Risk Analyst,35.375
463,Risk Analyst,72.625
473,Risk Analyst,61.8125
487,Risk Analyst,46.125
494,Risk Analyst,72.0
495,Risk Analyst,41.0625
496,Risk Analyst,34.8125
4,Risk Analyst,57.6875
500,Risk Analyst,64.75
509,Risk Analyst,51.125
510,Risk Analyst,43.5
511,Risk Analyst,66.25
515,Risk Analyst,59.625
544,Risk Analyst,32.375
545,Risk Analyst,29.5
558,Risk Analyst,35.3125
571,Risk Analyst,57.375
576,Risk Analyst,65.0
578,Risk Analyst,38.8125
584,Risk Analyst,48.75
586,Risk Analyst,34.1875
587,Risk Analyst,62.1875
592,Risk Analyst,67.6875
598,Risk Analyst,35.75
604,Risk Analyst,55.875
608,Risk Analyst,69.3125
610,Risk Analyst,45.1875
612,Risk Analyst,22.125
623,Risk Analyst,43.6875
63,Risk Analyst,61.3125
648,Risk Analyst,46.1875
652,Risk Analyst,42.875
653,Risk Analyst,34.25
655,Risk Analyst,57.6875
657,Risk Analyst,47.6875
675,Risk Analyst,67.0625
678,Risk Analyst,69.125
683,Risk Analyst,54.9375
701,Risk Analyst,64.0625
707,Risk Analyst,55.625
710,Risk Analyst,62.0625
71,Risk Analyst,43.5
728,Risk Analyst,66.5625
732,Risk Analyst,25.8125
73,Risk Analyst,55.8125
745,Risk Analyst,62.25
757,Risk Analyst,64.1875
758,Risk Analyst,51.25
76,Risk Analyst,51.625
770,Risk Analyst,39.75
771,Risk Analyst,45.9375
774,Risk Analyst,25.5
779,Risk Analyst,64.125
781,Risk Analyst,70.875
782,Risk Analyst,47.875
791,Risk Analyst,48.625
797,Risk Analyst,31.9375
802,Risk Analyst,48.5
804,Risk Analyst,59.75
805,Risk Analyst,65.375
809,Risk Analyst,57.875
812,Risk Analyst,54.5625
81,Risk Analyst,47.3125
829,Risk Analyst,72.5
830,Risk Analyst,58.125
841,Risk Analyst,50.75
848,Risk Analyst,63.5
860,Risk Analyst,46.3125
863,Risk Analyst,30.125
865,Risk Analyst,33.6875
867,Risk Analyst,33.375
868,Risk Analyst,42.6875
879,Risk Analyst,69.1875
895,Risk Analyst,40.125
903,Risk Analyst,59.4375
907,Risk Analyst,47.25
90,Risk Analyst,34.75
912,Risk Analyst,33.1875
913,Risk Analyst,48.625
916,Risk Analyst,54.3125
930,Risk Analyst,62.25
933,Risk Analyst,48.4375
935,Risk Analyst,56.0
963,Risk Analyst,49.5
995,Risk Analyst,24.3125
998,Risk Analyst,54.75
99,Risk Analyst,45.625
999,Risk Analyst,66.0
101,Risk Analyst,72.5625
107,Risk Analyst,54.6875
108,Risk Analyst,56.375
124,Risk Analyst,78.0625
132,Risk Analyst,51.4375
148,Risk Analyst,73.375
150,Risk Analyst,64.125
155,Risk Analyst,70.5
158,Risk Analyst,56.875
159,Risk Analyst,52.1875
162,Risk Analyst,76.5625
167,Risk Analyst,60.9375
169,Risk Analyst,52.375
174,Risk Analyst,47.75
176,Risk Analyst,61.0625
183,Risk Analyst,73.5625
185,Risk Analyst,76.1875
187,Risk Analyst,53.125
190,Risk Analyst,65.1875
197,Risk Analyst,54.375
205,Risk Analyst,60.0
206,Risk Analyst,46.5625
228,Risk Analyst,48.4375
237,Risk Analyst,57.1875
240,Risk Analyst,64.9375
270,Risk Analyst,66.0
273,Risk Analyst,77.0
281,Risk Analyst,52.4375
294,Risk Analyst,60.5
298,Risk Analyst,64.0625
300,Risk Analyst,50.9375
305,Risk Analyst,59.9375
311,Risk Analyst,44.0625
322,Risk Analyst,64.125
336,Risk Analyst,65.0625
344,Risk Analyst,63.75
347,Risk Analyst,70.8125
348,Risk Analyst,68.125
364,Risk Analyst,57.9375
369,Risk Analyst,74.6875
374,Risk Analyst,63.75
378,Risk Analyst,49.25
385,Risk Analyst,59.0625
39,Risk Analyst,76.0
408,Risk Analyst,46.0
412,Risk Analyst,66.5625
427,Risk Analyst,71.6875
433,Risk Analyst,60.5
438,Risk Analyst,56.875
440,Risk Analyst,44.1875
445,Risk Analyst,74.875
45,Risk Analyst,68.375
465,Risk Analyst,44.875
466,Risk Analyst,72.375
467,Risk Analyst,52.5625
477,Risk Analyst,62.8125
480,Risk Analyst,71.125
485,Risk Analyst,45.5625
48,Risk Analyst,55.25
493,Risk Analyst,57.4375
497,Risk Analyst,73.125
501,Risk Analyst,58.5625
502,Risk Analyst,55.3125
50,Risk Analyst,60.3125
512,Risk Analyst,60.6875
526,Risk Analyst,67.6875
527,Risk Analyst,33.5
535,Risk Analyst,69.9375
53,Risk Analyst,42.5625
548,Risk Analyst,45.9375
556,Risk Analyst,58.3125
559,Risk Analyst,57.5
561,Risk Analyst,69.4375
562,Risk Analyst,74.125
568,Risk Analyst,55.3125
579,Risk Analyst,60.625
581,Risk Analyst,57.1875
590,Risk Analyst,70.8125
594,Risk Analyst,48.0
606,Risk Analyst,71.6875
607,Risk Analyst,48.0
651,Risk Analyst,63.6875
654,Risk Analyst,68.75
65,Risk Analyst,40.5625
673,Risk Analyst,63.3125
677,Risk Analyst,44.0
682,Risk Analyst,46.0625
687,Risk Analyst,75.1875
694,Risk Analyst,69.1875
70,Risk Analyst,51.0
715,Risk Analyst,62.1875
733,Risk Analyst,66.6875
737,Risk Analyst,49.25
741,Risk Analyst,65.0625
744,Risk Analyst,78.3125
754,Risk Analyst,50.0625
761,Risk Analyst,63.0625
763,Risk Analyst,47.0625
764,Risk Analyst,69.5
776,Risk Analyst,53.0625
777,Risk Analyst,40.5625
778,Risk Analyst,59.4375
786,Risk Analyst,56.375
78,Risk Analyst,53.0
792,Risk Analyst,56.3125
803,Risk Analyst,59.1875
827,Risk Analyst,75.5625
82,Risk Analyst,72.75
839,Risk Analyst,47.3125
850,Risk Analyst,69.5625
851,Risk Analyst,57.25
864,Risk Analyst,55.3125
873,Risk Analyst,56.875
888,Risk Analyst,59.5625
890,Risk Analyst,47.4375
915,Risk Analyst,61.875
924,Risk Analyst,61.25
929,Risk Analyst,72.8125
934,Risk Analyst,67.1875
936,Risk Analyst,65.0625
938,Risk Analyst,64.375
93,Risk Analyst,62.75
939,Risk Analyst,68.9375
949,Risk Analyst,65.6875
952,Risk Analyst,46.3125
954,Risk Analyst,60.0
964,Risk Analyst,63.375
968,Risk Analyst,64.625
96,Risk Analyst,60.125
971,Risk Analyst,74.4375
972,Risk Analyst,74.9375
979,Risk Analyst,61.8125
986,Risk Analyst,74.4375
994,Risk Analyst,61.125
